/*!40101 SET @OLD_CHARACTER_SET_CLIENT=@@CHARACTER_SET_CLIENT */;
/*!40101 SET @OLD_CHARACTER_SET_RESULTS=@@CHARACTER_SET_RESULTS */;
/*!40101 SET @OLD_COLLATION_CONNECTION=@@COLLATION_CONNECTION */;
/*!40101 SET NAMES utf8mb4 */;
/*!40014 SET @OLD_UNIQUE_CHECKS=@@UNIQUE_CHECKS, UNIQUE_CHECKS=0 */;
/*!40014 SET @OLD_FOREIGN_KEY_CHECKS=@@FOREIGN_KEY_CHECKS, FOREIGN_KEY_CHECKS=0 */;
/*!40101 SET @OLD_SQL_MODE=@@SQL_MODE, SQL_MODE='NO_AUTO_VALUE_ON_ZERO' */;
/*!40111 SET @OLD_SQL_NOTES=@@SQL_NOTES, SQL_NOTES=0 */;

CREATE TABLE `activity_logs` (
  `id` bigint unsigned NOT NULL AUTO_INCREMENT,
  `branch_id` bigint unsigned NOT NULL,
  `user_id` bigint unsigned NOT NULL,
  `activity` varchar(255) COLLATE utf8mb4_unicode_ci NOT NULL,
  `description` varchar(255) COLLATE utf8mb4_unicode_ci DEFAULT NULL,
  `created_at` timestamp NULL DEFAULT NULL,
  `updated_at` timestamp NULL DEFAULT NULL,
  PRIMARY KEY (`id`)
) ENGINE=InnoDB AUTO_INCREMENT=499 DEFAULT CHARSET=utf8mb4 COLLATE=utf8mb4_unicode_ci;

CREATE TABLE `assigned_frontdesks` (
  `id` bigint unsigned NOT NULL AUTO_INCREMENT,
  `branch_id` bigint unsigned NOT NULL,
  `cash_drawer_id` bigint unsigned DEFAULT NULL,
  `user_id` bigint unsigned NOT NULL,
  `frontdesk_id` bigint unsigned NOT NULL,
  `shift` varchar(255) COLLATE utf8mb4_unicode_ci DEFAULT NULL,
  `created_at` timestamp NULL DEFAULT NULL,
  `updated_at` timestamp NULL DEFAULT NULL,
  PRIMARY KEY (`id`)
) ENGINE=InnoDB DEFAULT CHARSET=utf8mb4 COLLATE=utf8mb4_unicode_ci;

CREATE TABLE `branches` (
  `id` bigint unsigned NOT NULL AUTO_INCREMENT,
  `name` varchar(255) COLLATE utf8mb4_unicode_ci NOT NULL,
  `address` varchar(255) COLLATE utf8mb4_unicode_ci DEFAULT NULL,
  `autorization_code` varchar(255) COLLATE utf8mb4_unicode_ci DEFAULT NULL,
  `old_autorization` varchar(255) COLLATE utf8mb4_unicode_ci DEFAULT NULL,
  `extension_time_reset` int DEFAULT NULL,
  `initial_deposit` decimal(10,2) NOT NULL DEFAULT '200.00',
  `discount_enabled` tinyint(1) NOT NULL DEFAULT '1',
  `discount_amount` decimal(10,2) NOT NULL DEFAULT '50.00',
  `kiosk_time_limit` int NOT NULL DEFAULT '10',
  `created_at` timestamp NULL DEFAULT NULL,
  `updated_at` timestamp NULL DEFAULT NULL,
  PRIMARY KEY (`id`)
) ENGINE=InnoDB AUTO_INCREMENT=2 DEFAULT CHARSET=utf8mb4 COLLATE=utf8mb4_unicode_ci;

CREATE TABLE `cash_drawers` (
  `id` bigint unsigned NOT NULL AUTO_INCREMENT,
  `branch_id` bigint unsigned NOT NULL,
  `name` varchar(255) COLLATE utf8mb4_unicode_ci NOT NULL,
  `is_active` tinyint(1) NOT NULL DEFAULT '1',
  `created_at` timestamp NULL DEFAULT NULL,
  `updated_at` timestamp NULL DEFAULT NULL,
  PRIMARY KEY (`id`),
  KEY `cash_drawers_branch_id_foreign` (`branch_id`),
  CONSTRAINT `cash_drawers_branch_id_foreign` FOREIGN KEY (`branch_id`) REFERENCES `branches` (`id`) ON DELETE CASCADE
) ENGINE=InnoDB AUTO_INCREMENT=3 DEFAULT CHARSET=utf8mb4 COLLATE=utf8mb4_unicode_ci;

CREATE TABLE `cash_on_drawers` (
  `id` bigint unsigned NOT NULL AUTO_INCREMENT,
  `branch_id` bigint unsigned NOT NULL,
  `frontdesk_id` bigint unsigned NOT NULL,
  `cash_drawer_id` bigint unsigned NOT NULL,
  `amount` decimal(15,2) NOT NULL DEFAULT '0.00',
  `deduction` decimal(15,2) NOT NULL DEFAULT '0.00',
  `transaction_date` date NOT NULL,
  `transaction_type` varchar(255) COLLATE utf8mb4_unicode_ci NOT NULL,
  `shift` varchar(255) COLLATE utf8mb4_unicode_ci NOT NULL,
  `created_at` timestamp NULL DEFAULT NULL,
  `updated_at` timestamp NULL DEFAULT NULL,
  PRIMARY KEY (`id`)
) ENGINE=InnoDB AUTO_INCREMENT=391 DEFAULT CHARSET=utf8mb4 COLLATE=utf8mb4_unicode_ci;

CREATE TABLE `check_out_guest_reports` (
  `id` bigint unsigned NOT NULL AUTO_INCREMENT,
  `room_id` bigint unsigned NOT NULL,
  `checkin_details_id` bigint unsigned NOT NULL,
  `shift_date` varchar(255) COLLATE utf8mb4_unicode_ci NOT NULL,
  `shift` varchar(255) COLLATE utf8mb4_unicode_ci NOT NULL,
  `frontdesk_id` int NOT NULL,
  `partner_name` varchar(255) COLLATE utf8mb4_unicode_ci NOT NULL,
  `created_at` timestamp NULL DEFAULT NULL,
  `updated_at` timestamp NULL DEFAULT NULL,
  PRIMARY KEY (`id`)
) ENGINE=InnoDB AUTO_INCREMENT=93 DEFAULT CHARSET=utf8mb4 COLLATE=utf8mb4_unicode_ci;

CREATE TABLE `checkin_details` (
  `id` bigint unsigned NOT NULL AUTO_INCREMENT,
  `guest_id` bigint unsigned NOT NULL,
  `frontdesk_id` int DEFAULT NULL,
  `type_id` bigint unsigned NOT NULL,
  `room_id` bigint unsigned NOT NULL,
  `rate_id` bigint unsigned NOT NULL,
  `static_room_amount` decimal(10,2) NOT NULL DEFAULT '0.00',
  `static_amount` int NOT NULL,
  `hours_stayed` int NOT NULL,
  `total_deposit` int DEFAULT NULL,
  `total_deduction` int NOT NULL DEFAULT '0',
  `check_in_at` datetime NOT NULL,
  `check_out_at` datetime NOT NULL,
  `is_check_out` tinyint(1) NOT NULL DEFAULT '0',
  `is_long_stay` tinyint(1) NOT NULL,
  `number_of_hours` int NOT NULL DEFAULT '0',
  `next_extension_is_original` tinyint(1) NOT NULL DEFAULT '0',
  `created_at` timestamp NULL DEFAULT NULL,
  `updated_at` timestamp NULL DEFAULT NULL,
  PRIMARY KEY (`id`)
) ENGINE=InnoDB AUTO_INCREMENT=149 DEFAULT CHARSET=utf8mb4 COLLATE=utf8mb4_unicode_ci;

CREATE TABLE `cleaning_histories` (
  `id` bigint unsigned NOT NULL AUTO_INCREMENT,
  `user_id` bigint unsigned NOT NULL,
  `room_id` bigint unsigned NOT NULL,
  `floor_id` bigint unsigned NOT NULL,
  `branch_id` bigint unsigned NOT NULL,
  `start_time` varchar(255) COLLATE utf8mb4_unicode_ci NOT NULL,
  `end_time` varchar(255) COLLATE utf8mb4_unicode_ci NOT NULL,
  `current_assigned_floor_id` tinyint(1) NOT NULL,
  `expected_end_time` varchar(255) COLLATE utf8mb4_unicode_ci NOT NULL,
  `cleaning_duration` varchar(255) COLLATE utf8mb4_unicode_ci NOT NULL,
  `delayed_cleaning` tinyint(1) NOT NULL,
  `created_at` timestamp NULL DEFAULT NULL,
  `updated_at` timestamp NULL DEFAULT NULL,
  PRIMARY KEY (`id`)
) ENGINE=InnoDB AUTO_INCREMENT=80 DEFAULT CHARSET=utf8mb4 COLLATE=utf8mb4_unicode_ci;

CREATE TABLE `discounts` (
  `id` bigint unsigned NOT NULL AUTO_INCREMENT,
  `branch_id` bigint unsigned NOT NULL,
  `name` varchar(255) COLLATE utf8mb4_unicode_ci NOT NULL,
  `description` varchar(255) COLLATE utf8mb4_unicode_ci DEFAULT NULL,
  `amount` int NOT NULL,
  `is_percentage` tinyint(1) NOT NULL,
  `is_available` tinyint(1) NOT NULL DEFAULT '1',
  `created_at` timestamp NULL DEFAULT NULL,
  `updated_at` timestamp NULL DEFAULT NULL,
  PRIMARY KEY (`id`)
) ENGINE=InnoDB DEFAULT CHARSET=utf8mb4 COLLATE=utf8mb4_unicode_ci;

CREATE TABLE `expense_categories` (
  `id` bigint unsigned NOT NULL AUTO_INCREMENT,
  `branch_id` bigint unsigned NOT NULL,
  `name` varchar(255) COLLATE utf8mb4_unicode_ci NOT NULL,
  `created_at` timestamp NULL DEFAULT NULL,
  `updated_at` timestamp NULL DEFAULT NULL,
  PRIMARY KEY (`id`)
) ENGINE=InnoDB AUTO_INCREMENT=3 DEFAULT CHARSET=utf8mb4 COLLATE=utf8mb4_unicode_ci;

CREATE TABLE `expenses` (
  `id` bigint unsigned NOT NULL AUTO_INCREMENT,
  `shift_log_id` bigint unsigned DEFAULT NULL,
  `name` varchar(255) COLLATE utf8mb4_unicode_ci NOT NULL,
  `user_id` bigint unsigned DEFAULT NULL,
  `branch_id` bigint unsigned NOT NULL DEFAULT '1',
  `shift` varchar(255) COLLATE utf8mb4_unicode_ci DEFAULT NULL,
  `expense_category_id` bigint unsigned NOT NULL,
  `description` varchar(255) COLLATE utf8mb4_unicode_ci DEFAULT NULL,
  `amount` varchar(255) COLLATE utf8mb4_unicode_ci NOT NULL,
  `created_at` timestamp NULL DEFAULT NULL,
  `updated_at` timestamp NULL DEFAULT NULL,
  PRIMARY KEY (`id`),
  KEY `expenses_user_id_foreign` (`user_id`),
  CONSTRAINT `expenses_user_id_foreign` FOREIGN KEY (`user_id`) REFERENCES `users` (`id`) ON DELETE SET NULL
) ENGINE=InnoDB AUTO_INCREMENT=3 DEFAULT CHARSET=utf8mb4 COLLATE=utf8mb4_unicode_ci;

CREATE TABLE `extended_guest_reports` (
  `id` bigint unsigned NOT NULL AUTO_INCREMENT,
  `branch_id` bigint unsigned NOT NULL,
  `room_id` bigint unsigned NOT NULL,
  `checkin_details_id` bigint unsigned NOT NULL,
  `number_of_extension` int NOT NULL,
  `total_hours` int NOT NULL,
  `shift` varchar(255) COLLATE utf8mb4_unicode_ci NOT NULL,
  `frontdesk_id` int NOT NULL,
  `partner_name` varchar(255) COLLATE utf8mb4_unicode_ci NOT NULL,
  `created_at` timestamp NULL DEFAULT NULL,
  `updated_at` timestamp NULL DEFAULT NULL,
  PRIMARY KEY (`id`)
) ENGINE=InnoDB AUTO_INCREMENT=18 DEFAULT CHARSET=utf8mb4 COLLATE=utf8mb4_unicode_ci;

CREATE TABLE `extension_rates` (
  `id` bigint unsigned NOT NULL AUTO_INCREMENT,
  `branch_id` bigint unsigned NOT NULL,
  `hour` int NOT NULL,
  `amount` int NOT NULL,
  `created_at` timestamp NULL DEFAULT NULL,
  `updated_at` timestamp NULL DEFAULT NULL,
  PRIMARY KEY (`id`)
) ENGINE=InnoDB AUTO_INCREMENT=5 DEFAULT CHARSET=utf8mb4 COLLATE=utf8mb4_unicode_ci;

CREATE TABLE `failed_jobs` (
  `id` bigint unsigned NOT NULL AUTO_INCREMENT,
  `uuid` varchar(255) COLLATE utf8mb4_unicode_ci NOT NULL,
  `connection` text COLLATE utf8mb4_unicode_ci NOT NULL,
  `queue` text COLLATE utf8mb4_unicode_ci NOT NULL,
  `payload` longtext COLLATE utf8mb4_unicode_ci NOT NULL,
  `exception` longtext COLLATE utf8mb4_unicode_ci NOT NULL,
  `failed_at` timestamp NOT NULL DEFAULT CURRENT_TIMESTAMP,
  PRIMARY KEY (`id`),
  UNIQUE KEY `failed_jobs_uuid_unique` (`uuid`)
) ENGINE=InnoDB DEFAULT CHARSET=utf8mb4 COLLATE=utf8mb4_unicode_ci;

CREATE TABLE `floor_user` (
  `id` bigint unsigned NOT NULL AUTO_INCREMENT,
  `user_id` bigint unsigned NOT NULL,
  `floor_id` bigint unsigned NOT NULL,
  `created_at` timestamp NULL DEFAULT NULL,
  `updated_at` timestamp NULL DEFAULT NULL,
  PRIMARY KEY (`id`),
  KEY `floor_user_user_id_foreign` (`user_id`),
  KEY `floor_user_floor_id_foreign` (`floor_id`),
  CONSTRAINT `floor_user_floor_id_foreign` FOREIGN KEY (`floor_id`) REFERENCES `floors` (`id`) ON DELETE CASCADE,
  CONSTRAINT `floor_user_user_id_foreign` FOREIGN KEY (`user_id`) REFERENCES `users` (`id`) ON DELETE CASCADE
) ENGINE=InnoDB AUTO_INCREMENT=26 DEFAULT CHARSET=utf8mb4 COLLATE=utf8mb4_unicode_ci;

CREATE TABLE `floors` (
  `id` bigint unsigned NOT NULL AUTO_INCREMENT,
  `branch_id` bigint unsigned NOT NULL,
  `number` int NOT NULL,
  `created_at` timestamp NULL DEFAULT NULL,
  `updated_at` timestamp NULL DEFAULT NULL,
  PRIMARY KEY (`id`)
) ENGINE=InnoDB AUTO_INCREMENT=6 DEFAULT CHARSET=utf8mb4 COLLATE=utf8mb4_unicode_ci;

CREATE TABLE `frontdesk_categories` (
  `id` bigint unsigned NOT NULL AUTO_INCREMENT,
  `branch_id` bigint unsigned NOT NULL,
  `name` varchar(255) COLLATE utf8mb4_unicode_ci NOT NULL,
  `created_at` timestamp NULL DEFAULT NULL,
  `updated_at` timestamp NULL DEFAULT NULL,
  PRIMARY KEY (`id`)
) ENGINE=InnoDB AUTO_INCREMENT=6 DEFAULT CHARSET=utf8mb4 COLLATE=utf8mb4_unicode_ci;

CREATE TABLE `frontdesk_inventories` (
  `id` bigint unsigned NOT NULL AUTO_INCREMENT,
  `branch_id` bigint unsigned NOT NULL,
  `frontdesk_menu_id` bigint unsigned NOT NULL,
  `number_of_serving` double NOT NULL,
  `created_at` timestamp NULL DEFAULT NULL,
  `updated_at` timestamp NULL DEFAULT NULL,
  PRIMARY KEY (`id`)
) ENGINE=InnoDB AUTO_INCREMENT=19 DEFAULT CHARSET=utf8mb4 COLLATE=utf8mb4_unicode_ci;

CREATE TABLE `frontdesk_menus` (
  `id` bigint unsigned NOT NULL AUTO_INCREMENT,
  `branch_id` bigint unsigned NOT NULL,
  `frontdesk_category_id` bigint unsigned NOT NULL,
  `item_code` varchar(255) COLLATE utf8mb4_unicode_ci DEFAULT NULL,
  `name` varchar(255) COLLATE utf8mb4_unicode_ci NOT NULL,
  `price` varchar(255) COLLATE utf8mb4_unicode_ci NOT NULL,
  `image` varchar(255) COLLATE utf8mb4_unicode_ci DEFAULT NULL,
  `created_at` timestamp NULL DEFAULT NULL,
  `updated_at` timestamp NULL DEFAULT NULL,
  PRIMARY KEY (`id`)
) ENGINE=InnoDB AUTO_INCREMENT=25 DEFAULT CHARSET=utf8mb4 COLLATE=utf8mb4_unicode_ci;

CREATE TABLE `frontdesks` (
  `id` bigint unsigned NOT NULL AUTO_INCREMENT,
  `branch_id` bigint unsigned NOT NULL,
  `user_id` bigint unsigned DEFAULT NULL,
  `name` varchar(255) COLLATE utf8mb4_unicode_ci NOT NULL,
  `number` varchar(255) COLLATE utf8mb4_unicode_ci NOT NULL,
  `passcode` varchar(255) COLLATE utf8mb4_unicode_ci DEFAULT '12345',
  `created_at` timestamp NULL DEFAULT NULL,
  `updated_at` timestamp NULL DEFAULT NULL,
  PRIMARY KEY (`id`)
) ENGINE=InnoDB AUTO_INCREMENT=8 DEFAULT CHARSET=utf8mb4 COLLATE=utf8mb4_unicode_ci;

CREATE TABLE `guests` (
  `id` bigint unsigned NOT NULL AUTO_INCREMENT,
  `branch_id` bigint unsigned NOT NULL,
  `name` varchar(255) COLLATE utf8mb4_unicode_ci NOT NULL,
  `contact` varchar(255) COLLATE utf8mb4_unicode_ci DEFAULT NULL,
  `qr_code` varchar(255) COLLATE utf8mb4_unicode_ci NOT NULL,
  `room_id` bigint unsigned NOT NULL,
  `previous_room_id` bigint unsigned DEFAULT NULL,
  `rate_id` bigint unsigned NOT NULL,
  `type_id` bigint unsigned NOT NULL,
  `static_amount` int NOT NULL,
  `is_long_stay` tinyint(1) NOT NULL DEFAULT '0',
  `number_of_days` int DEFAULT NULL,
  `has_discount` tinyint(1) NOT NULL DEFAULT '0',
  `discount_amount` varchar(255) COLLATE utf8mb4_unicode_ci DEFAULT NULL,
  `has_kiosk_check_out` tinyint(1) NOT NULL DEFAULT '0',
  `is_co` tinyint(1) NOT NULL DEFAULT '0',
  `created_at` timestamp NULL DEFAULT NULL,
  `updated_at` timestamp NULL DEFAULT NULL,
  PRIMARY KEY (`id`)
) ENGINE=InnoDB AUTO_INCREMENT=156 DEFAULT CHARSET=utf8mb4 COLLATE=utf8mb4_unicode_ci;

CREATE TABLE `hotel_items` (
  `id` bigint unsigned NOT NULL AUTO_INCREMENT,
  `branch_id` bigint unsigned NOT NULL,
  `name` varchar(255) COLLATE utf8mb4_unicode_ci NOT NULL,
  `price` int NOT NULL,
  `created_at` timestamp NULL DEFAULT NULL,
  `updated_at` timestamp NULL DEFAULT NULL,
  PRIMARY KEY (`id`)
) ENGINE=InnoDB AUTO_INCREMENT=77 DEFAULT CHARSET=utf8mb4 COLLATE=utf8mb4_unicode_ci;

CREATE TABLE `inventories` (
  `id` bigint unsigned NOT NULL AUTO_INCREMENT,
  `branch_id` bigint unsigned NOT NULL,
  `menu_id` bigint unsigned NOT NULL,
  `number_of_serving` double NOT NULL,
  `created_at` timestamp NULL DEFAULT NULL,
  `updated_at` timestamp NULL DEFAULT NULL,
  PRIMARY KEY (`id`)
) ENGINE=InnoDB DEFAULT CHARSET=utf8mb4 COLLATE=utf8mb4_unicode_ci;

CREATE TABLE `jobs` (
  `id` bigint unsigned NOT NULL AUTO_INCREMENT,
  `queue` varchar(255) COLLATE utf8mb4_unicode_ci NOT NULL,
  `payload` longtext COLLATE utf8mb4_unicode_ci NOT NULL,
  `attempts` tinyint unsigned NOT NULL,
  `reserved_at` int unsigned DEFAULT NULL,
  `available_at` int unsigned NOT NULL,
  `created_at` int unsigned NOT NULL,
  PRIMARY KEY (`id`),
  KEY `jobs_queue_index` (`queue`)
) ENGINE=InnoDB DEFAULT CHARSET=utf8mb4 COLLATE=utf8mb4_unicode_ci;

CREATE TABLE `menu_categories` (
  `id` bigint unsigned NOT NULL AUTO_INCREMENT,
  `branch_id` bigint unsigned NOT NULL,
  `name` varchar(255) COLLATE utf8mb4_unicode_ci NOT NULL,
  `created_at` timestamp NULL DEFAULT NULL,
  `updated_at` timestamp NULL DEFAULT NULL,
  PRIMARY KEY (`id`)
) ENGINE=InnoDB DEFAULT CHARSET=utf8mb4 COLLATE=utf8mb4_unicode_ci;

CREATE TABLE `menus` (
  `id` bigint unsigned NOT NULL AUTO_INCREMENT,
  `branch_id` bigint unsigned NOT NULL,
  `menu_category_id` bigint unsigned NOT NULL,
  `item_code` varchar(255) COLLATE utf8mb4_unicode_ci DEFAULT NULL,
  `name` varchar(255) COLLATE utf8mb4_unicode_ci NOT NULL,
  `price` varchar(255) COLLATE utf8mb4_unicode_ci NOT NULL,
  `created_at` timestamp NULL DEFAULT NULL,
  `updated_at` timestamp NULL DEFAULT NULL,
  PRIMARY KEY (`id`)
) ENGINE=InnoDB DEFAULT CHARSET=utf8mb4 COLLATE=utf8mb4_unicode_ci;

CREATE TABLE `migrations` (
  `id` int unsigned NOT NULL AUTO_INCREMENT,
  `migration` varchar(255) COLLATE utf8mb4_unicode_ci NOT NULL,
  `batch` int NOT NULL,
  PRIMARY KEY (`id`)
) ENGINE=InnoDB AUTO_INCREMENT=89 DEFAULT CHARSET=utf8mb4 COLLATE=utf8mb4_unicode_ci;

CREATE TABLE `model_has_permissions` (
  `permission_id` bigint unsigned NOT NULL,
  `model_type` varchar(255) COLLATE utf8mb4_unicode_ci NOT NULL,
  `model_id` bigint unsigned NOT NULL,
  PRIMARY KEY (`permission_id`,`model_id`,`model_type`),
  KEY `model_has_permissions_model_id_model_type_index` (`model_id`,`model_type`),
  CONSTRAINT `model_has_permissions_permission_id_foreign` FOREIGN KEY (`permission_id`) REFERENCES `permissions` (`id`) ON DELETE CASCADE
) ENGINE=InnoDB DEFAULT CHARSET=utf8mb4 COLLATE=utf8mb4_unicode_ci;

CREATE TABLE `model_has_roles` (
  `role_id` bigint unsigned NOT NULL,
  `model_type` varchar(255) COLLATE utf8mb4_unicode_ci NOT NULL,
  `model_id` bigint unsigned NOT NULL,
  PRIMARY KEY (`role_id`,`model_id`,`model_type`),
  KEY `model_has_roles_model_id_model_type_index` (`model_id`,`model_type`),
  CONSTRAINT `model_has_roles_role_id_foreign` FOREIGN KEY (`role_id`) REFERENCES `roles` (`id`) ON DELETE CASCADE
) ENGINE=InnoDB DEFAULT CHARSET=utf8mb4 COLLATE=utf8mb4_unicode_ci;

CREATE TABLE `new_guest_reports` (
  `id` bigint unsigned NOT NULL AUTO_INCREMENT,
  `branch_id` bigint unsigned NOT NULL,
  `room_id` bigint unsigned NOT NULL,
  `checkin_details_id` bigint unsigned NOT NULL,
  `shift_date` varchar(255) COLLATE utf8mb4_unicode_ci NOT NULL,
  `shift` varchar(255) COLLATE utf8mb4_unicode_ci NOT NULL,
  `frontdesk_id` int NOT NULL,
  `partner_name` varchar(255) COLLATE utf8mb4_unicode_ci NOT NULL,
  `created_at` timestamp NULL DEFAULT NULL,
  `updated_at` timestamp NULL DEFAULT NULL,
  PRIMARY KEY (`id`)
) ENGINE=InnoDB AUTO_INCREMENT=149 DEFAULT CHARSET=utf8mb4 COLLATE=utf8mb4_unicode_ci;

CREATE TABLE `password_resets` (
  `email` varchar(255) COLLATE utf8mb4_unicode_ci NOT NULL,
  `token` varchar(255) COLLATE utf8mb4_unicode_ci NOT NULL,
  `created_at` timestamp NULL DEFAULT NULL,
  PRIMARY KEY (`email`)
) ENGINE=InnoDB DEFAULT CHARSET=utf8mb4 COLLATE=utf8mb4_unicode_ci;

CREATE TABLE `permissions` (
  `id` bigint unsigned NOT NULL AUTO_INCREMENT,
  `name` varchar(255) COLLATE utf8mb4_unicode_ci NOT NULL,
  `guard_name` varchar(255) COLLATE utf8mb4_unicode_ci NOT NULL,
  `created_at` timestamp NULL DEFAULT NULL,
  `updated_at` timestamp NULL DEFAULT NULL,
  PRIMARY KEY (`id`),
  UNIQUE KEY `permissions_name_guard_name_unique` (`name`,`guard_name`)
) ENGINE=InnoDB DEFAULT CHARSET=utf8mb4 COLLATE=utf8mb4_unicode_ci;

CREATE TABLE `personal_access_tokens` (
  `id` bigint unsigned NOT NULL AUTO_INCREMENT,
  `tokenable_type` varchar(255) COLLATE utf8mb4_unicode_ci NOT NULL,
  `tokenable_id` bigint unsigned NOT NULL,
  `name` varchar(255) COLLATE utf8mb4_unicode_ci NOT NULL,
  `token` varchar(64) COLLATE utf8mb4_unicode_ci NOT NULL,
  `abilities` text COLLATE utf8mb4_unicode_ci,
  `last_used_at` timestamp NULL DEFAULT NULL,
  `expires_at` timestamp NULL DEFAULT NULL,
  `created_at` timestamp NULL DEFAULT NULL,
  `updated_at` timestamp NULL DEFAULT NULL,
  PRIMARY KEY (`id`),
  UNIQUE KEY `personal_access_tokens_token_unique` (`token`),
  KEY `personal_access_tokens_tokenable_type_tokenable_id_index` (`tokenable_type`,`tokenable_id`)
) ENGINE=InnoDB DEFAULT CHARSET=utf8mb4 COLLATE=utf8mb4_unicode_ci;

CREATE TABLE `pub_categories` (
  `id` bigint unsigned NOT NULL AUTO_INCREMENT,
  `branch_id` bigint unsigned NOT NULL,
  `name` varchar(255) COLLATE utf8mb4_unicode_ci NOT NULL,
  `created_at` timestamp NULL DEFAULT NULL,
  `updated_at` timestamp NULL DEFAULT NULL,
  PRIMARY KEY (`id`)
) ENGINE=InnoDB DEFAULT CHARSET=utf8mb4 COLLATE=utf8mb4_unicode_ci;

CREATE TABLE `pub_inventories` (
  `id` bigint unsigned NOT NULL AUTO_INCREMENT,
  `branch_id` bigint unsigned NOT NULL,
  `pub_menu_id` bigint unsigned NOT NULL,
  `number_of_serving` double NOT NULL,
  `created_at` timestamp NULL DEFAULT NULL,
  `updated_at` timestamp NULL DEFAULT NULL,
  PRIMARY KEY (`id`)
) ENGINE=InnoDB DEFAULT CHARSET=utf8mb4 COLLATE=utf8mb4_unicode_ci;

CREATE TABLE `pub_menus` (
  `id` bigint unsigned NOT NULL AUTO_INCREMENT,
  `branch_id` bigint unsigned NOT NULL,
  `pub_category_id` bigint unsigned NOT NULL,
  `name` varchar(255) COLLATE utf8mb4_unicode_ci NOT NULL,
  `price` varchar(255) COLLATE utf8mb4_unicode_ci NOT NULL,
  `created_at` timestamp NULL DEFAULT NULL,
  `updated_at` timestamp NULL DEFAULT NULL,
  PRIMARY KEY (`id`)
) ENGINE=InnoDB DEFAULT CHARSET=utf8mb4 COLLATE=utf8mb4_unicode_ci;

CREATE TABLE `rates` (
  `id` bigint unsigned NOT NULL AUTO_INCREMENT,
  `branch_id` bigint unsigned NOT NULL,
  `staying_hour_id` bigint unsigned NOT NULL,
  `type_id` bigint unsigned NOT NULL,
  `amount` int NOT NULL,
  `is_available` tinyint(1) NOT NULL DEFAULT '1',
  `has_discount` tinyint(1) NOT NULL DEFAULT '0',
  `created_at` timestamp NULL DEFAULT NULL,
  `updated_at` timestamp NULL DEFAULT NULL,
  PRIMARY KEY (`id`)
) ENGINE=InnoDB AUTO_INCREMENT=10 DEFAULT CHARSET=utf8mb4 COLLATE=utf8mb4_unicode_ci;

CREATE TABLE `remittances` (
  `id` bigint unsigned NOT NULL AUTO_INCREMENT,
  `shift_log_id` bigint unsigned DEFAULT NULL,
  `user_id` bigint unsigned DEFAULT NULL,
  `branch_id` bigint unsigned DEFAULT NULL,
  `total_remittance` decimal(15,2) NOT NULL DEFAULT '0.00',
  `description` text COLLATE utf8mb4_unicode_ci,
  `created_at` timestamp NULL DEFAULT NULL,
  `updated_at` timestamp NULL DEFAULT NULL,
  PRIMARY KEY (`id`)
) ENGINE=InnoDB DEFAULT CHARSET=utf8mb4 COLLATE=utf8mb4_unicode_ci;

CREATE TABLE `requestable_items` (
  `id` bigint unsigned NOT NULL AUTO_INCREMENT,
  `branch_id` bigint unsigned NOT NULL,
  `name` varchar(255) COLLATE utf8mb4_unicode_ci NOT NULL,
  `price` int NOT NULL,
  `created_at` timestamp NULL DEFAULT NULL,
  `updated_at` timestamp NULL DEFAULT NULL,
  PRIMARY KEY (`id`)
) ENGINE=InnoDB AUTO_INCREMENT=13 DEFAULT CHARSET=utf8mb4 COLLATE=utf8mb4_unicode_ci;

CREATE TABLE `role_has_permissions` (
  `permission_id` bigint unsigned NOT NULL,
  `role_id` bigint unsigned NOT NULL,
  PRIMARY KEY (`permission_id`,`role_id`),
  KEY `role_has_permissions_role_id_foreign` (`role_id`),
  CONSTRAINT `role_has_permissions_permission_id_foreign` FOREIGN KEY (`permission_id`) REFERENCES `permissions` (`id`) ON DELETE CASCADE,
  CONSTRAINT `role_has_permissions_role_id_foreign` FOREIGN KEY (`role_id`) REFERENCES `roles` (`id`) ON DELETE CASCADE
) ENGINE=InnoDB DEFAULT CHARSET=utf8mb4 COLLATE=utf8mb4_unicode_ci;

CREATE TABLE `roles` (
  `id` bigint unsigned NOT NULL AUTO_INCREMENT,
  `name` varchar(255) COLLATE utf8mb4_unicode_ci NOT NULL,
  `guard_name` varchar(255) COLLATE utf8mb4_unicode_ci NOT NULL,
  `created_at` timestamp NULL DEFAULT NULL,
  `updated_at` timestamp NULL DEFAULT NULL,
  PRIMARY KEY (`id`),
  UNIQUE KEY `roles_name_guard_name_unique` (`name`,`guard_name`)
) ENGINE=InnoDB AUTO_INCREMENT=9 DEFAULT CHARSET=utf8mb4 COLLATE=utf8mb4_unicode_ci;

CREATE TABLE `room_boy_reports` (
  `id` bigint unsigned NOT NULL AUTO_INCREMENT,
  `branch_id` bigint unsigned DEFAULT '1',
  `room_id` bigint unsigned NOT NULL,
  `checkin_details_id` bigint unsigned NOT NULL,
  `roomboy_id` bigint unsigned NOT NULL,
  `cleaning_start` datetime NOT NULL,
  `cleaning_end` datetime NOT NULL,
  `total_hours_spent` int NOT NULL,
  `interval` int NOT NULL,
  `shift` varchar(255) COLLATE utf8mb4_unicode_ci NOT NULL,
  `is_cleaned` tinyint(1) NOT NULL,
  `created_at` timestamp NULL DEFAULT NULL,
  `updated_at` timestamp NULL DEFAULT NULL,
  PRIMARY KEY (`id`)
) ENGINE=InnoDB AUTO_INCREMENT=82 DEFAULT CHARSET=utf8mb4 COLLATE=utf8mb4_unicode_ci;

CREATE TABLE `rooms` (
  `id` bigint unsigned NOT NULL AUTO_INCREMENT,
  `branch_id` bigint unsigned NOT NULL,
  `floor_id` bigint unsigned NOT NULL,
  `number` varchar(250) COLLATE utf8mb4_unicode_ci DEFAULT NULL,
  `area` varchar(255) COLLATE utf8mb4_unicode_ci DEFAULT 'Main',
  `status` varchar(255) COLLATE utf8mb4_unicode_ci NOT NULL DEFAULT 'available',
  `type_id` bigint unsigned NOT NULL,
  `is_priority` tinyint(1) NOT NULL DEFAULT '0',
  `last_checkin_at` datetime DEFAULT NULL,
  `last_checkout_at` datetime DEFAULT NULL,
  `time_to_terminate_queue` varchar(255) COLLATE utf8mb4_unicode_ci DEFAULT NULL,
  `check_out_time` datetime DEFAULT NULL,
  `time_to_clean` datetime DEFAULT NULL,
  `started_cleaning_at` datetime DEFAULT NULL,
  `created_at` timestamp NULL DEFAULT NULL,
  `updated_at` timestamp NULL DEFAULT NULL,
  PRIMARY KEY (`id`)
) ENGINE=InnoDB AUTO_INCREMENT=232 DEFAULT CHARSET=utf8mb4 COLLATE=utf8mb4_unicode_ci;

CREATE TABLE `sessions` (
  `id` varchar(255) COLLATE utf8mb4_unicode_ci NOT NULL,
  `user_id` bigint unsigned DEFAULT NULL,
  `ip_address` varchar(45) COLLATE utf8mb4_unicode_ci DEFAULT NULL,
  `user_agent` text COLLATE utf8mb4_unicode_ci,
  `payload` longtext COLLATE utf8mb4_unicode_ci NOT NULL,
  `last_activity` int NOT NULL,
  PRIMARY KEY (`id`),
  KEY `sessions_user_id_index` (`user_id`),
  KEY `sessions_last_activity_index` (`last_activity`)
) ENGINE=InnoDB DEFAULT CHARSET=utf8mb4 COLLATE=utf8mb4_unicode_ci;

CREATE TABLE `shift_logs` (
  `id` bigint unsigned NOT NULL AUTO_INCREMENT,
  `frontdesk_id` bigint unsigned DEFAULT NULL,
  `cash_drawer_id` bigint unsigned DEFAULT NULL,
  `beginning_cash` decimal(15,2) NOT NULL DEFAULT '0.00',
  `end_cash` decimal(15,2) NOT NULL DEFAULT '0.00',
  `description` text COLLATE utf8mb4_unicode_ci,
  `total_expenses` decimal(15,2) NOT NULL DEFAULT '0.00',
  `total_remittances` decimal(15,2) NOT NULL DEFAULT '0.00',
  `time_in` datetime NOT NULL,
  `time_out` datetime DEFAULT NULL,
  `frontdesk_ids` json NOT NULL,
  `shift` varchar(255) COLLATE utf8mb4_unicode_ci DEFAULT NULL,
  `created_at` timestamp NULL DEFAULT NULL,
  `updated_at` timestamp NULL DEFAULT NULL,
  PRIMARY KEY (`id`)
) ENGINE=InnoDB AUTO_INCREMENT=3 DEFAULT CHARSET=utf8mb4 COLLATE=utf8mb4_unicode_ci;

CREATE TABLE `stay_extensions` (
  `id` bigint unsigned NOT NULL AUTO_INCREMENT,
  `guest_id` bigint unsigned NOT NULL,
  `extension_id` bigint unsigned NOT NULL,
  `hours` varchar(255) COLLATE utf8mb4_unicode_ci NOT NULL,
  `amount` varchar(255) COLLATE utf8mb4_unicode_ci NOT NULL,
  `frontdesk_ids` json DEFAULT NULL,
  `created_at` timestamp NULL DEFAULT NULL,
  `updated_at` timestamp NULL DEFAULT NULL,
  PRIMARY KEY (`id`)
) ENGINE=InnoDB AUTO_INCREMENT=18 DEFAULT CHARSET=utf8mb4 COLLATE=utf8mb4_unicode_ci;

CREATE TABLE `staying_hours` (
  `id` bigint unsigned NOT NULL AUTO_INCREMENT,
  `branch_id` bigint unsigned NOT NULL,
  `number` int NOT NULL,
  `created_at` timestamp NULL DEFAULT NULL,
  `updated_at` timestamp NULL DEFAULT NULL,
  PRIMARY KEY (`id`)
) ENGINE=InnoDB AUTO_INCREMENT=5 DEFAULT CHARSET=utf8mb4 COLLATE=utf8mb4_unicode_ci;

CREATE TABLE `temporary_check_in_kiosks` (
  `id` bigint unsigned NOT NULL AUTO_INCREMENT,
  `branch_id` bigint unsigned NOT NULL,
  `room_id` bigint unsigned NOT NULL,
  `guest_id` bigint unsigned NOT NULL,
  `terminated_at` datetime NOT NULL,
  `is_opened` tinyint(1) NOT NULL DEFAULT '0',
  `created_at` timestamp NULL DEFAULT NULL,
  `updated_at` timestamp NULL DEFAULT NULL,
  PRIMARY KEY (`id`)
) ENGINE=InnoDB AUTO_INCREMENT=156 DEFAULT CHARSET=utf8mb4 COLLATE=utf8mb4_unicode_ci;

CREATE TABLE `temporary_reserveds` (
  `id` bigint unsigned NOT NULL AUTO_INCREMENT,
  `branch_id` bigint unsigned NOT NULL,
  `room_id` bigint unsigned NOT NULL,
  `guest_id` bigint unsigned NOT NULL,
  `created_at` timestamp NULL DEFAULT NULL,
  `updated_at` timestamp NULL DEFAULT NULL,
  PRIMARY KEY (`id`)
) ENGINE=InnoDB DEFAULT CHARSET=utf8mb4 COLLATE=utf8mb4_unicode_ci;

CREATE TABLE `transaction_types` (
  `id` bigint unsigned NOT NULL AUTO_INCREMENT,
  `name` varchar(255) COLLATE utf8mb4_unicode_ci NOT NULL,
  `position` varchar(255) COLLATE utf8mb4_unicode_ci DEFAULT NULL,
  `created_at` timestamp NULL DEFAULT NULL,
  `updated_at` timestamp NULL DEFAULT NULL,
  PRIMARY KEY (`id`)
) ENGINE=InnoDB AUTO_INCREMENT=10 DEFAULT CHARSET=utf8mb4 COLLATE=utf8mb4_unicode_ci;

CREATE TABLE `transactions` (
  `id` bigint unsigned NOT NULL AUTO_INCREMENT,
  `branch_id` bigint unsigned NOT NULL,
  `shift_log_id` bigint unsigned DEFAULT NULL,
  `checkin_detail_id` bigint unsigned DEFAULT NULL,
  `cash_drawer_id` bigint unsigned DEFAULT NULL,
  `room_id` bigint unsigned NOT NULL,
  `guest_id` bigint unsigned NOT NULL,
  `floor_id` bigint unsigned NOT NULL,
  `transaction_type_id` bigint unsigned NOT NULL,
  `assigned_frontdesk_id` json NOT NULL,
  `description` varchar(255) COLLATE utf8mb4_unicode_ci NOT NULL,
  `payable_amount` int NOT NULL DEFAULT '0',
  `paid_amount` int NOT NULL DEFAULT '0',
  `change_amount` int NOT NULL DEFAULT '0',
  `deposit_amount` int NOT NULL DEFAULT '0',
  `paid_at` datetime DEFAULT NULL,
  `override_at` datetime DEFAULT NULL,
  `remarks` text COLLATE utf8mb4_unicode_ci NOT NULL,
  `transfer_reason_id` bigint unsigned DEFAULT NULL,
  `is_co` tinyint(1) NOT NULL DEFAULT '0',
  `shift` varchar(255) COLLATE utf8mb4_unicode_ci DEFAULT NULL,
  `is_override` tinyint(1) NOT NULL DEFAULT '0',
  `created_at` timestamp NULL DEFAULT NULL,
  `updated_at` timestamp NULL DEFAULT NULL,
  PRIMARY KEY (`id`)
) ENGINE=InnoDB AUTO_INCREMENT=442 DEFAULT CHARSET=utf8mb4 COLLATE=utf8mb4_unicode_ci;

CREATE TABLE `transfer_reasons` (
  `id` bigint unsigned NOT NULL AUTO_INCREMENT,
  `branch_id` bigint unsigned NOT NULL,
  `reason` text COLLATE utf8mb4_unicode_ci NOT NULL,
  `created_at` timestamp NULL DEFAULT NULL,
  `updated_at` timestamp NULL DEFAULT NULL,
  PRIMARY KEY (`id`),
  KEY `transfer_reasons_branch_id_foreign` (`branch_id`),
  CONSTRAINT `transfer_reasons_branch_id_foreign` FOREIGN KEY (`branch_id`) REFERENCES `branches` (`id`) ON DELETE CASCADE
) ENGINE=InnoDB AUTO_INCREMENT=10 DEFAULT CHARSET=utf8mb4 COLLATE=utf8mb4_unicode_ci;

CREATE TABLE `transfered_guest_reports` (
  `id` bigint unsigned NOT NULL AUTO_INCREMENT,
  `checkin_detail_id` bigint unsigned NOT NULL,
  `previous_room_id` bigint unsigned NOT NULL,
  `new_room_id` bigint unsigned NOT NULL,
  `rate_id` bigint unsigned NOT NULL,
  `previous_amount` decimal(15,2) NOT NULL DEFAULT '0.00',
  `new_amount` decimal(15,2) NOT NULL DEFAULT '0.00',
  `original_check_in_time` datetime NOT NULL,
  `created_at` timestamp NULL DEFAULT NULL,
  `updated_at` timestamp NULL DEFAULT NULL,
  PRIMARY KEY (`id`)
) ENGINE=InnoDB AUTO_INCREMENT=11 DEFAULT CHARSET=utf8mb4 COLLATE=utf8mb4_unicode_ci;

CREATE TABLE `types` (
  `id` bigint unsigned NOT NULL AUTO_INCREMENT,
  `branch_id` bigint unsigned NOT NULL,
  `name` varchar(255) COLLATE utf8mb4_unicode_ci NOT NULL,
  `description` varchar(255) COLLATE utf8mb4_unicode_ci DEFAULT NULL,
  `created_at` timestamp NULL DEFAULT NULL,
  `updated_at` timestamp NULL DEFAULT NULL,
  PRIMARY KEY (`id`)
) ENGINE=InnoDB AUTO_INCREMENT=4 DEFAULT CHARSET=utf8mb4 COLLATE=utf8mb4_unicode_ci;

CREATE TABLE `unoccupied_room_reports` (
  `id` bigint unsigned NOT NULL AUTO_INCREMENT,
  `branch_id` bigint unsigned NOT NULL,
  `shift` varchar(255) COLLATE utf8mb4_unicode_ci NOT NULL,
  `rooms` longtext COLLATE utf8mb4_unicode_ci NOT NULL,
  `frontdesk_id` int NOT NULL,
  `partner_name` varchar(255) COLLATE utf8mb4_unicode_ci NOT NULL,
  `created_at` timestamp NULL DEFAULT NULL,
  `updated_at` timestamp NULL DEFAULT NULL,
  PRIMARY KEY (`id`)
) ENGINE=InnoDB DEFAULT CHARSET=utf8mb4 COLLATE=utf8mb4_unicode_ci;

CREATE TABLE `users` (
  `id` bigint unsigned NOT NULL AUTO_INCREMENT,
  `branch_id` bigint unsigned NOT NULL,
  `cash_drawer_id` bigint unsigned DEFAULT NULL,
  `name` varchar(255) COLLATE utf8mb4_unicode_ci NOT NULL,
  `email` varchar(255) COLLATE utf8mb4_unicode_ci NOT NULL,
  `email_verified_at` timestamp NULL DEFAULT NULL,
  `password` varchar(255) COLLATE utf8mb4_unicode_ci NOT NULL,
  `two_factor_secret` text COLLATE utf8mb4_unicode_ci,
  `two_factor_recovery_codes` text COLLATE utf8mb4_unicode_ci,
  `two_factor_confirmed_at` timestamp NULL DEFAULT NULL,
  `branch_name` varchar(255) COLLATE utf8mb4_unicode_ci NOT NULL,
  `remember_token` varchar(100) COLLATE utf8mb4_unicode_ci DEFAULT NULL,
  `current_team_id` bigint unsigned DEFAULT NULL,
  `roomboy_assigned_floor_id` bigint unsigned DEFAULT NULL,
  `roomboy_cleaning_room_id` bigint unsigned DEFAULT NULL,
  `profile_photo_path` varchar(2048) COLLATE utf8mb4_unicode_ci DEFAULT NULL,
  `assigned_frontdesks` json DEFAULT NULL,
  `time_in` datetime DEFAULT NULL,
  `shift` varchar(255) COLLATE utf8mb4_unicode_ci DEFAULT NULL,
  `is_active` tinyint(1) NOT NULL DEFAULT '1',
  `created_at` timestamp NULL DEFAULT NULL,
  `updated_at` timestamp NULL DEFAULT NULL,
  PRIMARY KEY (`id`),
  UNIQUE KEY `users_email_unique` (`email`)
) ENGINE=InnoDB AUTO_INCREMENT=27 DEFAULT CHARSET=utf8mb4 COLLATE=utf8mb4_unicode_ci;

INSERT INTO `activity_logs` (`id`, `branch_id`, `user_id`, `activity`, `description`, `created_at`, `updated_at`) VALUES
(1, 1, 2, 'Create Frontdesk', 'Created frontdesk Hannah', '2026-03-08 20:03:25', '2026-03-08 20:03:25');
INSERT INTO `activity_logs` (`id`, `branch_id`, `user_id`, `activity`, `description`, `created_at`, `updated_at`) VALUES
(2, 1, 2, 'Create User', 'Created user Hannah', '2026-03-08 20:03:25', '2026-03-08 20:03:25');
INSERT INTO `activity_logs` (`id`, `branch_id`, `user_id`, `activity`, `description`, `created_at`, `updated_at`) VALUES
(3, 1, 9, 'Check In from Kiosk', 'Checked in guest Art from kiosk', '2026-03-08 20:05:49', '2026-03-08 20:05:49');
INSERT INTO `activity_logs` (`id`, `branch_id`, `user_id`, `activity`, `description`, `created_at`, `updated_at`) VALUES
(4, 1, 9, 'Check In from Kiosk', 'Checked in guest Joseph Maranan from kiosk', '2026-03-08 20:11:33', '2026-03-08 20:11:33'),
(5, 1, 9, 'Check In from Kiosk', 'Checked in guest Levi samonte from kiosk', '2026-03-08 20:14:57', '2026-03-08 20:14:57'),
(6, 1, 2, 'Create Category', 'Created category Juices', '2026-03-08 20:19:11', '2026-03-08 20:19:11'),
(7, 1, 2, 'Create Category', 'Created category JunkFoods', '2026-03-08 20:19:24', '2026-03-08 20:19:24'),
(8, 1, 2, 'Create Menu', 'Created menu FOUR SEASON', '2026-03-08 20:20:03', '2026-03-08 20:20:03'),
(9, 1, 2, 'Create Menu', 'Created menu MANGO NECTAR', '2026-03-08 20:21:09', '2026-03-08 20:21:09'),
(10, 1, 2, 'Create Menu', 'Created menu PINEORANGE', '2026-03-08 20:21:52', '2026-03-08 20:21:52'),
(11, 1, 2, 'Create Menu', 'Created menu PINEAPPLE', '2026-03-08 20:22:12', '2026-03-08 20:22:12'),
(12, 1, 2, 'Create Menu', 'Created menu FIT N RIGHT', '2026-03-08 20:22:34', '2026-03-08 20:22:34'),
(13, 1, 9, 'Check In from Kiosk', 'Checked in guest Efren embrado from kiosk', '2026-03-08 20:23:04', '2026-03-08 20:23:04'),
(14, 1, 2, 'Create Category', 'Created category MINERAL WATER', '2026-03-08 20:23:13', '2026-03-08 20:23:13'),
(15, 1, 2, 'Create Menu', 'Created menu 1 LITER MINERAL', '2026-03-08 20:24:07', '2026-03-08 20:24:07'),
(16, 1, 9, 'Check In from Kiosk', 'Checked in guest Rey rian jay palmero from kiosk', '2026-03-08 20:24:16', '2026-03-08 20:24:16'),
(17, 1, 2, 'Create Menu', 'Created menu 500ML MINERAL', '2026-03-08 20:24:28', '2026-03-08 20:24:28'),
(18, 1, 2, 'Create Category', 'Created category SOFT DRINKS', '2026-03-08 20:24:48', '2026-03-08 20:24:48'),
(19, 1, 9, 'Check In from Kiosk', 'Checked in guest Lebron from kiosk', '2026-03-08 20:24:48', '2026-03-08 20:24:48'),
(20, 1, 2, 'Create Menu', 'Created menu MOUNTAIN DEW', '2026-03-08 20:26:08', '2026-03-08 20:26:08'),
(21, 1, 2, 'Create Menu', 'Created menu C2', '2026-03-08 20:26:34', '2026-03-08 20:26:34'),
(22, 1, 2, 'Create Menu', 'Created menu MINUTE MAID', '2026-03-08 20:26:57', '2026-03-08 20:26:57'),
(23, 1, 2, 'Create Menu', 'Created menu 7-UP', '2026-03-08 20:28:04', '2026-03-08 20:28:04'),
(24, 1, 9, 'Check In from Kiosk', 'Checked in guest Robert Satonero from kiosk', '2026-03-08 20:28:17', '2026-03-08 20:28:17'),
(25, 1, 2, 'Add Inventory', 'Added inventory for menu MINUTE MAID', '2026-03-08 20:28:42', '2026-03-08 20:28:42'),
(26, 1, 9, 'Check In from Kiosk', 'Checked in guest Jay from kiosk', '2026-03-08 20:30:40', '2026-03-08 20:30:40'),
(27, 1, 9, 'Check In from Kiosk', 'Checked in guest Jesus Gallano Jr from kiosk', '2026-03-08 20:31:17', '2026-03-08 20:31:17'),
(28, 1, 9, 'Check In from Kiosk', 'Checked in guest Ma.bella Salo from kiosk', '2026-03-08 20:32:05', '2026-03-08 20:32:05'),
(29, 1, 9, 'Check In from Kiosk', 'Checked in guest Rachel jucom from kiosk', '2026-03-08 20:36:12', '2026-03-08 20:36:12'),
(30, 1, 2, 'Create Menu', 'Created menu JUNKFOODS', '2026-03-08 20:36:44', '2026-03-08 20:36:44'),
(31, 1, 2, 'Add Inventory', 'Added inventory for menu JUNKFOODS', '2026-03-08 20:40:02', '2026-03-08 20:40:02'),
(32, 1, 2, 'Create Menu', 'Created menu COKE', '2026-03-08 20:41:04', '2026-03-08 20:41:04'),
(33, 1, 2, 'Create Category', 'Created category TOILETRIES', '2026-03-08 20:42:25', '2026-03-08 20:42:25'),
(34, 1, 2, 'Create Menu', 'Created menu TOOTHBRUSH', '2026-03-08 20:43:26', '2026-03-08 20:43:26'),
(35, 1, 2, 'Create Menu', 'Created menu SHAVER', '2026-03-08 20:43:47', '2026-03-08 20:43:47'),
(36, 1, 2, 'Create Menu', 'Created menu TOOTHPASTE', '2026-03-08 20:44:06', '2026-03-08 20:44:06'),
(37, 1, 2, 'Create Menu', 'Created menu CONDITIONER', '2026-03-08 20:44:31', '2026-03-08 20:44:31'),
(38, 1, 2, 'Create Menu', 'Created menu MODESS', '2026-03-08 20:44:51', '2026-03-08 20:44:51'),
(39, 1, 2, 'Create Menu', 'Created menu SOAP', '2026-03-08 20:45:09', '2026-03-08 20:45:09'),
(40, 1, 2, 'Create Menu', 'Created menu SHAMPOO', '2026-03-08 20:45:25', '2026-03-08 20:45:25'),
(41, 1, 2, 'Create Menu', 'Created menu SPRITE', '2026-03-08 20:46:16', '2026-03-08 20:46:16'),
(42, 1, 2, 'Create Menu', 'Created menu ROYAL', '2026-03-08 20:46:51', '2026-03-08 20:46:51'),
(43, 1, 9, 'Check In from Kiosk', 'Checked in guest Shyra felipe from kiosk', '2026-03-08 20:46:55', '2026-03-08 20:46:55'),
(44, 1, 2, 'Create Menu', 'Created menu CALI', '2026-03-08 20:47:18', '2026-03-08 20:47:18'),
(45, 1, 2, 'Create Menu', 'Created menu COBRA', '2026-03-08 20:47:42', '2026-03-08 20:47:42'),
(46, 1, 2, 'Add Inventory', 'Added inventory for menu 1 LITER MINERAL', '2026-03-08 20:49:07', '2026-03-08 20:49:07'),
(47, 1, 9, 'Check In from Kiosk', 'Checked in guest Don Agbulos from kiosk', '2026-03-08 20:50:17', '2026-03-08 20:50:17'),
(48, 1, 9, 'Check In from Kiosk', 'Checked in guest Tsang david from kiosk', '2026-03-08 20:50:45', '2026-03-08 20:50:45'),
(49, 1, 9, 'Check In from Kiosk', 'Checked in guest Charito Cantor from kiosk', '2026-03-08 21:01:09', '2026-03-08 21:01:09'),
(50, 1, 9, 'Check In from Kiosk', 'Checked in guest Monica uy from kiosk', '2026-03-08 21:02:16', '2026-03-08 21:02:16'),
(51, 1, 9, 'Check In from Kiosk', 'Checked in guest Kairo sarte from kiosk', '2026-03-08 21:04:26', '2026-03-08 21:04:26'),
(52, 1, 9, 'Add Food and Beverages', 'Added new food and beverages of ₱45 for guest Tsang david', '2026-03-08 21:05:35', '2026-03-08 21:05:35'),
(53, 1, 9, 'Payment', 'Payment of ₱45 for guest Tsang david', '2026-03-08 21:05:41', '2026-03-08 21:05:41'),
(54, 1, 9, 'Check In from Kiosk', 'Checked in guest Alhaya tia from kiosk', '2026-03-08 21:07:23', '2026-03-08 21:07:23'),
(55, 1, 9, 'Add Deposit', 'Added new deposit of ₱8 for guest Alhaya tia', '2026-03-08 21:07:44', '2026-03-08 21:07:44'),
(56, 1, 2, 'Add Inventory', 'Added inventory for menu TOOTHBRUSH', '2026-03-08 21:08:21', '2026-03-08 21:08:21'),
(57, 1, 2, 'Add Inventory', 'Added inventory for menu SHAVER', '2026-03-08 21:08:29', '2026-03-08 21:08:29'),
(58, 1, 2, 'Add Inventory', 'Added inventory for menu TOOTHPASTE', '2026-03-08 21:08:36', '2026-03-08 21:08:36'),
(59, 1, 2, 'Add Inventory', 'Added inventory for menu CONDITIONER', '2026-03-08 21:08:44', '2026-03-08 21:08:44'),
(60, 1, 2, 'Add Inventory', 'Added inventory for menu MODESS', '2026-03-08 21:09:04', '2026-03-08 21:09:04'),
(61, 1, 2, 'Add Inventory', 'Added inventory for menu SOAP', '2026-03-08 21:09:14', '2026-03-08 21:09:14'),
(62, 1, 9, 'Check In from Kiosk', 'Checked in guest Angel from kiosk', '2026-03-08 21:09:41', '2026-03-08 21:09:41'),
(63, 1, 2, 'Add Inventory', 'Added inventory for menu SHAMPOO', '2026-03-08 21:10:15', '2026-03-08 21:10:15'),
(64, 1, 9, 'Check In from Kiosk', 'Checked in guest Robert Dampan from kiosk', '2026-03-08 21:10:38', '2026-03-08 21:10:38'),
(65, 1, 9, 'Check In from Kiosk', 'Checked in guest James rolly from kiosk', '2026-03-08 21:20:13', '2026-03-08 21:20:13'),
(66, 1, 9, 'Check In from Kiosk', 'Checked in guest Juleth generale from kiosk', '2026-03-08 21:24:27', '2026-03-08 21:24:27'),
(67, 1, 9, 'Check In from Kiosk', 'Checked in guest Luigi garzon from kiosk', '2026-03-08 21:25:00', '2026-03-08 21:25:00'),
(68, 1, 9, 'Check In from Kiosk', 'Checked in guest Marvin Bacos from kiosk', '2026-03-08 21:25:45', '2026-03-08 21:25:45'),
(69, 1, 9, 'Check In from Kiosk', 'Checked in guest Winnie from kiosk', '2026-03-08 21:30:12', '2026-03-08 21:30:12'),
(70, 1, 2, 'Add Inventory', 'Added inventory for menu SPRITE', '2026-03-08 21:30:16', '2026-03-08 21:30:16'),
(71, 1, 9, 'Check In from Kiosk', 'Checked in guest Rahima samad from kiosk', '2026-03-08 21:32:28', '2026-03-08 21:32:28'),
(72, 1, 9, 'Check In from Kiosk', 'Checked in guest Brylle hugo from kiosk', '2026-03-08 21:33:18', '2026-03-08 21:33:18'),
(73, 1, 9, 'Check In from Kiosk', 'Checked in guest Jeamae esmael from kiosk', '2026-03-08 21:34:20', '2026-03-08 21:34:20'),
(74, 1, 9, 'Check In from Kiosk', 'Checked in guest Jay Ann from kiosk', '2026-03-08 21:35:19', '2026-03-08 21:35:19'),
(75, 1, 9, 'Check In from Kiosk', 'Checked in guest Paul delfinado from kiosk', '2026-03-08 21:36:45', '2026-03-08 21:36:45'),
(76, 1, 2, 'Create Damage Charges', 'Created damage charges for WET BED', '2026-03-08 21:39:03', '2026-03-08 21:39:03'),
(77, 1, 2, 'Create Damage Charges', 'Created damage charges for FLUSHER', '2026-03-08 21:40:13', '2026-03-08 21:40:13'),
(78, 1, 2, 'Create Damage Charges', 'Created damage charges for FAUCET SA UBOS', '2026-03-08 21:40:40', '2026-03-08 21:40:40'),
(79, 1, 9, 'Add Food and Beverages', 'Added new food and beverages of ₱55 for guest Shyra felipe', '2026-03-08 21:40:48', '2026-03-08 21:40:48'),
(80, 1, 2, 'Create Damage Charges', 'Created damage charges for FAUCET SA SINK', '2026-03-08 21:41:02', '2026-03-08 21:41:02'),
(81, 1, 9, 'Payment with Deposit', 'Payment of ₱55 with deposit for guest Shyra felipe', '2026-03-08 21:41:03', '2026-03-08 21:41:03'),
(82, 1, 2, 'Create Damage Charges', 'Created damage charges for SMOKING', '2026-03-08 21:41:29', '2026-03-08 21:41:29'),
(83, 1, 9, 'Add Food and Beverages', 'Added new food and beverages of ₱6 for guest Kairo sarte', '2026-03-08 21:41:48', '2026-03-08 21:41:48'),
(84, 1, 9, 'Payment with Deposit', 'Payment of ₱6 with deposit for guest Kairo sarte', '2026-03-08 21:41:56', '2026-03-08 21:41:56'),
(85, 1, 2, 'Create Damage Charges', 'Created damage charges for AIRCON COVER', '2026-03-08 21:42:04', '2026-03-08 21:42:04'),
(86, 1, 9, 'Add Food and Beverages', 'Added new food and beverages of ₱3 for guest James rolly', '2026-03-08 21:44:42', '2026-03-08 21:44:42'),
(87, 1, 9, 'Payment', 'Payment of ₱3 for guest James rolly', '2026-03-08 21:44:50', '2026-03-08 21:44:50'),
(88, 1, 9, 'Add Food and Beverages', 'Added new food and beverages of ₱2 for guest James rolly', '2026-03-08 21:45:08', '2026-03-08 21:45:08'),
(89, 1, 9, 'Payment', 'Payment of ₱2 for guest James rolly', '2026-03-08 21:45:13', '2026-03-08 21:45:13'),
(90, 1, 9, 'Check In from Kiosk', 'Checked in guest Ronel pino from kiosk', '2026-03-08 21:46:36', '2026-03-08 21:46:36'),
(91, 1, 2, 'Create Damage Charges', 'Created damage charges for EFFICASCENT/OIL VERY SMALL', '2026-03-08 21:46:44', '2026-03-08 21:46:44'),
(92, 1, 2, 'Create Damage Charges', 'Created damage charges for EFFICASCENT/OIL SMALL', '2026-03-08 21:47:18', '2026-03-08 21:47:18'),
(93, 1, 2, 'Create Damage Charges', 'Created damage charges for EFFICASCENT/OIL MEDIUM', '2026-03-08 21:47:35', '2026-03-08 21:47:35'),
(94, 1, 2, 'Create Damage Charges', 'Created damage charges for EFFICASCENT/OIL LARGE', '2026-03-08 21:47:53', '2026-03-08 21:47:53'),
(95, 1, 2, 'Create Damage Charges', 'Created damage charges for EFFICASCENT/OIL VERY LARGE', '2026-03-08 21:48:08', '2026-03-08 21:48:08'),
(96, 1, 2, 'Create Damage Charges', 'Created damage charges for BLOOD STAIN SMALL', '2026-03-08 21:48:54', '2026-03-08 21:48:54'),
(97, 1, 2, 'Create Damage Charges', 'Created damage charges for BLOOD STAIN LARGE', '2026-03-08 21:49:14', '2026-03-08 21:49:14'),
(98, 1, 9, 'Check In from Kiosk', 'Checked in guest Tato tandual from kiosk', '2026-03-08 21:49:21', '2026-03-08 21:49:21'),
(99, 1, 2, 'Create Damage Charges', 'Created damage charges for BLOOD STAIN WORST', '2026-03-08 21:49:28', '2026-03-08 21:49:28'),
(100, 1, 2, 'Create Damage Charges', 'Created damage charges for VANDALISM', '2026-03-08 21:49:46', '2026-03-08 21:49:46'),
(101, 1, 2, 'Create Damage Charges', 'Created damage charges for BEER / LIQUOR', '2026-03-08 21:50:04', '2026-03-08 21:50:04'),
(102, 1, 9, 'Check In from Kiosk', 'Checked in guest Jhonna lou binangga from kiosk', '2026-03-08 21:50:38', '2026-03-08 21:50:38'),
(103, 1, 2, 'Create Damage Charges', 'Created damage charges for DURIAN / MARANG / LANGKA', '2026-03-08 21:51:03', '2026-03-08 21:51:03'),
(104, 1, 9, 'Check In from Kiosk', 'Checked in guest Christiene jade arabit from kiosk', '2026-03-08 21:51:35', '2026-03-08 21:51:35'),
(105, 1, 2, 'Create Damage Charges', 'Created damage charges for KITCHEN UTENSIL: BOWL', '2026-03-08 21:51:48', '2026-03-08 21:51:48'),
(106, 1, 2, 'Create Damage Charges', 'Created damage charges for PLATE', '2026-03-08 21:52:24', '2026-03-08 21:52:24'),
(107, 1, 2, 'Create Damage Charges', 'Created damage charges for SAUCER', '2026-03-08 21:55:24', '2026-03-08 21:55:24'),
(108, 1, 9, 'Check In from Kiosk', 'Checked in guest Jeanny Babes  Tayo from kiosk', '2026-03-08 21:55:36', '2026-03-08 21:55:36'),
(109, 1, 2, 'Create Damage Charges', 'Created damage charges for GLASS', '2026-03-08 21:58:16', '2026-03-08 21:58:16'),
(110, 1, 9, 'Check In from Kiosk', 'Checked in guest Edison bonilla from kiosk', '2026-03-08 21:58:45', '2026-03-08 21:58:45'),
(111, 1, 2, 'Create Damage Charges', 'Created damage charges for COMPUTER USAGE', '2026-03-08 21:59:05', '2026-03-08 21:59:05'),
(112, 1, 2, 'Create Damage Charges', 'Created damage charges for LINENS, PUNDA WITH BUBBLE GUM', '2026-03-08 21:59:33', '2026-03-08 21:59:33'),
(113, 1, 2, 'Create Damage Charges', 'Created damage charges for STICKER(S) ', '2026-03-08 22:00:39', '2026-03-08 22:00:39'),
(114, 1, 2, 'Create Damage Charges', 'Created damage charges for MENU', '2026-03-08 22:00:56', '2026-03-08 22:00:56'),
(115, 1, 2, 'Create Damage Charges', 'Created damage charges for CLIPSAL', '2026-03-08 22:01:52', '2026-03-08 22:01:52'),
(116, 1, 2, 'Create Damage Charges', 'Created damage charges for KEY', '2026-03-08 22:02:39', '2026-03-08 22:02:39'),
(117, 1, 9, 'Check In from Kiosk', 'Checked in guest Sergio Seroyla from kiosk', '2026-03-08 22:02:57', '2026-03-08 22:02:57'),
(118, 1, 2, 'Create Damage Charges', 'Created damage charges for BACKOUT GUEST: DIRTY ROOM / C.R', '2026-03-08 22:03:13', '2026-03-08 22:03:13'),
(119, 1, 2, 'Create Damage Charges', 'Created damage charges for BACKOUT GUEST: DIRTY BEDDINGS', '2026-03-08 22:03:33', '2026-03-08 22:03:33'),
(120, 1, 2, 'Create Damage Charges', 'Created damage charges for REMOTE', '2026-03-08 22:03:55', '2026-03-08 22:03:55'),
(121, 1, 2, 'Create Damage Charges', 'Created damage charges for DOUBLE CHARGE EXTRA PERSON SINGLE', '2026-03-08 22:05:45', '2026-03-08 22:05:45'),
(122, 1, 2, 'Create Damage Charges', 'Created damage charges for DOUBLE CHARGE EXTRA PERSON DOUBLE', '2026-03-08 22:06:00', '2026-03-08 22:06:00'),
(123, 1, 9, 'Check In from Kiosk', 'Checked in guest Albert rosario from kiosk', '2026-03-08 22:06:05', '2026-03-08 22:06:05'),
(124, 1, 2, 'Create Damage Charges', 'Created damage charges for DOUBLE CHARGE EXTRA PERSON TWIN BED', '2026-03-08 22:06:24', '2026-03-08 22:06:24'),
(125, 1, 9, 'Check In from Kiosk', 'Checked in guest Ronald ortega from kiosk', '2026-03-08 22:09:36', '2026-03-08 22:09:36'),
(126, 1, 2, 'Create Damage Charges', 'Created damage charges for EXTRA TOWEL', '2026-03-08 22:12:59', '2026-03-08 22:12:59'),
(127, 1, 2, 'Create Damage Charges', 'Created damage charges for EXTRA BLANKET', '2026-03-08 22:13:17', '2026-03-08 22:13:17'),
(128, 1, 2, 'Create Damage Charges', 'Created damage charges for EXTRA FITTED SHEET', '2026-03-08 22:13:33', '2026-03-08 22:13:33'),
(129, 1, 2, 'Create User', 'Created user GEORGE MENDOZA', '2026-03-08 22:23:09', '2026-03-08 22:23:09'),
(130, 1, 2, 'Update Roomboy Designation', 'Updated roomboy designation for GEORGE MENDOZA', '2026-03-08 22:24:10', '2026-03-08 22:24:10'),
(131, 1, 9, 'Add Amenities', 'Added new amenities of ₱20 for guest Brylle hugo', '2026-03-08 22:24:23', '2026-03-08 22:24:23'),
(132, 1, 9, 'Payment with Deposit', 'Payment of ₱20 with deposit for guest Brylle hugo', '2026-03-08 22:24:25', '2026-03-08 22:24:25'),
(133, 1, 2, 'Create User', 'Created user LEO ESTILLORE', '2026-03-08 22:27:37', '2026-03-08 22:27:37'),
(134, 1, 2, 'Update Roomboy Designation', 'Updated roomboy designation for LEO ESTILLORE', '2026-03-08 22:28:04', '2026-03-08 22:28:04'),
(135, 1, 9, 'Check In from Kiosk', 'Checked in guest SPARKS MAGDAYAO from kiosk', '2026-03-08 22:29:20', '2026-03-08 22:29:20'),
(136, 1, 2, 'Create User', 'Created user FRANCISCO', '2026-03-08 22:30:49', '2026-03-08 22:30:49'),
(137, 1, 2, 'Update Roomboy Designation', 'Updated roomboy designation for FRANCISCO', '2026-03-08 22:31:05', '2026-03-08 22:31:05'),
(138, 1, 9, 'Add Food and Beverages', 'Added new food and beverages of ₱78 for guest SPARKS MAGDAYAO', '2026-03-08 22:32:08', '2026-03-08 22:32:08'),
(139, 1, 9, 'Payment with Deposit', 'Payment of ₱78 with deposit for guest SPARKS MAGDAYAO', '2026-03-08 22:32:14', '2026-03-08 22:32:14'),
(140, 1, 9, 'Add Food and Beverages', 'Added new food and beverages of ₱15 for guest SPARKS MAGDAYAO', '2026-03-08 22:32:29', '2026-03-08 22:32:29'),
(141, 1, 9, 'Payment with Deposit', 'Payment of ₱15 with deposit for guest SPARKS MAGDAYAO', '2026-03-08 22:32:39', '2026-03-08 22:32:39'),
(142, 1, 9, 'Add Food and Beverages', 'Added new food and beverages of ₱12 for guest SPARKS MAGDAYAO', '2026-03-08 22:33:16', '2026-03-08 22:33:16'),
(143, 1, 9, 'Payment with Deposit', 'Payment of ₱12 with deposit for guest SPARKS MAGDAYAO', '2026-03-08 22:33:28', '2026-03-08 22:33:28'),
(144, 1, 2, 'Create User', 'Created user JOHN KARL', '2026-03-08 22:33:51', '2026-03-08 22:33:51'),
(145, 1, 2, 'Update Roomboy Designation', 'Updated roomboy designation for JOHN KARL', '2026-03-08 22:34:16', '2026-03-08 22:34:16'),
(146, 1, 9, 'Add Food and Beverages', 'Added new food and beverages of ₱15 for guest SPARKS MAGDAYAO', '2026-03-08 22:34:32', '2026-03-08 22:34:32');
INSERT INTO `activity_logs` (`id`, `branch_id`, `user_id`, `activity`, `description`, `created_at`, `updated_at`) VALUES
(147, 1, 9, 'Payment with Deposit', 'Payment of ₱15 with deposit for guest SPARKS MAGDAYAO', '2026-03-08 22:34:39', '2026-03-08 22:34:39');
INSERT INTO `activity_logs` (`id`, `branch_id`, `user_id`, `activity`, `description`, `created_at`, `updated_at`) VALUES
(148, 1, 2, 'Create User', 'Created user REYMART', '2026-03-08 22:36:17', '2026-03-08 22:36:17');
INSERT INTO `activity_logs` (`id`, `branch_id`, `user_id`, `activity`, `description`, `created_at`, `updated_at`) VALUES
(149, 1, 2, 'Update Roomboy Designation', 'Updated roomboy designation for REYMART', '2026-03-08 22:36:36', '2026-03-08 22:36:36'),
(150, 1, 9, 'Check In from Kiosk', 'Checked in guest JOSELITO CUEVAS from kiosk', '2026-03-08 22:36:57', '2026-03-08 22:36:57'),
(151, 1, 9, 'Check In from Kiosk', 'Checked in guest REX PENIALOSA from kiosk', '2026-03-08 22:37:28', '2026-03-08 22:37:28'),
(152, 1, 2, 'Create User', 'Created user RAMILL MILLADO', '2026-03-08 22:39:46', '2026-03-08 22:39:46'),
(153, 1, 9, 'Check In from Kiosk', 'Checked in guest JERWIN LABANDO from kiosk', '2026-03-08 22:40:11', '2026-03-08 22:40:11'),
(154, 1, 9, 'Check In from Kiosk', 'Checked in guest Saudi Pangilamin from kiosk', '2026-03-08 22:41:04', '2026-03-08 22:41:04'),
(155, 1, 2, 'Create User', 'Created user EDDIE SENAJON', '2026-03-08 22:41:07', '2026-03-08 22:41:07'),
(156, 1, 9, 'Check In from Kiosk', 'Checked in guest KRISTINE GARCIA from kiosk', '2026-03-08 22:41:49', '2026-03-08 22:41:49'),
(157, 1, 2, 'Create User', 'Created user CHRIS BARAN', '2026-03-08 22:42:32', '2026-03-08 22:42:32'),
(158, 1, 9, 'Check In from Kiosk', 'Checked in guest TRIXIE from kiosk', '2026-03-08 22:43:25', '2026-03-08 22:43:25'),
(159, 1, 2, 'Create User', 'Created user MOISES TUAZON', '2026-03-08 22:43:49', '2026-03-08 22:43:49'),
(160, 1, 2, 'Add Inventory', 'Added inventory for menu FOUR SEASON', '2026-03-08 22:44:10', '2026-03-08 22:44:10'),
(161, 1, 2, 'Add Inventory', 'Added inventory for menu MANGO NECTAR', '2026-03-08 22:44:21', '2026-03-08 22:44:21'),
(162, 1, 2, 'Add Inventory', 'Added inventory for menu PINEORANGE', '2026-03-08 22:44:44', '2026-03-08 22:44:44'),
(163, 1, 2, 'Add Inventory', 'Added inventory for menu PINEAPPLE', '2026-03-08 22:44:54', '2026-03-08 22:44:54'),
(164, 1, 9, 'Check In from Kiosk', 'Checked in guest Melson sanchez from kiosk', '2026-03-08 22:45:03', '2026-03-08 22:45:03'),
(165, 1, 9, 'Check In from Kiosk', 'Checked in guest Melson from kiosk', '2026-03-08 22:45:11', '2026-03-08 22:45:11'),
(166, 1, 2, 'Add Inventory', 'Added inventory for menu FIT N RIGHT', '2026-03-08 22:45:11', '2026-03-08 22:45:11'),
(167, 1, 2, 'Create User', 'Created user REY SUMIL', '2026-03-08 22:46:03', '2026-03-08 22:46:03'),
(168, 1, 2, 'Add Inventory', 'Added inventory for menu COBRA', '2026-03-08 22:46:41', '2026-03-08 22:46:41'),
(169, 1, 2, 'Create User', 'Created user RICKY MENDEZEBAL', '2026-03-08 22:47:23', '2026-03-08 22:47:23'),
(170, 1, 2, 'Add Inventory', 'Added inventory for menu CALI', '2026-03-08 22:47:29', '2026-03-08 22:47:29'),
(171, 1, 2, 'Update Roomboy Designation', 'Updated roomboy designation for RAMILL MILLADO', '2026-03-08 22:47:47', '2026-03-08 22:47:47'),
(172, 1, 2, 'Update Roomboy Designation', 'Updated roomboy designation for EDDIE SENAJON', '2026-03-08 22:48:00', '2026-03-08 22:48:00'),
(173, 1, 2, 'Update Roomboy Designation', 'Updated roomboy designation for CHRIS BARAN', '2026-03-08 22:48:14', '2026-03-08 22:48:14'),
(174, 1, 2, 'Update Roomboy Designation', 'Updated roomboy designation for MOISES TUAZON', '2026-03-08 22:48:28', '2026-03-08 22:48:28'),
(175, 1, 2, 'Update Roomboy Designation', 'Updated roomboy designation for REY SUMIL', '2026-03-08 22:48:43', '2026-03-08 22:48:43'),
(176, 1, 2, 'Update Roomboy Designation', 'Updated roomboy designation for RICKY MENDEZEBAL', '2026-03-08 22:49:02', '2026-03-08 22:49:02'),
(177, 1, 9, 'Check In from Kiosk', 'Checked in guest MARY LOU PALMA from kiosk', '2026-03-08 22:58:28', '2026-03-08 22:58:28'),
(178, 1, 9, 'Check In from Kiosk', 'Checked in guest PETER ORTIZ JR. from kiosk', '2026-03-08 22:59:16', '2026-03-08 22:59:16'),
(179, 1, 9, 'Check In from Kiosk', 'Checked in guest Jenny munez from kiosk', '2026-03-08 22:59:59', '2026-03-08 22:59:59'),
(180, 1, 9, 'Add Food and Beverages', 'Added new food and beverages of ₱45 for guest Jenny munez', '2026-03-08 23:00:34', '2026-03-08 23:00:34'),
(181, 1, 9, 'Payment', 'Payment of ₱45 for guest Jenny munez', '2026-03-08 23:00:44', '2026-03-08 23:00:44'),
(182, 1, 2, 'Create Frontdesk', 'Created frontdesk JENEATH LECIAS', '2026-03-08 23:07:11', '2026-03-08 23:07:11'),
(183, 1, 2, 'Create User', 'Created user JENEATH LECIAS', '2026-03-08 23:07:11', '2026-03-08 23:07:11'),
(184, 1, 9, 'Check In from Kiosk', 'Checked in guest Jhialel rudy from kiosk', '2026-03-08 23:07:43', '2026-03-08 23:07:43'),
(185, 1, 2, 'Create Frontdesk', 'Created frontdesk RUBY GOLD', '2026-03-08 23:08:44', '2026-03-08 23:08:44'),
(186, 1, 2, 'Create User', 'Created user RUBY GOLD', '2026-03-08 23:08:44', '2026-03-08 23:08:44'),
(187, 1, 2, 'Create Frontdesk', 'Created frontdesk KATHLEEN DREW', '2026-03-08 23:10:11', '2026-03-08 23:10:11'),
(188, 1, 2, 'Create User', 'Created user KATHLEEN DREW', '2026-03-08 23:10:11', '2026-03-08 23:10:11'),
(189, 1, 2, 'Create Frontdesk', 'Created frontdesk SEANNE KARYLLE', '2026-03-08 23:12:02', '2026-03-08 23:12:02'),
(190, 1, 2, 'Create User', 'Created user SEANNE KARYLLE', '2026-03-08 23:12:02', '2026-03-08 23:12:02'),
(191, 1, 2, 'Create Frontdesk', 'Created frontdesk JINKY OBAG', '2026-03-08 23:13:37', '2026-03-08 23:13:37'),
(192, 1, 2, 'Create User', 'Created user JINKY OBAG', '2026-03-08 23:13:37', '2026-03-08 23:13:37'),
(193, 1, 9, 'Check In from Kiosk', 'Checked in guest MONICA NICOLAS from kiosk', '2026-03-08 23:21:14', '2026-03-08 23:21:14'),
(194, 1, 9, 'Check In from Kiosk', 'Checked in guest JOY CADUSALE from kiosk', '2026-03-08 23:22:09', '2026-03-08 23:22:09'),
(195, 1, 9, 'Room Transfer', 'Guest REX PENIALOSA transferred from Room #153 to Room #131', '2026-03-08 23:30:14', '2026-03-08 23:30:14'),
(196, 1, 9, 'Check In from Kiosk', 'Checked in guest ELIJAH LANAQUE from kiosk', '2026-03-08 23:32:12', '2026-03-08 23:32:12'),
(197, 1, 2, 'Update Room', 'Updated room 260', '2026-03-08 23:37:33', '2026-03-08 23:37:33'),
(198, 1, 2, 'Update Room', 'Updated room 266', '2026-03-08 23:37:56', '2026-03-08 23:37:56'),
(199, 1, 2, 'Update Room', 'Updated room 153', '2026-03-08 23:38:12', '2026-03-08 23:38:12'),
(200, 1, 2, 'Update Room', 'Updated room 206', '2026-03-08 23:39:29', '2026-03-08 23:39:29'),
(201, 1, 2, 'Update Room', 'Updated room 268', '2026-03-08 23:39:44', '2026-03-08 23:39:44'),
(202, 1, 2, 'Update Room', 'Updated room 256', '2026-03-08 23:40:04', '2026-03-08 23:40:04'),
(203, 1, 2, 'Update Room', 'Updated room 28', '2026-03-08 23:41:20', '2026-03-08 23:41:20'),
(204, 1, 9, 'Check In from Kiosk', 'Checked in guest Jayson padilla from kiosk', '2026-03-08 23:42:26', '2026-03-08 23:42:26'),
(205, 1, 9, 'Check In from Kiosk', 'Checked in guest JHUAY MASALON from kiosk', '2026-03-08 23:44:18', '2026-03-08 23:44:18'),
(206, 1, 9, 'Check In from Kiosk', 'Checked in guest RANDY LADICA from kiosk', '2026-03-08 23:46:02', '2026-03-08 23:46:02'),
(207, 1, 2, 'Update Room', 'Updated room 28', '2026-03-08 23:46:39', '2026-03-08 23:46:39'),
(208, 1, 9, 'Room Transfer', 'Guest Brylle hugo transferred from Room #14 to Room #28', '2026-03-08 23:46:56', '2026-03-08 23:46:56'),
(209, 1, 2, 'Update Room', 'Updated room 14', '2026-03-08 23:47:22', '2026-03-08 23:47:22'),
(210, 1, 9, 'Check In from Kiosk', 'Checked in guest Genard from kiosk', '2026-03-08 23:53:45', '2026-03-08 23:53:45'),
(211, 1, 9, 'Check In from Kiosk', 'Checked in guest May jsne dela cruz from kiosk', '2026-03-08 23:57:35', '2026-03-08 23:57:35'),
(212, 1, 9, 'Check In from Kiosk', 'Checked in guest Yarie Jasmin from kiosk', '2026-03-08 23:58:11', '2026-03-08 23:58:11'),
(213, 1, 9, 'Add Amenities', 'Added new amenities of ₱20 for guest Kairo sarte', '2026-03-09 00:05:56', '2026-03-09 00:05:56'),
(214, 1, 9, 'Payment', 'Payment of ₱20 for guest Kairo sarte', '2026-03-09 00:06:06', '2026-03-09 00:06:06'),
(215, 1, 9, 'Check In from Kiosk', 'Checked in guest Frean Boluso from kiosk', '2026-03-09 00:12:11', '2026-03-09 00:12:11'),
(216, 1, 9, 'Check In from Kiosk', 'Checked in guest Dawn sinangote from kiosk', '2026-03-09 00:14:57', '2026-03-09 00:14:57'),
(217, 1, 9, 'Check In from Kiosk', 'Checked in guest Klent john Tomabini from kiosk', '2026-03-09 00:16:53', '2026-03-09 00:16:53'),
(218, 1, 9, 'Check In from Kiosk', 'Checked in guest Reynalyn bate from kiosk', '2026-03-09 00:26:31', '2026-03-09 00:26:31'),
(219, 1, 9, 'Check In from Kiosk', 'Checked in guest Josephine frial from kiosk', '2026-03-09 00:26:57', '2026-03-09 00:26:57'),
(220, 1, 9, 'Check In from Kiosk', 'Checked in guest Niel Del rosario from kiosk', '2026-03-09 00:28:22', '2026-03-09 00:28:22'),
(221, 1, 2, 'Update Room', 'Updated room 287', '2026-03-09 00:28:25', '2026-03-09 00:28:25'),
(222, 1, 9, 'Add Food and Beverages', 'Added new food and beverages of ₱6 for guest Niel Del rosario', '2026-03-09 00:32:40', '2026-03-09 00:32:40'),
(223, 1, 9, 'Payment with Deposit', 'Payment of ₱6 with deposit for guest Niel Del rosario', '2026-03-09 00:32:45', '2026-03-09 00:32:45'),
(224, 1, 9, 'Check In from Kiosk', 'Checked in guest Jhay Dolores from kiosk', '2026-03-09 01:03:52', '2026-03-09 01:03:52'),
(225, 1, 9, 'Check In from Kiosk', 'Checked in guest Justin from kiosk', '2026-03-09 01:11:20', '2026-03-09 01:11:20'),
(226, 1, 9, 'Room Transfer', 'Guest Justin transferred from Room #2 to Room #272', '2026-03-09 01:19:28', '2026-03-09 01:19:28'),
(227, 1, 2, 'Update Room', 'Updated room 2', '2026-03-09 01:20:17', '2026-03-09 01:20:17'),
(228, 1, 9, 'Check In from Kiosk', 'Checked in guest GRACE from kiosk', '2026-03-09 01:22:10', '2026-03-09 01:22:10'),
(229, 1, 9, 'Check In from Kiosk', 'Checked in guest ALFREDO from kiosk', '2026-03-09 01:36:39', '2026-03-09 01:36:39'),
(230, 1, 9, 'Check In from Kiosk', 'Checked in guest Gillyn from kiosk', '2026-03-09 01:44:43', '2026-03-09 01:44:43'),
(231, 1, 9, 'Room Transfer', 'Guest Gillyn transferred from Room #294 to Room #136', '2026-03-09 01:51:51', '2026-03-09 01:51:51'),
(232, 1, 2, 'Update Room', 'Updated room 294', '2026-03-09 01:52:22', '2026-03-09 01:52:22'),
(233, 1, 9, 'Check Out', 'Checked out guest Christiene jade arabit from Room #132', '2026-03-09 01:54:09', '2026-03-09 01:54:09'),
(234, 1, 9, 'Check In from Kiosk', 'Checked in guest Chris from kiosk', '2026-03-09 02:02:14', '2026-03-09 02:02:14'),
(235, 1, 9, 'Add Extension', 'Added new extension of ₱112 for guest Winnie', '2026-03-09 02:34:21', '2026-03-09 02:34:21'),
(236, 1, 9, 'Payment', 'Payment of ₱112 for guest Winnie', '2026-03-09 02:34:41', '2026-03-09 02:34:41'),
(237, 1, 9, 'Check In from Kiosk', 'Checked in guest Gin from kiosk', '2026-03-09 02:35:30', '2026-03-09 02:35:30'),
(238, 1, 9, 'Check Out', 'Checked out guest Marvin Bacos from Room #286', '2026-03-09 02:39:40', '2026-03-09 02:39:40'),
(239, 1, 2, 'Update Room', 'Updated room 2', '2026-03-09 02:47:03', '2026-03-09 02:47:03'),
(240, 1, 9, 'Check In from Kiosk', 'Checked in guest ALEXIS C MENIORIA from kiosk', '2026-03-09 02:49:26', '2026-03-09 02:49:26'),
(241, 1, 9, 'Check Out', 'Checked out guest Paul delfinado from Room #72', '2026-03-09 02:51:55', '2026-03-09 02:51:55'),
(242, 1, 9, 'Check In from Kiosk', 'Checked in guest KENT MIKO LAGRMA from kiosk', '2026-03-09 02:56:04', '2026-03-09 02:56:04'),
(243, 1, 9, 'Check In from Kiosk', 'Checked in guest Roljohn laquinario from kiosk', '2026-03-09 02:59:56', '2026-03-09 02:59:56'),
(244, 1, 9, 'Check In from Kiosk', 'Checked in guest JIERRY ANNE from kiosk', '2026-03-09 03:01:19', '2026-03-09 03:01:19'),
(245, 1, 9, 'Check Out', 'Checked out guest Luigi garzon from Room #120', '2026-03-09 03:04:23', '2026-03-09 03:04:23'),
(246, 1, 9, 'Check In from Kiosk', 'Checked in guest Ynna from kiosk', '2026-03-09 03:39:04', '2026-03-09 03:39:04'),
(247, 1, 9, 'Add Deposit', 'Added new deposit of ₱8 for guest Charito Cantor', '2026-03-09 03:43:41', '2026-03-09 03:43:41'),
(248, 1, 9, 'Deduct Deposit', 'Deducted deposit of ₱8 for guest Charito Cantor', '2026-03-09 03:43:57', '2026-03-09 03:43:57'),
(249, 1, 9, 'Check In from Kiosk', 'Checked in guest Jezrel from kiosk', '2026-03-09 03:48:04', '2026-03-09 03:48:04'),
(250, 1, 9, 'Check Out', 'Checked out guest MONICA NICOLAS from Room #10', '2026-03-09 03:48:27', '2026-03-09 03:48:27'),
(251, 1, 9, 'Check Out', 'Checked out guest JOY CADUSALE from Room #21', '2026-03-09 03:48:36', '2026-03-09 03:48:36'),
(252, 1, 9, 'Check In from Kiosk', 'Checked in guest Pakito from kiosk', '2026-03-09 03:48:51', '2026-03-09 03:48:51'),
(253, 1, 9, 'Check In from Kiosk', 'Checked in guest John paul from kiosk', '2026-03-09 03:49:00', '2026-03-09 03:49:00'),
(254, 1, 9, 'Check Out', 'Checked out guest Albert rosario from Room #155', '2026-03-09 03:53:57', '2026-03-09 03:53:57'),
(255, 1, 9, 'Check In from Kiosk', 'Checked in guest ALI from kiosk', '2026-03-09 03:58:44', '2026-03-09 03:58:44'),
(256, 1, 9, 'Check In from Kiosk', 'Checked in guest SALAMA from kiosk', '2026-03-09 04:00:08', '2026-03-09 04:00:08'),
(257, 1, 9, 'Check In from Kiosk', 'Checked in guest Earl diaz from kiosk', '2026-03-09 04:09:57', '2026-03-09 04:09:57'),
(258, 1, 9, 'Add Extension', 'Added new extension of ₱112 for guest Melson sanchez', '2026-03-09 04:10:26', '2026-03-09 04:10:26'),
(259, 1, 9, 'Payment', 'Payment of ₱112 for guest Melson sanchez', '2026-03-09 04:10:43', '2026-03-09 04:10:43'),
(260, 1, 9, 'Add Extension', 'Added new extension of ₱112 for guest Melson', '2026-03-09 04:11:03', '2026-03-09 04:11:03'),
(261, 1, 9, 'Payment', 'Payment of ₱112 for guest Melson', '2026-03-09 04:11:15', '2026-03-09 04:11:15'),
(262, 1, 9, 'Check In from Kiosk', 'Checked in guest Vince dagoc from kiosk', '2026-03-09 04:12:30', '2026-03-09 04:12:30'),
(263, 1, 9, 'Check Out', 'Checked out guest JERWIN LABANDO from Room #157', '2026-03-09 04:12:55', '2026-03-09 04:12:55'),
(264, 1, 9, 'Check Out', 'Checked out guest KRISTINE GARCIA from Room #66', '2026-03-09 04:21:16', '2026-03-09 04:21:16'),
(265, 1, 9, 'Check In from Kiosk', 'Checked in guest RAMZES MANGCOT from kiosk', '2026-03-09 04:32:59', '2026-03-09 04:32:59'),
(266, 1, 9, 'Check Out', 'Checked out guest PETER ORTIZ JR. from Room #162', '2026-03-09 04:37:07', '2026-03-09 04:37:07'),
(267, 1, 9, 'Check Out', 'Checked out guest JHUAY MASALON from Room #78', '2026-03-09 04:50:44', '2026-03-09 04:50:44'),
(268, 1, 9, 'Add Damage Charges', 'Added new damage charges of ₱100 for guest ALI', '2026-03-09 04:51:55', '2026-03-09 04:51:55'),
(269, 1, 9, 'Add Damage Charges', 'Added new damage charges of ₱100 for guest ALI', '2026-03-09 04:54:02', '2026-03-09 04:54:02'),
(270, 1, 9, 'Payment', 'Payment of ₱100 for guest ALI', '2026-03-09 04:54:21', '2026-03-09 04:54:21'),
(271, 1, 9, 'Payment', 'Payment of ₱100 for guest ALI', '2026-03-09 04:54:33', '2026-03-09 04:54:33'),
(272, 1, 9, 'Add Damage Charges', 'Added new damage charges of ₱100 for guest ALI', '2026-03-09 04:55:07', '2026-03-09 04:55:07'),
(273, 1, 9, 'Payment', 'Payment of ₱200 for guest ALI', '2026-03-09 04:55:22', '2026-03-09 04:55:22'),
(274, 1, 9, 'Check Out', 'Checked out guest Robert Satonero from Room #1', '2026-03-09 04:56:27', '2026-03-09 04:56:27'),
(275, 1, 9, 'Check Out', 'Checked out guest MARY LOU PALMA from Room #161', '2026-03-09 04:57:10', '2026-03-09 04:57:10'),
(276, 1, 9, 'Check Out', 'Checked out guest ALI from Room #278', '2026-03-09 04:57:55', '2026-03-09 04:57:55'),
(277, 1, 9, 'Check Out', 'Checked out guest Frean Boluso from Room #202', '2026-03-09 04:58:26', '2026-03-09 04:58:26'),
(278, 1, 9, 'Check Out', 'Checked out guest Angel from Room #79', '2026-03-09 04:59:15', '2026-03-09 04:59:15'),
(279, 1, 9, 'Check Out', 'Checked out guest Justin from Room #272', '2026-03-09 05:01:32', '2026-03-09 05:01:32'),
(280, 1, 9, 'Check Out', 'Checked out guest Rachel jucom from Room #3', '2026-03-09 05:03:24', '2026-03-09 05:03:24'),
(281, 1, 9, 'Check Out', 'Checked out guest Genard from Room #163', '2026-03-09 05:05:20', '2026-03-09 05:05:20'),
(282, 1, 9, 'Check In from Kiosk', 'Checked in guest Atilla Alcazaren from kiosk', '2026-03-09 05:07:25', '2026-03-09 05:07:25'),
(283, 1, 9, 'Check Out', 'Checked out guest Ronald ortega from Room #6', '2026-03-09 05:18:25', '2026-03-09 05:18:25'),
(284, 1, 9, 'Check Out', 'Checked out guest RANDY LADICA from Room #158', '2026-03-09 05:18:57', '2026-03-09 05:18:57'),
(285, 1, 2, 'Create Requestable Item', 'Created requestable item for TOOTHBRUSH', '2026-03-09 05:20:12', '2026-03-09 05:20:12'),
(286, 1, 2, 'Create Requestable Item', 'Created requestable item for SHAVER', '2026-03-09 05:20:28', '2026-03-09 05:20:28'),
(287, 1, 2, 'Create Requestable Item', 'Created requestable item for TOOTHPASTE', '2026-03-09 05:20:56', '2026-03-09 05:20:56'),
(288, 1, 9, 'Check Out', 'Checked out guest Jhialel rudy from Room #124', '2026-03-09 05:21:57', '2026-03-09 05:21:57'),
(289, 1, 2, 'Create Requestable Item', 'Created requestable item for CONDITIONER', '2026-03-09 05:24:05', '2026-03-09 05:24:05'),
(290, 1, 2, 'Create Requestable Item', 'Created requestable item for MODESS', '2026-03-09 05:24:46', '2026-03-09 05:24:46'),
(291, 1, 2, 'Create Requestable Item', 'Created requestable item for SOAP', '2026-03-09 05:25:00', '2026-03-09 05:25:00'),
(292, 1, 2, 'Create Requestable Item', 'Created requestable item for SHAMPOO', '2026-03-09 05:25:14', '2026-03-09 05:25:14'),
(293, 1, 9, 'Check Out', 'Checked out guest Jayson padilla from Room #209', '2026-03-09 05:25:47', '2026-03-09 05:25:47'),
(294, 1, 9, 'Check Out', 'Checked out guest ELIJAH LANAQUE from Room #252', '2026-03-09 05:32:38', '2026-03-09 05:32:38'),
(295, 1, 9, 'Check Out', 'Checked out guest REX PENIALOSA from Room #131', '2026-03-09 05:34:52', '2026-03-09 05:34:52'),
(296, 1, 9, 'Check Out', 'Checked out guest KENT MIKO LAGRMA from Room #2', '2026-03-09 05:35:53', '2026-03-09 05:35:53'),
(297, 1, 9, 'Check In from Kiosk', 'Checked in guest Gerald Mendoza from kiosk', '2026-03-09 05:42:14', '2026-03-09 05:42:14'),
(298, 1, 9, 'Add Extension', 'Added new extension of ₱112 for guest Reynalyn bate', '2026-03-09 05:45:56', '2026-03-09 05:45:56'),
(299, 1, 9, 'Payment', 'Payment of ₱112 for guest Reynalyn bate', '2026-03-09 05:46:13', '2026-03-09 05:46:13');
INSERT INTO `activity_logs` (`id`, `branch_id`, `user_id`, `activity`, `description`, `created_at`, `updated_at`) VALUES
(300, 1, 9, 'Check Out', 'Checked out guest JOSELITO CUEVAS from Room #152', '2026-03-09 05:52:43', '2026-03-09 05:52:43');
INSERT INTO `activity_logs` (`id`, `branch_id`, `user_id`, `activity`, `description`, `created_at`, `updated_at`) VALUES
(301, 1, 9, 'Check Out', 'Checked out guest Melson from Room #5E', '2026-03-09 05:56:02', '2026-03-09 05:56:02');
INSERT INTO `activity_logs` (`id`, `branch_id`, `user_id`, `activity`, `description`, `created_at`, `updated_at`) VALUES
(302, 1, 2, 'Create Damage Charges', 'Created damage charges for BLOOD STAIN EXTRA LARGE', '2026-03-09 05:58:01', '2026-03-09 05:58:01'),
(303, 1, 9, 'Check Out', 'Checked out guest Melson sanchez from Room #19', '2026-03-09 05:58:46', '2026-03-09 05:58:46'),
(304, 1, 9, 'Check Out', 'Checked out guest Levi samonte from Room #4C', '2026-03-09 06:03:25', '2026-03-09 06:03:25'),
(305, 1, 9, 'Check Out', 'Checked out guest Rahima samad from Room #251', '2026-03-09 06:03:56', '2026-03-09 06:03:56'),
(306, 1, 9, 'Check Out', 'Checked out guest Jeamae esmael from Room #205', '2026-03-09 06:04:32', '2026-03-09 06:04:32'),
(307, 1, 9, 'Check Out', 'Checked out guest Sergio Seroyla from Room #7', '2026-03-09 06:08:29', '2026-03-09 06:08:29'),
(308, 1, 9, 'Check Out', 'Checked out guest Edison bonilla from Room #9', '2026-03-09 06:08:53', '2026-03-09 06:08:53'),
(309, 1, 9, 'Check Out', 'Checked out guest Klent john Tomabini from Room #170', '2026-03-09 06:09:55', '2026-03-09 06:09:55'),
(310, 1, 9, 'Check Out', 'Checked out guest Kairo sarte from Room #127', '2026-03-09 06:14:53', '2026-03-09 06:14:53'),
(311, 1, 9, 'Add Extension', 'Added new extension of ₱112 for guest May jsne dela cruz', '2026-03-09 06:16:07', '2026-03-09 06:16:07'),
(312, 1, 9, 'Payment', 'Payment of ₱112. for guest May jsne dela cruz', '2026-03-09 06:16:18', '2026-03-09 06:16:18'),
(313, 1, 9, 'Check In from Kiosk', 'Checked in guest Timothy arnaiz from kiosk', '2026-03-09 06:17:42', '2026-03-09 06:17:42'),
(314, 1, 9, 'Check Out', 'Checked out guest Efren embrado from Room #3F', '2026-03-09 06:25:51', '2026-03-09 06:25:51'),
(315, 1, 9, 'Check Out', 'Checked out guest Lebron from Room #60', '2026-03-09 06:35:53', '2026-03-09 06:35:53'),
(316, 1, 9, 'Check In from Kiosk', 'Checked in guest Jerico Pillien from kiosk', '2026-03-09 06:55:11', '2026-03-09 06:55:11'),
(317, 1, 2, 'Update User', 'Updated user EDDIE SENAJON', '2026-03-09 07:04:43', '2026-03-09 07:04:43'),
(318, 1, 9, 'Check In from Kiosk', 'Checked in guest Pio zaldy merano from kiosk', '2026-03-09 07:09:20', '2026-03-09 07:09:20'),
(319, 1, 9, 'Check Out', 'Checked out guest Charito Cantor from Room #18', '2026-03-09 07:18:10', '2026-03-09 07:18:10'),
(320, 1, 9, 'Check Out', 'Checked out guest Alhaya tia from Room #35', '2026-03-09 07:18:20', '2026-03-09 07:18:20'),
(321, 1, 21, 'Add Extension', 'Added new extension of ₱112 for guest Gillyn', '2026-03-09 07:33:02', '2026-03-09 07:33:02'),
(322, 1, 21, 'Check Out', 'Checked out guest Jay Ann from Room #138', '2026-03-09 07:35:00', '2026-03-09 07:35:00'),
(323, 1, 21, 'Room Transfer', 'Guest Pio zaldy merano transferred from Room #61 to Room #230', '2026-03-09 07:39:34', '2026-03-09 07:39:34'),
(324, 1, 21, 'Check Out', 'Checked out guest Chris from Room #270', '2026-03-09 07:48:05', '2026-03-09 07:48:05'),
(325, 1, 21, 'Check Out', 'Checked out guest Jesus Gallano Jr from Room #12', '2026-03-09 07:49:21', '2026-03-09 07:49:21'),
(326, 1, 21, 'Check Out', 'Checked out guest Art from Room #101', '2026-03-09 07:51:25', '2026-03-09 07:51:25'),
(327, 1, 21, 'Check Out', 'Checked out guest Shyra felipe from Room #8', '2026-03-09 07:55:39', '2026-03-09 07:55:39'),
(328, 1, 21, 'Add Extension', 'Added new extension of ₱112 for guest Rey rian jay palmero', '2026-03-09 07:56:03', '2026-03-09 07:56:03'),
(329, 1, 21, 'Add Extension', 'Added new extension of ₱112 for guest Jay', '2026-03-09 07:57:46', '2026-03-09 07:57:46'),
(330, 1, 2, 'Update User', 'Updated user EDDIE SENAJON', '2026-03-09 07:58:20', '2026-03-09 07:58:20'),
(331, 1, 21, 'Check Out', 'Checked out guest Tato tandual from Room #214', '2026-03-09 08:02:27', '2026-03-09 08:02:27'),
(332, 1, 21, 'Check In from Kiosk', 'Checked in guest Abegail halawig from kiosk', '2026-03-09 08:04:19', '2026-03-09 08:04:19'),
(333, 1, 2, 'Update User', 'Updated user REY SUMIL', '2026-03-09 08:06:16', '2026-03-09 08:06:16'),
(334, 1, 21, 'Check Out', 'Checked out guest Don Agbulos from Room #229', '2026-03-09 08:08:29', '2026-03-09 08:08:29'),
(335, 1, 21, 'Check Out', 'Checked out guest ALEXIS C MENIORIA from Room #132', '2026-03-09 08:08:55', '2026-03-09 08:08:55'),
(336, 1, 21, 'Check In from Kiosk', 'Checked in guest Melanie ranola from kiosk', '2026-03-09 08:13:17', '2026-03-09 08:13:17'),
(337, 1, 21, 'Add Extension', 'Added new extension of ₱224 for guest Monica uy', '2026-03-09 08:29:29', '2026-03-09 08:29:29'),
(338, 1, 21, 'Payment with Deposit', 'Payment of ₱224 with deposit for guest Monica uy', '2026-03-09 08:30:35', '2026-03-09 08:30:35'),
(339, 1, 21, 'Check Out', 'Checked out guest Winnie from Room #165', '2026-03-09 08:39:01', '2026-03-09 08:39:01'),
(340, 1, 21, 'Check Out', 'Checked out guest SALAMA from Room #72', '2026-03-09 08:49:57', '2026-03-09 08:49:57'),
(341, 1, 21, 'Deduct Deposit', 'Deducted deposit of ₱8 for guest Jhay Dolores', '2026-03-09 08:50:15', '2026-03-09 08:50:15'),
(342, 1, 21, 'Check Out', 'Checked out guest Jhay Dolores from Room #67', '2026-03-09 08:51:14', '2026-03-09 08:51:14'),
(343, 1, 21, 'Deduct Deposit', 'Deducted deposit of ₱3 for guest James rolly', '2026-03-09 08:52:08', '2026-03-09 08:52:08'),
(344, 1, 21, 'Check Out', 'Checked out guest James rolly from Room #100', '2026-03-09 08:52:33', '2026-03-09 08:52:33'),
(345, 1, 21, 'Deduct Deposit', 'Deducted deposit of ₱8 for guest Robert Dampan', '2026-03-09 08:53:36', '2026-03-09 08:53:36'),
(346, 1, 21, 'Check Out', 'Checked out guest Robert Dampan from Room #87', '2026-03-09 08:53:42', '2026-03-09 08:53:42'),
(347, 1, 21, 'Deduct Deposit', 'Deducted deposit of ₱8 for guest Juleth generale', '2026-03-09 09:00:37', '2026-03-09 09:00:37'),
(348, 1, 21, 'Add Damage Charges', 'Added new damage charges of ₱200 for guest Juleth generale', '2026-03-09 09:04:06', '2026-03-09 09:04:06'),
(349, 1, 21, 'Pay All Unpaid Balances', 'All unpaid balances are paid for guest Juleth generale', '2026-03-09 09:04:32', '2026-03-09 09:04:32'),
(350, 1, 21, 'Check Out', 'Checked out guest Juleth generale from Room #92', '2026-03-09 09:05:22', '2026-03-09 09:05:22'),
(351, 1, 21, 'Check Out', 'Checked out guest May jsne dela cruz from Room #168', '2026-03-09 09:11:51', '2026-03-09 09:11:51'),
(352, 1, 21, 'Check In from Kiosk', 'Checked in guest Uthman Makakena from kiosk', '2026-03-09 09:16:45', '2026-03-09 09:16:45'),
(353, 1, 21, 'Check In from Kiosk', 'Checked in guest Ronie pullan jr from kiosk', '2026-03-09 09:19:16', '2026-03-09 09:19:16'),
(354, 1, 21, 'Deduct Deposit', 'Deducted deposit of ₱8 for guest Ronel pino', '2026-03-09 09:19:34', '2026-03-09 09:19:34'),
(355, 1, 21, 'Check Out', 'Checked out guest Ronel pino from Room #33', '2026-03-09 09:19:41', '2026-03-09 09:19:41'),
(356, 1, 21, 'Check In from Kiosk', 'Checked in guest Nadzla adam from kiosk', '2026-03-09 09:21:13', '2026-03-09 09:21:13'),
(357, 1, 21, 'Add Damage Charges', 'Added new damage charges of ₱200 for guest Jhonna lou binangga', '2026-03-09 09:23:32', '2026-03-09 09:23:32'),
(358, 1, 21, 'Deduct Deposit', 'Deducted deposit of ₱152 for guest Jhonna lou binangga', '2026-03-09 09:23:57', '2026-03-09 09:23:57'),
(359, 1, 21, 'Payment with Deposit', 'Payment of ₱200 with deposit for guest Jhonna lou binangga', '2026-03-09 09:26:22', '2026-03-09 09:26:22'),
(360, 1, 21, 'Check Out', 'Checked out guest Reynalyn bate from Room #255', '2026-03-09 09:30:00', '2026-03-09 09:30:00'),
(361, 1, 21, 'Check Out', 'Checked out guest Jezrel from Room #120', '2026-03-09 09:30:58', '2026-03-09 09:30:58'),
(362, 1, 21, 'Check Out', 'Checked out guest Pakito from Room #277', '2026-03-09 09:31:33', '2026-03-09 09:31:33'),
(363, 1, 21, 'Check Out', 'Checked out guest John paul from Room #286', '2026-03-09 09:31:41', '2026-03-09 09:31:41'),
(364, 1, 21, 'Check In from Kiosk', 'Checked in guest Lovely from kiosk', '2026-03-09 09:32:47', '2026-03-09 09:32:47'),
(365, 1, 21, 'Check Out', 'Checked out guest RAMZES MANGCOT from Room #10', '2026-03-09 09:33:44', '2026-03-09 09:33:44'),
(366, 1, 21, 'Check Out', 'Checked out guest Jhonna lou binangga from Room #70', '2026-03-09 09:35:50', '2026-03-09 09:35:50'),
(367, 1, 21, 'Deduct Deposit', 'Deducted deposit of ₱8 for guest Josephine frial', '2026-03-09 09:41:26', '2026-03-09 09:41:26'),
(368, 1, 21, 'Check Out', 'Checked out guest Josephine frial from Room #285', '2026-03-09 09:41:48', '2026-03-09 09:41:48'),
(369, 1, 21, 'Add Damage Charges', 'Added new damage charges of ₱100 for guest Roljohn laquinario', '2026-03-09 09:48:27', '2026-03-09 09:48:27'),
(370, 1, 21, 'Payment with Deposit', 'Payment of ₱100 with deposit for guest Roljohn laquinario', '2026-03-09 09:48:32', '2026-03-09 09:48:32'),
(371, 1, 21, 'Check Out', 'Checked out guest Roljohn laquinario from Room #274', '2026-03-09 09:49:10', '2026-03-09 09:49:10'),
(372, 1, 21, 'Deduct Deposit', 'Deducted deposit of ₱8 for guest Jeanny Babes  Tayo', '2026-03-09 09:52:43', '2026-03-09 09:52:43'),
(373, 1, 21, 'Check Out', 'Checked out guest Jeanny Babes  Tayo from Room #17', '2026-03-09 09:53:01', '2026-03-09 09:53:01'),
(374, 1, 21, 'Pay All Unpaid Balances', 'All unpaid balances are paid for guest Jay', '2026-03-09 09:53:18', '2026-03-09 09:53:18'),
(375, 1, 21, 'Check Out', 'Checked out guest Jay from Room #20', '2026-03-09 09:53:57', '2026-03-09 09:53:57'),
(376, 1, 21, 'Add Extension', 'Added new extension of ₱112 for guest SPARKS MAGDAYAO', '2026-03-09 09:55:06', '2026-03-09 09:55:06'),
(377, 1, 21, 'Payment with Deposit', 'Payment of ₱112 with deposit for guest SPARKS MAGDAYAO', '2026-03-09 09:55:15', '2026-03-09 09:55:15'),
(378, 1, 21, 'Deduct Deposit', 'Deducted deposit of ₱8 for guest Dawn sinangote', '2026-03-09 09:55:40', '2026-03-09 09:55:40'),
(379, 1, 21, 'Check Out', 'Checked out guest Dawn sinangote from Room #169', '2026-03-09 09:55:48', '2026-03-09 09:55:48'),
(380, 1, 21, 'Check In from Kiosk', 'Checked in guest Jeffrey Altizo from kiosk', '2026-03-09 09:56:47', '2026-03-09 09:56:47'),
(381, 1, 21, 'Check In from Kiosk', 'Checked in guest Abdul manan from kiosk', '2026-03-09 09:57:15', '2026-03-09 09:57:15'),
(382, 1, 21, 'Check In from Kiosk', 'Checked in guest Jamir Macapasir from kiosk', '2026-03-09 10:00:48', '2026-03-09 10:00:48'),
(383, 1, 21, 'Check In from Kiosk', 'Checked in guest Michael angelo casido from kiosk', '2026-03-09 10:05:50', '2026-03-09 10:05:50'),
(384, 1, 21, 'Check In from Kiosk', 'Checked in guest Cyhrus from kiosk', '2026-03-09 10:16:17', '2026-03-09 10:16:17'),
(385, 1, 21, 'Add Extension', 'Added new extension of ₱112 for guest Earl diaz', '2026-03-09 10:18:24', '2026-03-09 10:18:24'),
(386, 1, 21, 'Payment', 'Payment of ₱112 for guest Earl diaz', '2026-03-09 10:19:17', '2026-03-09 10:19:17'),
(387, 1, 21, 'Add Extension', 'Added new extension of ₱112 for guest Niel Del rosario', '2026-03-09 10:25:31', '2026-03-09 10:25:31'),
(388, 1, 21, 'Payment', 'Payment of ₱112 for guest Niel Del rosario', '2026-03-09 10:26:02', '2026-03-09 10:26:02'),
(389, 1, 21, 'Check Out', 'Checked out guest Saudi Pangilamin from Room #4D', '2026-03-09 10:35:27', '2026-03-09 10:35:27'),
(390, 1, 21, 'Check In from Kiosk', 'Checked in guest Christian Arapoc from kiosk', '2026-03-09 10:43:27', '2026-03-09 10:43:27'),
(391, 1, 21, 'Check Out', 'Checked out guest Atilla Alcazaren from Room #3D', '2026-03-09 10:47:39', '2026-03-09 10:47:39'),
(392, 1, 21, 'Add Deposit', 'Added new deposit of ₱184 for guest Abegail halawig', '2026-03-09 10:51:06', '2026-03-09 10:51:06'),
(393, 1, 21, 'Add Deposit', 'Added new deposit of ₱184 for guest Melanie ranola', '2026-03-09 10:52:37', '2026-03-09 10:52:37'),
(394, 1, 21, 'Add Deposit', 'Added new deposit of ₱240 for guest Ronie pullan jr', '2026-03-09 10:54:16', '2026-03-09 10:54:16'),
(395, 1, 21, 'Add Deposit', 'Added new deposit of ₱184 for guest Nadzla adam', '2026-03-09 10:55:04', '2026-03-09 10:55:04'),
(396, 1, 21, 'Add Deposit', 'Added new deposit of ₱408 for guest Lovely', '2026-03-09 10:55:48', '2026-03-09 10:55:48'),
(397, 1, 2, 'Update Room', 'Updated room 266', '2026-03-09 10:58:33', '2026-03-09 10:58:33'),
(398, 1, 2, 'Update Room', 'Updated room 14', '2026-03-09 10:59:57', '2026-03-09 10:59:57'),
(399, 1, 2, 'Update Room', 'Updated room 153', '2026-03-09 11:02:03', '2026-03-09 11:02:03'),
(400, 1, 21, 'Room Transfer', 'Guest Jamir Macapasir transferred from Room #252 to Room #82', '2026-03-09 11:02:14', '2026-03-09 11:02:14'),
(401, 1, 21, 'Check In from Kiosk', 'Checked in guest Irene redoble from kiosk', '2026-03-09 11:07:21', '2026-03-09 11:07:21'),
(402, 1, 21, 'Add Extension', 'Added new extension of ₱112 for guest Jenny munez', '2026-03-09 11:20:51', '2026-03-09 11:20:51'),
(403, 1, 21, 'Pay All Unpaid Balances', 'All unpaid balances are paid for guest Jenny munez', '2026-03-09 11:21:22', '2026-03-09 11:21:22'),
(404, 1, 21, 'Check Out', 'Checked out guest Jenny munez from Room #27', '2026-03-09 11:24:13', '2026-03-09 11:24:13'),
(405, 1, 21, 'Deduct Deposit', 'Deducted deposit of ₱8 for guest Timothy arnaiz', '2026-03-09 11:31:41', '2026-03-09 11:31:41'),
(406, 1, 21, 'Check Out', 'Checked out guest Timothy arnaiz from Room #160', '2026-03-09 11:32:22', '2026-03-09 11:32:22'),
(407, 1, 21, 'Deduct Deposit', 'Deducted deposit of ₱8 for guest ALFREDO', '2026-03-09 11:34:31', '2026-03-09 11:34:31'),
(408, 1, 21, 'Check Out', 'Checked out guest ALFREDO from Room #269', '2026-03-09 11:34:36', '2026-03-09 11:34:36'),
(409, 1, 21, 'Deduct Deposit', 'Deducted deposit of ₱8 for guest Yarie Jasmin', '2026-03-09 11:42:48', '2026-03-09 11:42:48'),
(410, 1, 21, 'Check Out', 'Checked out guest Yarie Jasmin from Room #281', '2026-03-09 11:43:11', '2026-03-09 11:43:11'),
(411, 1, 21, 'Check In from Kiosk', 'Checked in guest Jelyn pacatang from kiosk', '2026-03-09 11:48:03', '2026-03-09 11:48:03'),
(412, 1, 21, 'Check In from Kiosk', 'Checked in guest Paolo escamilla from kiosk', '2026-03-09 11:50:42', '2026-03-09 11:50:42'),
(413, 1, 21, 'Check In from Kiosk', 'Checked in guest Rehana utto from kiosk', '2026-03-09 11:59:49', '2026-03-09 11:59:49'),
(414, 1, 21, 'Check In from Kiosk', 'Checked in guest Mikka pacino from kiosk', '2026-03-09 12:03:23', '2026-03-09 12:03:23'),
(415, 1, 21, 'Check Out', 'Checked out guest Abdul manan from Room #202', '2026-03-09 12:04:24', '2026-03-09 12:04:24'),
(416, 1, 21, 'Room Transfer', 'Guest Mikka pacino transferred from Room #165 to Room #29', '2026-03-09 12:07:20', '2026-03-09 12:07:20'),
(417, 1, 21, 'Deduct Deposit', 'Deducted deposit of ₱176 for guest SPARKS MAGDAYAO', '2026-03-09 12:11:32', '2026-03-09 12:11:32'),
(418, 1, 21, 'Check Out', 'Checked out guest SPARKS MAGDAYAO from Room #171', '2026-03-09 12:15:00', '2026-03-09 12:15:00'),
(419, 1, 21, 'Check In from Kiosk', 'Checked in guest Ramjay de guzman from kiosk', '2026-03-09 12:19:22', '2026-03-09 12:19:22'),
(420, 1, 21, 'Check In from Kiosk', 'Checked in guest Serapio canoy jr. from kiosk', '2026-03-09 12:23:51', '2026-03-09 12:23:51'),
(421, 1, 21, 'Check In from Kiosk', 'Checked in guest Dan from kiosk', '2026-03-09 12:28:11', '2026-03-09 12:28:11'),
(422, 1, 21, 'Check In from Kiosk', 'Checked in guest Deniel from kiosk', '2026-03-09 12:43:40', '2026-03-09 12:43:40'),
(423, 1, 21, 'Check In from Kiosk', 'Checked in guest Glen lawag  from kiosk', '2026-03-09 12:50:34', '2026-03-09 12:50:34'),
(424, 1, 21, 'Check In from Kiosk', 'Checked in guest Arianna from kiosk', '2026-03-09 12:54:27', '2026-03-09 12:54:27'),
(425, 1, 21, 'Check In from Kiosk', 'Checked in guest Jeffry mah from kiosk', '2026-03-09 12:59:08', '2026-03-09 12:59:08'),
(426, 1, 21, 'Deduct Deposit', 'Deducted deposit of ₱8 for guest GRACE', '2026-03-09 13:00:34', '2026-03-09 13:00:34'),
(427, 1, 21, 'Check Out', 'Checked out guest GRACE from Room #167', '2026-03-09 13:00:39', '2026-03-09 13:00:39'),
(428, 1, 21, 'Payment', 'Payment of ₱112 for guest Gillyn', '2026-03-09 13:02:23', '2026-03-09 13:02:23'),
(429, 1, 21, 'Check In from Kiosk', 'Checked in guest Rodel c filosopo from kiosk', '2026-03-09 13:04:35', '2026-03-09 13:04:35'),
(430, 1, 21, 'Check Out', 'Checked out guest Michael angelo casido from Room #100', '2026-03-09 13:16:06', '2026-03-09 13:16:06'),
(431, 1, 21, 'Check In from Kiosk', 'Checked in guest Jackielyn cordero from kiosk', '2026-03-09 13:17:02', '2026-03-09 13:17:02'),
(432, 1, 21, 'Check In from Kiosk', 'Checked in guest Violeta m. Balacuit from kiosk', '2026-03-09 13:19:06', '2026-03-09 13:19:06'),
(433, 1, 21, 'Room Transfer', 'Guest Violeta m. Balacuit transferred from Room #79 to Room #31', '2026-03-09 13:20:39', '2026-03-09 13:20:39'),
(434, 1, 21, 'Check In from Kiosk', 'Checked in guest Patric flores from kiosk', '2026-03-09 13:21:55', '2026-03-09 13:21:55'),
(435, 1, 21, 'Room Transfer', 'Guest Patric flores transferred from Room #78 to Room #30', '2026-03-09 13:22:52', '2026-03-09 13:22:52'),
(436, 1, 21, 'Check In from Kiosk', 'Checked in guest John anthony banquil from kiosk', '2026-03-09 13:25:03', '2026-03-09 13:25:03'),
(437, 1, 21, 'Check In from Kiosk', 'Checked in guest Felipe Jadraque from kiosk', '2026-03-09 13:25:36', '2026-03-09 13:25:36'),
(438, 1, 21, 'Check In from Kiosk', 'Checked in guest Chaty tempomona from kiosk', '2026-03-09 13:26:21', '2026-03-09 13:26:21'),
(439, 1, 21, 'Add Extension', 'Added new extension of ₱112 for guest Gillyn', '2026-03-09 13:26:38', '2026-03-09 13:26:38'),
(440, 1, 21, 'Payment', 'Payment of ₱112 for guest Gillyn', '2026-03-09 13:27:09', '2026-03-09 13:27:09'),
(441, 1, 21, 'Check In from Kiosk', 'Checked in guest Rino caspillo from kiosk', '2026-03-09 13:29:12', '2026-03-09 13:29:12'),
(442, 1, 21, 'Check In from Kiosk', 'Checked in guest Doris anne collado from kiosk', '2026-03-09 13:36:07', '2026-03-09 13:36:07'),
(443, 1, 21, 'Check In from Kiosk', 'Checked in guest Queenie flores from kiosk', '2026-03-09 13:36:55', '2026-03-09 13:36:55'),
(444, 1, 21, 'Add Deposit', 'Added new deposit of ₱536 for guest John anthony banquil', '2026-03-09 13:38:19', '2026-03-09 13:38:19'),
(445, 1, 21, 'Payment', 'Payment of ₱112 for guest Rey rian jay palmero', '2026-03-09 13:42:22', '2026-03-09 13:42:22'),
(446, 1, 21, 'Check In from Kiosk', 'Checked in guest Jun loyao from kiosk', '2026-03-09 13:43:46', '2026-03-09 13:43:46'),
(447, 1, 21, 'Check In from Kiosk', 'Checked in guest jhonny Key Almomento from kiosk', '2026-03-09 13:56:28', '2026-03-09 13:56:28'),
(448, 1, 21, 'Add Food and Beverages', 'Added new food and beverages of ₱55 for guest John anthony banquil', '2026-03-09 14:09:53', '2026-03-09 14:09:53'),
(449, 1, 21, 'Payment with Deposit', 'Payment of ₱55 with deposit for guest John anthony banquil', '2026-03-09 14:10:41', '2026-03-09 14:10:41'),
(450, 1, 21, 'Deduct Deposit', 'Deducted deposit of ₱130 for guest TRIXIE', '2026-03-09 14:19:05', '2026-03-09 14:19:05'),
(451, 1, 21, 'Add Food and Beverages', 'Added new food and beverages of ₱55 for guest TRIXIE', '2026-03-09 14:19:44', '2026-03-09 14:19:44'),
(452, 1, 21, 'Check In from Kiosk', 'Checked in guest Cjay from kiosk', '2026-03-09 14:21:18', '2026-03-09 14:21:18'),
(453, 1, 21, 'Check In from Kiosk', 'Checked in guest Anna jean aquino from kiosk', '2026-03-09 14:22:43', '2026-03-09 14:22:43'),
(454, 1, 21, 'Check In from Kiosk', 'Checked in guest Richard Rayray from kiosk', '2026-03-09 14:27:05', '2026-03-09 14:27:05'),
(455, 1, 21, 'Check In from Kiosk', 'Checked in guest Jyrille mae sausa from kiosk', '2026-03-09 14:28:26', '2026-03-09 14:28:26'),
(456, 1, 21, 'Check In from Kiosk', 'Checked in guest Ali from kiosk', '2026-03-09 14:33:09', '2026-03-09 14:33:09'),
(457, 1, 21, 'Check In from Kiosk', 'Checked in guest Aldren C. Cornel from kiosk', '2026-03-09 14:36:49', '2026-03-09 14:36:49'),
(458, 1, 21, 'Check In from Kiosk', 'Checked in guest Jerry from kiosk', '2026-03-09 14:37:45', '2026-03-09 14:37:45'),
(459, 1, 21, 'Check Out', 'Checked out guest Irene redoble from Room #257', '2026-03-09 14:37:56', '2026-03-09 14:37:56'),
(460, 1, 21, 'Check In from Kiosk', 'Checked in guest Almoher tande from kiosk', '2026-03-09 14:43:33', '2026-03-09 14:43:33'),
(461, 1, 2, 'Create User', 'Created user JIMBOY LOMOCSO', '2026-03-09 14:45:46', '2026-03-09 14:45:46'),
(462, 1, 2, 'Update Roomboy Designation', 'Updated roomboy designation for JIMBOY LOMOCSO', '2026-03-09 14:47:12', '2026-03-09 14:47:12'),
(463, 1, 21, 'Check In from Kiosk', 'Checked in guest Benhamin Quirino from kiosk', '2026-03-09 14:50:46', '2026-03-09 14:50:46'),
(464, 1, 21, 'Check In from Kiosk', 'Checked in guest Micah Guimbaan from kiosk', '2026-03-09 14:51:55', '2026-03-09 14:51:55'),
(465, 1, 21, 'Check Out', 'Checked out guest Jun loyao from Room #66', '2026-03-09 14:56:10', '2026-03-09 14:56:10'),
(466, 1, 21, 'Check In from Kiosk', 'Checked in guest Rj Cortes from kiosk', '2026-03-09 14:59:01', '2026-03-09 14:59:01'),
(467, 1, 21, 'Check In from Kiosk', 'Checked in guest Jhunjhun from kiosk', '2026-03-09 14:59:47', '2026-03-09 14:59:47'),
(468, 1, 21, 'Add Extension', 'Added new extension of ₱112 for guest Jeffrey Altizo', '2026-03-09 15:01:07', '2026-03-09 15:01:07'),
(469, 1, 21, 'Payment', 'Payment of ₱150 for guest Jeffrey Altizo', '2026-03-09 15:01:15', '2026-03-09 15:01:15'),
(470, 1, 21, 'Add Deposit', 'Added new deposit of ₱38 for guest Jeffrey Altizo', '2026-03-09 15:02:50', '2026-03-09 15:02:50'),
(471, 1, 21, 'Add Extension', 'Added new extension of ₱112 for guest Rey rian jay palmero', '2026-03-09 15:03:37', '2026-03-09 15:03:37'),
(472, 1, 21, 'Payment', 'Payment of ₱112 for guest Rey rian jay palmero', '2026-03-09 15:03:49', '2026-03-09 15:03:49'),
(473, 1, 21, 'Deduct Deposit', 'Deducted deposit of ₱8 for guest JIERRY ANNE', '2026-03-09 15:05:45', '2026-03-09 15:05:45'),
(474, 1, 21, 'Check Out', 'Checked out guest JIERRY ANNE from Room #276', '2026-03-09 15:05:50', '2026-03-09 15:05:50'),
(475, 1, 21, 'Check In from Kiosk', 'Checked in guest John poul ebagat from kiosk', '2026-03-09 15:10:07', '2026-03-09 15:10:07'),
(476, 1, 21, 'Check In from Kiosk', 'Checked in guest Patricio anonuevo jr from kiosk', '2026-03-09 15:11:33', '2026-03-09 15:11:33'),
(477, 1, 21, 'Check In from Kiosk', 'Checked in guest Princess jelian from kiosk', '2026-03-09 15:17:29', '2026-03-09 15:17:29'),
(478, 1, 21, 'Check Out', 'Checked out guest Ynna from Room #5A', '2026-03-09 15:22:59', '2026-03-09 15:22:59'),
(479, 1, 21, 'Add Extension', 'Added new extension of ₱616 for guest Tsang david', '2026-03-09 15:24:47', '2026-03-09 15:24:47'),
(480, 1, 21, 'Check Out', 'Checked out guest Rodel c filosopo from Room #18', '2026-03-09 15:26:16', '2026-03-09 15:26:16'),
(481, 1, 21, 'Add Damage Charges', 'Added new damage charges of ₱50 for guest Jackielyn cordero', '2026-03-09 15:28:29', '2026-03-09 15:28:29'),
(482, 1, 21, 'Payment', 'Payment of ₱50 for guest Jackielyn cordero', '2026-03-09 15:28:36', '2026-03-09 15:28:36'),
(483, 1, 21, 'Check In from Kiosk', 'Checked in guest Ken lising from kiosk', '2026-03-09 15:32:52', '2026-03-09 15:32:52'),
(484, 1, 21, 'Check Out', 'Checked out guest Jackielyn cordero from Room #101', '2026-03-09 15:33:02', '2026-03-09 15:33:02'),
(485, 1, 21, 'Check Out', 'Checked out guest Jerry from Room #17', '2026-03-09 15:34:24', '2026-03-09 15:34:24'),
(486, 1, 21, 'Check Out', 'Checked out guest Rehana utto from Room #60', '2026-03-09 15:35:43', '2026-03-09 15:35:43'),
(487, 1, 21, 'Check In from Kiosk', 'Checked in guest Bai bai bondula from kiosk', '2026-03-09 15:40:15', '2026-03-09 15:40:15'),
(488, 1, 21, 'Check Out', 'Checked out guest Rino caspillo from Room #6', '2026-03-09 15:44:17', '2026-03-09 15:44:17'),
(489, 1, 21, 'Check Out', 'Checked out guest Cyhrus from Room #236', '2026-03-09 15:45:00', '2026-03-09 15:45:00'),
(490, 1, 21, 'Check Out', 'Checked out guest Anna jean aquino from Room #160', '2026-03-09 15:46:48', '2026-03-09 15:46:48'),
(491, 1, 21, 'Check In from Kiosk', 'Checked in guest Diether bisonia from kiosk', '2026-03-09 15:49:20', '2026-03-09 15:49:20'),
(492, 1, 21, 'Check In from Kiosk', 'Checked in guest Miafe B. Almendralejo from kiosk', '2026-03-09 15:53:04', '2026-03-09 15:53:04'),
(493, 1, 21, 'Check Out', 'Checked out guest Jamir Macapasir from Room #82', '2026-03-09 15:53:36', '2026-03-09 15:53:36'),
(494, 1, 21, 'Check Out', 'Checked out guest Vince dagoc from Room #201', '2026-03-09 15:54:18', '2026-03-09 15:54:18'),
(495, 1, 21, 'Check Out', 'Checked out guest Earl diaz from Room #207', '2026-03-09 15:55:22', '2026-03-09 15:55:22'),
(496, 1, 21, 'Check Out', 'Checked out guest Dan from Room #8', '2026-03-09 15:56:17', '2026-03-09 15:56:17'),
(497, 1, 21, 'Room Transfer', 'Guest Miafe B. Almendralejo transferred from Room #64 to Room #282', '2026-03-09 16:00:26', '2026-03-09 16:00:26'),
(498, 1, 21, 'Check In from Kiosk', 'Checked in guest Kent joseph soronio from kiosk', '2026-03-09 16:02:05', '2026-03-09 16:02:05');



INSERT INTO `branches` (`id`, `name`, `address`, `autorization_code`, `old_autorization`, `extension_time_reset`, `initial_deposit`, `discount_enabled`, `discount_amount`, `kiosk_time_limit`, `created_at`, `updated_at`) VALUES
(1, 'ALMA RESIDENCES GENSAN', 'Brgy. 1, Gensan, South Cotabato', '12345', NULL, 24, '200.00', 1, '50.00', 30, '2026-03-08 20:01:58', '2026-03-08 20:51:44');


INSERT INTO `cash_drawers` (`id`, `branch_id`, `name`, `is_active`, `created_at`, `updated_at`) VALUES
(1, 1, 'Drawer 1', 1, '2026-03-08 20:01:59', '2026-03-09 07:28:20');
INSERT INTO `cash_drawers` (`id`, `branch_id`, `name`, `is_active`, `created_at`, `updated_at`) VALUES
(2, 1, 'Drawer 2', 0, '2026-03-08 20:01:59', '2026-03-08 20:01:59');


INSERT INTO `cash_on_drawers` (`id`, `branch_id`, `frontdesk_id`, `cash_drawer_id`, `amount`, `deduction`, `transaction_date`, `transaction_type`, `shift`, `created_at`, `updated_at`) VALUES
(1, 1, 2, 1, '392.00', '0.00', '2026-03-08', 'check-in', 'PM', '2026-03-08 20:05:49', '2026-03-08 20:05:49');
INSERT INTO `cash_on_drawers` (`id`, `branch_id`, `frontdesk_id`, `cash_drawer_id`, `amount`, `deduction`, `transaction_date`, `transaction_type`, `shift`, `created_at`, `updated_at`) VALUES
(2, 1, 2, 1, '200.00', '0.00', '2026-03-08', 'deposit', 'PM', '2026-03-08 20:05:49', '2026-03-08 20:05:49');
INSERT INTO `cash_on_drawers` (`id`, `branch_id`, `frontdesk_id`, `cash_drawer_id`, `amount`, `deduction`, `transaction_date`, `transaction_type`, `shift`, `created_at`, `updated_at`) VALUES
(3, 1, 2, 1, '672.00', '0.00', '2026-03-08', 'check-in', 'PM', '2026-03-08 20:11:33', '2026-03-08 20:11:33');
INSERT INTO `cash_on_drawers` (`id`, `branch_id`, `frontdesk_id`, `cash_drawer_id`, `amount`, `deduction`, `transaction_date`, `transaction_type`, `shift`, `created_at`, `updated_at`) VALUES
(4, 1, 2, 1, '200.00', '0.00', '2026-03-08', 'deposit', 'PM', '2026-03-08 20:11:33', '2026-03-08 20:11:33'),
(5, 1, 2, 1, '3.00', '0.00', '2026-03-08', 'deposit', 'PM', '2026-03-08 20:11:33', '2026-03-08 20:11:33'),
(6, 1, 2, 1, '336.00', '0.00', '2026-03-08', 'check-in', 'PM', '2026-03-08 20:14:57', '2026-03-08 20:14:57'),
(7, 1, 2, 1, '200.00', '0.00', '2026-03-08', 'deposit', 'PM', '2026-03-08 20:14:57', '2026-03-08 20:14:57'),
(8, 1, 2, 1, '14.00', '0.00', '2026-03-08', 'deposit', 'PM', '2026-03-08 20:14:57', '2026-03-08 20:14:57'),
(9, 1, 2, 1, '336.00', '0.00', '2026-03-08', 'check-in', 'PM', '2026-03-08 20:23:04', '2026-03-08 20:23:04'),
(10, 1, 2, 1, '200.00', '0.00', '2026-03-08', 'deposit', 'PM', '2026-03-08 20:23:04', '2026-03-08 20:23:04'),
(11, 1, 2, 1, '14.00', '0.00', '2026-03-08', 'deposit', 'PM', '2026-03-08 20:23:04', '2026-03-08 20:23:04'),
(12, 1, 2, 1, '392.00', '0.00', '2026-03-08', 'check-in', 'PM', '2026-03-08 20:24:16', '2026-03-08 20:24:16'),
(13, 1, 2, 1, '200.00', '0.00', '2026-03-08', 'deposit', 'PM', '2026-03-08 20:24:16', '2026-03-08 20:24:16'),
(14, 1, 2, 1, '8.00', '0.00', '2026-03-08', 'deposit', 'PM', '2026-03-08 20:24:16', '2026-03-08 20:24:16'),
(15, 1, 2, 1, '392.00', '0.00', '2026-03-08', 'check-in', 'PM', '2026-03-08 20:24:48', '2026-03-08 20:24:48'),
(16, 1, 2, 1, '200.00', '0.00', '2026-03-08', 'deposit', 'PM', '2026-03-08 20:24:48', '2026-03-08 20:24:48'),
(17, 1, 2, 1, '8.00', '0.00', '2026-03-08', 'deposit', 'PM', '2026-03-08 20:24:48', '2026-03-08 20:24:48'),
(18, 1, 2, 1, '392.00', '0.00', '2026-03-08', 'check-in', 'PM', '2026-03-08 20:28:17', '2026-03-08 20:28:17'),
(19, 1, 2, 1, '200.00', '0.00', '2026-03-08', 'deposit', 'PM', '2026-03-08 20:28:17', '2026-03-08 20:28:17'),
(20, 1, 2, 1, '6.00', '0.00', '2026-03-08', 'deposit', 'PM', '2026-03-08 20:28:17', '2026-03-08 20:28:17'),
(21, 1, 2, 1, '392.00', '0.00', '2026-03-08', 'check-in', 'PM', '2026-03-08 20:30:40', '2026-03-08 20:30:40'),
(22, 1, 2, 1, '200.00', '0.00', '2026-03-08', 'deposit', 'PM', '2026-03-08 20:30:40', '2026-03-08 20:30:40'),
(23, 1, 2, 1, '8.00', '0.00', '2026-03-08', 'deposit', 'PM', '2026-03-08 20:30:40', '2026-03-08 20:30:40'),
(24, 1, 2, 1, '392.00', '0.00', '2026-03-08', 'check-in', 'PM', '2026-03-08 20:31:17', '2026-03-08 20:31:17'),
(25, 1, 2, 1, '200.00', '0.00', '2026-03-08', 'deposit', 'PM', '2026-03-08 20:31:17', '2026-03-08 20:31:17'),
(26, 1, 2, 1, '8.00', '0.00', '2026-03-08', 'deposit', 'PM', '2026-03-08 20:31:17', '2026-03-08 20:31:17'),
(27, 1, 2, 1, '616.00', '0.00', '2026-03-08', 'check-in', 'PM', '2026-03-08 20:32:05', '2026-03-08 20:32:05'),
(28, 1, 2, 1, '200.00', '0.00', '2026-03-08', 'deposit', 'PM', '2026-03-08 20:32:05', '2026-03-08 20:32:05'),
(29, 1, 2, 1, '184.00', '0.00', '2026-03-08', 'deposit', 'PM', '2026-03-08 20:32:05', '2026-03-08 20:32:05'),
(30, 1, 2, 1, '392.00', '0.00', '2026-03-08', 'check-in', 'PM', '2026-03-08 20:36:12', '2026-03-08 20:36:12'),
(31, 1, 2, 1, '200.00', '0.00', '2026-03-08', 'deposit', 'PM', '2026-03-08 20:36:12', '2026-03-08 20:36:12'),
(32, 1, 2, 1, '8.00', '0.00', '2026-03-08', 'deposit', 'PM', '2026-03-08 20:36:12', '2026-03-08 20:36:12'),
(33, 1, 2, 1, '392.00', '0.00', '2026-03-08', 'check-in', 'PM', '2026-03-08 20:46:55', '2026-03-08 20:46:55'),
(34, 1, 2, 1, '200.00', '0.00', '2026-03-08', 'deposit', 'PM', '2026-03-08 20:46:55', '2026-03-08 20:46:55'),
(35, 1, 2, 1, '408.00', '0.00', '2026-03-08', 'deposit', 'PM', '2026-03-08 20:46:55', '2026-03-08 20:46:55'),
(36, 1, 2, 1, '392.00', '0.00', '2026-03-08', 'check-in', 'PM', '2026-03-08 20:50:17', '2026-03-08 20:50:17'),
(37, 1, 2, 1, '200.00', '0.00', '2026-03-08', 'deposit', 'PM', '2026-03-08 20:50:17', '2026-03-08 20:50:17'),
(38, 1, 2, 1, '8.00', '0.00', '2026-03-08', 'deposit', 'PM', '2026-03-08 20:50:17', '2026-03-08 20:50:17'),
(39, 1, 2, 1, '616.00', '0.00', '2026-03-08', 'check-in', 'PM', '2026-03-08 20:50:45', '2026-03-08 20:50:45'),
(40, 1, 2, 1, '200.00', '0.00', '2026-03-08', 'deposit', 'PM', '2026-03-08 20:50:45', '2026-03-08 20:50:45'),
(41, 1, 2, 1, '392.00', '0.00', '2026-03-08', 'check-in', 'PM', '2026-03-08 21:01:09', '2026-03-08 21:01:09'),
(42, 1, 2, 1, '200.00', '0.00', '2026-03-08', 'deposit', 'PM', '2026-03-08 21:01:09', '2026-03-08 21:01:09'),
(43, 1, 2, 1, '392.00', '0.00', '2026-03-08', 'check-in', 'PM', '2026-03-08 21:02:16', '2026-03-08 21:02:16'),
(44, 1, 2, 1, '200.00', '0.00', '2026-03-08', 'deposit', 'PM', '2026-03-08 21:02:16', '2026-03-08 21:02:16'),
(45, 1, 2, 1, '408.00', '0.00', '2026-03-08', 'deposit', 'PM', '2026-03-08 21:02:16', '2026-03-08 21:02:16'),
(46, 1, 2, 1, '392.00', '0.00', '2026-03-08', 'check-in', 'PM', '2026-03-08 21:04:26', '2026-03-08 21:04:26'),
(47, 1, 2, 1, '200.00', '0.00', '2026-03-08', 'deposit', 'PM', '2026-03-08 21:04:26', '2026-03-08 21:04:26'),
(48, 1, 2, 1, '8.00', '0.00', '2026-03-08', 'deposit', 'PM', '2026-03-08 21:04:26', '2026-03-08 21:04:26'),
(49, 1, 2, 1, '45.00', '0.00', '2026-03-08', 'Payment from Food and Beverages', 'PM', '2026-03-08 21:05:41', '2026-03-08 21:05:41'),
(50, 1, 2, 1, '392.00', '0.00', '2026-03-08', 'check-in', 'PM', '2026-03-08 21:07:23', '2026-03-08 21:07:23'),
(51, 1, 2, 1, '200.00', '0.00', '2026-03-08', 'deposit', 'PM', '2026-03-08 21:07:23', '2026-03-08 21:07:23'),
(52, 1, 2, 1, '392.00', '0.00', '2026-03-08', 'check-in', 'PM', '2026-03-08 21:09:41', '2026-03-08 21:09:41'),
(53, 1, 2, 1, '200.00', '0.00', '2026-03-08', 'deposit', 'PM', '2026-03-08 21:09:41', '2026-03-08 21:09:41'),
(54, 1, 2, 1, '8.00', '0.00', '2026-03-08', 'deposit', 'PM', '2026-03-08 21:09:41', '2026-03-08 21:09:41'),
(55, 1, 2, 1, '392.00', '0.00', '2026-03-08', 'check-in', 'PM', '2026-03-08 21:10:38', '2026-03-08 21:10:38'),
(56, 1, 2, 1, '200.00', '0.00', '2026-03-08', 'deposit', 'PM', '2026-03-08 21:10:38', '2026-03-08 21:10:38'),
(57, 1, 2, 1, '8.00', '0.00', '2026-03-08', 'deposit', 'PM', '2026-03-08 21:10:38', '2026-03-08 21:10:38'),
(58, 1, 2, 1, '392.00', '0.00', '2026-03-08', 'check-in', 'PM', '2026-03-08 21:20:13', '2026-03-08 21:20:13'),
(59, 1, 2, 1, '200.00', '0.00', '2026-03-08', 'deposit', 'PM', '2026-03-08 21:20:13', '2026-03-08 21:20:13'),
(60, 1, 2, 1, '3.00', '0.00', '2026-03-08', 'deposit', 'PM', '2026-03-08 21:20:13', '2026-03-08 21:20:13'),
(61, 1, 2, 1, '392.00', '0.00', '2026-03-08', 'check-in', 'PM', '2026-03-08 21:24:27', '2026-03-08 21:24:27'),
(62, 1, 2, 1, '200.00', '0.00', '2026-03-08', 'deposit', 'PM', '2026-03-08 21:24:27', '2026-03-08 21:24:27'),
(63, 1, 2, 1, '8.00', '0.00', '2026-03-08', 'deposit', 'PM', '2026-03-08 21:24:27', '2026-03-08 21:24:27'),
(64, 1, 2, 1, '280.00', '0.00', '2026-03-08', 'check-in', 'PM', '2026-03-08 21:25:00', '2026-03-08 21:25:00'),
(65, 1, 2, 1, '200.00', '0.00', '2026-03-08', 'deposit', 'PM', '2026-03-08 21:25:00', '2026-03-08 21:25:00'),
(66, 1, 2, 1, '280.00', '0.00', '2026-03-08', 'check-in', 'PM', '2026-03-08 21:25:45', '2026-03-08 21:25:45'),
(67, 1, 2, 1, '200.00', '0.00', '2026-03-08', 'deposit', 'PM', '2026-03-08 21:25:45', '2026-03-08 21:25:45'),
(68, 1, 2, 1, '280.00', '0.00', '2026-03-08', 'check-in', 'PM', '2026-03-08 21:30:12', '2026-03-08 21:30:12'),
(69, 1, 2, 1, '200.00', '0.00', '2026-03-08', 'deposit', 'PM', '2026-03-08 21:30:12', '2026-03-08 21:30:12'),
(70, 1, 2, 1, '392.00', '0.00', '2026-03-08', 'check-in', 'PM', '2026-03-08 21:32:28', '2026-03-08 21:32:28'),
(71, 1, 2, 1, '200.00', '0.00', '2026-03-08', 'deposit', 'PM', '2026-03-08 21:32:28', '2026-03-08 21:32:28'),
(72, 1, 2, 1, '8.00', '0.00', '2026-03-08', 'deposit', 'PM', '2026-03-08 21:32:28', '2026-03-08 21:32:28'),
(73, 1, 2, 1, '616.00', '0.00', '2026-03-08', 'check-in', 'PM', '2026-03-08 21:33:18', '2026-03-08 21:33:18'),
(74, 1, 2, 1, '200.00', '0.00', '2026-03-08', 'deposit', 'PM', '2026-03-08 21:33:18', '2026-03-08 21:33:18'),
(75, 1, 2, 1, '184.00', '0.00', '2026-03-08', 'deposit', 'PM', '2026-03-08 21:33:18', '2026-03-08 21:33:18'),
(76, 1, 2, 1, '392.00', '0.00', '2026-03-08', 'check-in', 'PM', '2026-03-08 21:34:20', '2026-03-08 21:34:20'),
(77, 1, 2, 1, '200.00', '0.00', '2026-03-08', 'deposit', 'PM', '2026-03-08 21:34:20', '2026-03-08 21:34:20'),
(78, 1, 2, 1, '8.00', '0.00', '2026-03-08', 'deposit', 'PM', '2026-03-08 21:34:20', '2026-03-08 21:34:20'),
(79, 1, 2, 1, '392.00', '0.00', '2026-03-08', 'check-in', 'PM', '2026-03-08 21:35:18', '2026-03-08 21:35:18'),
(80, 1, 2, 1, '200.00', '0.00', '2026-03-08', 'deposit', 'PM', '2026-03-08 21:35:18', '2026-03-08 21:35:18'),
(81, 1, 2, 1, '8.00', '0.00', '2026-03-08', 'deposit', 'PM', '2026-03-08 21:35:18', '2026-03-08 21:35:18'),
(82, 1, 2, 1, '280.00', '0.00', '2026-03-08', 'check-in', 'PM', '2026-03-08 21:36:45', '2026-03-08 21:36:45'),
(83, 1, 2, 1, '200.00', '0.00', '2026-03-08', 'deposit', 'PM', '2026-03-08 21:36:45', '2026-03-08 21:36:45'),
(84, 1, 2, 1, '0.00', '55.00', '2026-03-08', 'Payment from deposit - Food and Beverages', 'PM', '2026-03-08 21:41:03', '2026-03-08 21:41:03'),
(85, 1, 2, 1, '0.00', '6.00', '2026-03-08', 'Payment from deposit - Food and Beverages', 'PM', '2026-03-08 21:41:56', '2026-03-08 21:41:56'),
(86, 1, 2, 1, '3.00', '0.00', '2026-03-08', 'Payment from Food and Beverages', 'PM', '2026-03-08 21:44:50', '2026-03-08 21:44:50'),
(87, 1, 2, 1, '2.00', '0.00', '2026-03-08', 'Payment from Food and Beverages', 'PM', '2026-03-08 21:45:13', '2026-03-08 21:45:13'),
(88, 1, 2, 1, '392.00', '0.00', '2026-03-08', 'check-in', 'PM', '2026-03-08 21:46:36', '2026-03-08 21:46:36'),
(89, 1, 2, 1, '200.00', '0.00', '2026-03-08', 'deposit', 'PM', '2026-03-08 21:46:36', '2026-03-08 21:46:36'),
(90, 1, 2, 1, '8.00', '0.00', '2026-03-08', 'deposit', 'PM', '2026-03-08 21:46:36', '2026-03-08 21:46:36'),
(91, 1, 2, 1, '448.00', '0.00', '2026-03-08', 'check-in', 'PM', '2026-03-08 21:49:21', '2026-03-08 21:49:21'),
(92, 1, 2, 1, '200.00', '0.00', '2026-03-08', 'deposit', 'PM', '2026-03-08 21:49:21', '2026-03-08 21:49:21'),
(93, 1, 2, 1, '2.00', '0.00', '2026-03-08', 'deposit', 'PM', '2026-03-08 21:49:21', '2026-03-08 21:49:21'),
(94, 1, 2, 1, '448.00', '0.00', '2026-03-08', 'check-in', 'PM', '2026-03-08 21:50:38', '2026-03-08 21:50:38'),
(95, 1, 2, 1, '200.00', '0.00', '2026-03-08', 'deposit', 'PM', '2026-03-08 21:50:38', '2026-03-08 21:50:38'),
(96, 1, 2, 1, '352.00', '0.00', '2026-03-08', 'deposit', 'PM', '2026-03-08 21:50:38', '2026-03-08 21:50:38'),
(97, 1, 2, 1, '280.00', '0.00', '2026-03-08', 'check-in', 'PM', '2026-03-08 21:51:35', '2026-03-08 21:51:35'),
(98, 1, 2, 1, '200.00', '0.00', '2026-03-08', 'deposit', 'PM', '2026-03-08 21:51:35', '2026-03-08 21:51:35'),
(99, 1, 2, 1, '392.00', '0.00', '2026-03-08', 'check-in', 'PM', '2026-03-08 21:55:36', '2026-03-08 21:55:36'),
(100, 1, 2, 1, '200.00', '0.00', '2026-03-08', 'deposit', 'PM', '2026-03-08 21:55:36', '2026-03-08 21:55:36'),
(101, 1, 2, 1, '8.00', '0.00', '2026-03-08', 'deposit', 'PM', '2026-03-08 21:55:36', '2026-03-08 21:55:36'),
(102, 1, 2, 1, '392.00', '0.00', '2026-03-08', 'check-in', 'PM', '2026-03-08 21:58:45', '2026-03-08 21:58:45'),
(103, 1, 2, 1, '200.00', '0.00', '2026-03-08', 'deposit', 'PM', '2026-03-08 21:58:45', '2026-03-08 21:58:45'),
(104, 1, 2, 1, '8.00', '0.00', '2026-03-08', 'deposit', 'PM', '2026-03-08 21:58:45', '2026-03-08 21:58:45'),
(105, 1, 2, 1, '392.00', '0.00', '2026-03-08', 'check-in', 'PM', '2026-03-08 22:02:57', '2026-03-08 22:02:57'),
(106, 1, 2, 1, '200.00', '0.00', '2026-03-08', 'deposit', 'PM', '2026-03-08 22:02:57', '2026-03-08 22:02:57'),
(107, 1, 2, 1, '8.00', '0.00', '2026-03-08', 'deposit', 'PM', '2026-03-08 22:02:57', '2026-03-08 22:02:57'),
(108, 1, 2, 1, '280.00', '0.00', '2026-03-08', 'check-in', 'PM', '2026-03-08 22:06:05', '2026-03-08 22:06:05'),
(109, 1, 2, 1, '200.00', '0.00', '2026-03-08', 'deposit', 'PM', '2026-03-08 22:06:05', '2026-03-08 22:06:05'),
(110, 1, 2, 1, '392.00', '0.00', '2026-03-08', 'check-in', 'PM', '2026-03-08 22:09:36', '2026-03-08 22:09:36'),
(111, 1, 2, 1, '200.00', '0.00', '2026-03-08', 'deposit', 'PM', '2026-03-08 22:09:36', '2026-03-08 22:09:36'),
(112, 1, 2, 1, '8.00', '0.00', '2026-03-08', 'deposit', 'PM', '2026-03-08 22:09:36', '2026-03-08 22:09:36'),
(113, 1, 2, 1, '0.00', '20.00', '2026-03-08', 'Payment from deposit - Amenities', 'PM', '2026-03-08 22:24:25', '2026-03-08 22:24:25'),
(114, 1, 2, 1, '392.00', '0.00', '2026-03-08', 'check-in', 'PM', '2026-03-08 22:29:20', '2026-03-08 22:29:20'),
(115, 1, 2, 1, '200.00', '0.00', '2026-03-08', 'deposit', 'PM', '2026-03-08 22:29:20', '2026-03-08 22:29:20'),
(116, 1, 2, 1, '408.00', '0.00', '2026-03-08', 'deposit', 'PM', '2026-03-08 22:29:20', '2026-03-08 22:29:20'),
(117, 1, 2, 1, '0.00', '78.00', '2026-03-08', 'Payment from deposit - Food and Beverages', 'PM', '2026-03-08 22:32:14', '2026-03-08 22:32:14'),
(118, 1, 2, 1, '0.00', '15.00', '2026-03-08', 'Payment from deposit - Food and Beverages', 'PM', '2026-03-08 22:32:39', '2026-03-08 22:32:39'),
(119, 1, 2, 1, '0.00', '12.00', '2026-03-08', 'Payment from deposit - Guest Check In', 'PM', '2026-03-08 22:33:28', '2026-03-08 22:33:28'),
(120, 1, 2, 1, '0.00', '15.00', '2026-03-08', 'Payment from deposit - Guest Check In', 'PM', '2026-03-08 22:34:39', '2026-03-08 22:34:39'),
(121, 1, 2, 1, '392.00', '0.00', '2026-03-08', 'check-in', 'PM', '2026-03-08 22:36:57', '2026-03-08 22:36:57'),
(122, 1, 2, 1, '200.00', '0.00', '2026-03-08', 'deposit', 'PM', '2026-03-08 22:36:57', '2026-03-08 22:36:57'),
(123, 1, 2, 1, '392.00', '0.00', '2026-03-08', 'check-in', 'PM', '2026-03-08 22:37:28', '2026-03-08 22:37:28'),
(124, 1, 2, 1, '200.00', '0.00', '2026-03-08', 'deposit', 'PM', '2026-03-08 22:37:28', '2026-03-08 22:37:28'),
(125, 1, 2, 1, '280.00', '0.00', '2026-03-08', 'check-in', 'PM', '2026-03-08 22:40:11', '2026-03-08 22:40:11'),
(126, 1, 2, 1, '200.00', '0.00', '2026-03-08', 'deposit', 'PM', '2026-03-08 22:40:11', '2026-03-08 22:40:11'),
(127, 1, 2, 1, '336.00', '0.00', '2026-03-08', 'check-in', 'PM', '2026-03-08 22:41:04', '2026-03-08 22:41:04'),
(128, 1, 2, 1, '200.00', '0.00', '2026-03-08', 'deposit', 'PM', '2026-03-08 22:41:04', '2026-03-08 22:41:04'),
(129, 1, 2, 1, '280.00', '0.00', '2026-03-08', 'check-in', 'PM', '2026-03-08 22:41:49', '2026-03-08 22:41:49'),
(130, 1, 2, 1, '200.00', '0.00', '2026-03-08', 'deposit', 'PM', '2026-03-08 22:41:49', '2026-03-08 22:41:49'),
(131, 1, 2, 1, '616.00', '0.00', '2026-03-08', 'check-in', 'PM', '2026-03-08 22:43:25', '2026-03-08 22:43:25'),
(132, 1, 2, 1, '200.00', '0.00', '2026-03-08', 'deposit', 'PM', '2026-03-08 22:43:25', '2026-03-08 22:43:25'),
(133, 1, 2, 1, '133.00', '0.00', '2026-03-08', 'deposit', 'PM', '2026-03-08 22:43:25', '2026-03-08 22:43:25'),
(134, 1, 2, 1, '336.00', '0.00', '2026-03-08', 'check-in', 'PM', '2026-03-08 22:45:03', '2026-03-08 22:45:03'),
(135, 1, 2, 1, '200.00', '0.00', '2026-03-08', 'deposit', 'PM', '2026-03-08 22:45:03', '2026-03-08 22:45:03'),
(136, 1, 2, 1, '224.00', '0.00', '2026-03-08', 'check-in', 'PM', '2026-03-08 22:45:11', '2026-03-08 22:45:11'),
(137, 1, 2, 1, '200.00', '0.00', '2026-03-08', 'deposit', 'PM', '2026-03-08 22:45:11', '2026-03-08 22:45:11'),
(138, 1, 2, 1, '392.00', '0.00', '2026-03-08', 'check-in', 'PM', '2026-03-08 22:58:28', '2026-03-08 22:58:28'),
(139, 1, 2, 1, '200.00', '0.00', '2026-03-08', 'deposit', 'PM', '2026-03-08 22:58:28', '2026-03-08 22:58:28'),
(140, 1, 2, 1, '8.00', '0.00', '2026-03-08', 'deposit', 'PM', '2026-03-08 22:58:28', '2026-03-08 22:58:28'),
(141, 1, 2, 1, '280.00', '0.00', '2026-03-08', 'check-in', 'PM', '2026-03-08 22:59:16', '2026-03-08 22:59:16'),
(142, 1, 2, 1, '200.00', '0.00', '2026-03-08', 'deposit', 'PM', '2026-03-08 22:59:16', '2026-03-08 22:59:16'),
(143, 1, 2, 1, '392.00', '0.00', '2026-03-08', 'check-in', 'PM', '2026-03-08 22:59:59', '2026-03-08 22:59:59'),
(144, 1, 2, 1, '200.00', '0.00', '2026-03-08', 'deposit', 'PM', '2026-03-08 22:59:59', '2026-03-08 22:59:59'),
(145, 1, 2, 1, '8.00', '0.00', '2026-03-08', 'deposit', 'PM', '2026-03-08 22:59:59', '2026-03-08 22:59:59'),
(146, 1, 2, 1, '45.00', '0.00', '2026-03-08', 'Payment from Food and Beverages', 'PM', '2026-03-08 23:00:44', '2026-03-08 23:00:44'),
(147, 1, 2, 1, '224.00', '0.00', '2026-03-08', 'check-in', 'PM', '2026-03-08 23:07:43', '2026-03-08 23:07:43'),
(148, 1, 2, 1, '200.00', '0.00', '2026-03-08', 'deposit', 'PM', '2026-03-08 23:07:43', '2026-03-08 23:07:43'),
(149, 1, 2, 1, '280.00', '0.00', '2026-03-08', 'check-in', 'PM', '2026-03-08 23:21:14', '2026-03-08 23:21:14'),
(150, 1, 2, 1, '200.00', '0.00', '2026-03-08', 'deposit', 'PM', '2026-03-08 23:21:14', '2026-03-08 23:21:14'),
(151, 1, 2, 1, '280.00', '0.00', '2026-03-08', 'check-in', 'PM', '2026-03-08 23:22:09', '2026-03-08 23:22:09'),
(152, 1, 2, 1, '200.00', '0.00', '2026-03-08', 'deposit', 'PM', '2026-03-08 23:22:09', '2026-03-08 23:22:09'),
(153, 1, 2, 1, '280.00', '0.00', '2026-03-08', 'check-in', 'PM', '2026-03-08 23:32:12', '2026-03-08 23:32:12'),
(154, 1, 2, 1, '200.00', '0.00', '2026-03-08', 'deposit', 'PM', '2026-03-08 23:32:12', '2026-03-08 23:32:12'),
(155, 1, 2, 1, '280.00', '0.00', '2026-03-08', 'check-in', 'PM', '2026-03-08 23:42:26', '2026-03-08 23:42:26'),
(156, 1, 2, 1, '200.00', '0.00', '2026-03-08', 'deposit', 'PM', '2026-03-08 23:42:26', '2026-03-08 23:42:26'),
(157, 1, 2, 1, '280.00', '0.00', '2026-03-08', 'check-in', 'PM', '2026-03-08 23:44:18', '2026-03-08 23:44:18'),
(158, 1, 2, 1, '200.00', '0.00', '2026-03-08', 'deposit', 'PM', '2026-03-08 23:44:18', '2026-03-08 23:44:18'),
(159, 1, 2, 1, '280.00', '0.00', '2026-03-08', 'check-in', 'PM', '2026-03-08 23:46:02', '2026-03-08 23:46:02'),
(160, 1, 2, 1, '200.00', '0.00', '2026-03-08', 'deposit', 'PM', '2026-03-08 23:46:02', '2026-03-08 23:46:02'),
(161, 1, 2, 1, '280.00', '0.00', '2026-03-08', 'check-in', 'PM', '2026-03-08 23:53:45', '2026-03-08 23:53:45');
INSERT INTO `cash_on_drawers` (`id`, `branch_id`, `frontdesk_id`, `cash_drawer_id`, `amount`, `deduction`, `transaction_date`, `transaction_type`, `shift`, `created_at`, `updated_at`) VALUES
(162, 1, 2, 1, '200.00', '0.00', '2026-03-08', 'deposit', 'PM', '2026-03-08 23:53:45', '2026-03-08 23:53:45'),
(163, 1, 2, 1, '280.00', '0.00', '2026-03-08', 'check-in', 'PM', '2026-03-08 23:57:35', '2026-03-08 23:57:35'),
(164, 1, 2, 1, '200.00', '0.00', '2026-03-08', 'deposit', 'PM', '2026-03-08 23:57:35', '2026-03-08 23:57:35'),
(165, 1, 2, 1, '392.00', '0.00', '2026-03-08', 'check-in', 'PM', '2026-03-08 23:58:11', '2026-03-08 23:58:11'),
(166, 1, 2, 1, '200.00', '0.00', '2026-03-08', 'deposit', 'PM', '2026-03-08 23:58:11', '2026-03-08 23:58:11'),
(167, 1, 2, 1, '8.00', '0.00', '2026-03-08', 'deposit', 'PM', '2026-03-08 23:58:11', '2026-03-08 23:58:11'),
(168, 1, 2, 1, '20.00', '0.00', '2026-03-09', 'Payment from Amenities', 'PM', '2026-03-09 00:06:06', '2026-03-09 00:06:06'),
(169, 1, 2, 1, '280.00', '0.00', '2026-03-09', 'check-in', 'PM', '2026-03-09 00:12:11', '2026-03-09 00:12:11'),
(170, 1, 2, 1, '200.00', '0.00', '2026-03-09', 'deposit', 'PM', '2026-03-09 00:12:11', '2026-03-09 00:12:11'),
(171, 1, 2, 1, '392.00', '0.00', '2026-03-09', 'check-in', 'PM', '2026-03-09 00:14:57', '2026-03-09 00:14:57'),
(172, 1, 2, 1, '200.00', '0.00', '2026-03-09', 'deposit', 'PM', '2026-03-09 00:14:57', '2026-03-09 00:14:57'),
(173, 1, 2, 1, '8.00', '0.00', '2026-03-09', 'deposit', 'PM', '2026-03-09 00:14:57', '2026-03-09 00:14:57'),
(174, 1, 2, 1, '280.00', '0.00', '2026-03-09', 'check-in', 'PM', '2026-03-09 00:16:53', '2026-03-09 00:16:53');
INSERT INTO `cash_on_drawers` (`id`, `branch_id`, `frontdesk_id`, `cash_drawer_id`, `amount`, `deduction`, `transaction_date`, `transaction_type`, `shift`, `created_at`, `updated_at`) VALUES
(175, 1, 2, 1, '200.00', '0.00', '2026-03-09', 'deposit', 'PM', '2026-03-09 00:16:53', '2026-03-09 00:16:53');
INSERT INTO `cash_on_drawers` (`id`, `branch_id`, `frontdesk_id`, `cash_drawer_id`, `amount`, `deduction`, `transaction_date`, `transaction_type`, `shift`, `created_at`, `updated_at`) VALUES
(176, 1, 2, 1, '280.00', '0.00', '2026-03-09', 'check-in', 'PM', '2026-03-09 00:26:31', '2026-03-09 00:26:31');
INSERT INTO `cash_on_drawers` (`id`, `branch_id`, `frontdesk_id`, `cash_drawer_id`, `amount`, `deduction`, `transaction_date`, `transaction_type`, `shift`, `created_at`, `updated_at`) VALUES
(177, 1, 2, 1, '200.00', '0.00', '2026-03-09', 'deposit', 'PM', '2026-03-09 00:26:31', '2026-03-09 00:26:31'),
(178, 1, 2, 1, '392.00', '0.00', '2026-03-09', 'check-in', 'PM', '2026-03-09 00:26:56', '2026-03-09 00:26:56'),
(179, 1, 2, 1, '200.00', '0.00', '2026-03-09', 'deposit', 'PM', '2026-03-09 00:26:57', '2026-03-09 00:26:57'),
(180, 1, 2, 1, '8.00', '0.00', '2026-03-09', 'deposit', 'PM', '2026-03-09 00:26:57', '2026-03-09 00:26:57'),
(181, 1, 2, 1, '392.00', '0.00', '2026-03-09', 'check-in', 'PM', '2026-03-09 00:28:22', '2026-03-09 00:28:22'),
(182, 1, 2, 1, '200.00', '0.00', '2026-03-09', 'deposit', 'PM', '2026-03-09 00:28:22', '2026-03-09 00:28:22'),
(183, 1, 2, 1, '8.00', '0.00', '2026-03-09', 'deposit', 'PM', '2026-03-09 00:28:22', '2026-03-09 00:28:22'),
(184, 1, 2, 1, '0.00', '6.00', '2026-03-09', 'Payment from deposit - Food and Beverages', 'PM', '2026-03-09 00:32:45', '2026-03-09 00:32:45'),
(185, 1, 2, 1, '392.00', '0.00', '2026-03-09', 'check-in', 'PM', '2026-03-09 01:03:52', '2026-03-09 01:03:52'),
(186, 1, 2, 1, '200.00', '0.00', '2026-03-09', 'deposit', 'PM', '2026-03-09 01:03:52', '2026-03-09 01:03:52'),
(187, 1, 2, 1, '8.00', '0.00', '2026-03-09', 'deposit', 'PM', '2026-03-09 01:03:52', '2026-03-09 01:03:52'),
(188, 1, 2, 1, '280.00', '0.00', '2026-03-09', 'check-in', 'PM', '2026-03-09 01:11:20', '2026-03-09 01:11:20'),
(189, 1, 2, 1, '200.00', '0.00', '2026-03-09', 'deposit', 'PM', '2026-03-09 01:11:20', '2026-03-09 01:11:20'),
(190, 1, 2, 1, '392.00', '0.00', '2026-03-09', 'check-in', 'PM', '2026-03-09 01:22:10', '2026-03-09 01:22:10'),
(191, 1, 2, 1, '200.00', '0.00', '2026-03-09', 'deposit', 'PM', '2026-03-09 01:22:10', '2026-03-09 01:22:10'),
(192, 1, 2, 1, '8.00', '0.00', '2026-03-09', 'deposit', 'PM', '2026-03-09 01:22:10', '2026-03-09 01:22:10'),
(193, 1, 2, 1, '392.00', '0.00', '2026-03-09', 'check-in', 'PM', '2026-03-09 01:36:39', '2026-03-09 01:36:39'),
(194, 1, 2, 1, '200.00', '0.00', '2026-03-09', 'deposit', 'PM', '2026-03-09 01:36:39', '2026-03-09 01:36:39'),
(195, 1, 2, 1, '8.00', '0.00', '2026-03-09', 'deposit', 'PM', '2026-03-09 01:36:39', '2026-03-09 01:36:39'),
(196, 1, 2, 1, '280.00', '0.00', '2026-03-09', 'check-in', 'PM', '2026-03-09 01:44:43', '2026-03-09 01:44:43'),
(197, 1, 2, 1, '200.00', '0.00', '2026-03-09', 'deposit', 'PM', '2026-03-09 01:44:43', '2026-03-09 01:44:43'),
(198, 1, 2, 1, '280.00', '0.00', '2026-03-09', 'check-in', 'PM', '2026-03-09 02:02:14', '2026-03-09 02:02:14'),
(199, 1, 2, 1, '200.00', '0.00', '2026-03-09', 'deposit', 'PM', '2026-03-09 02:02:14', '2026-03-09 02:02:14'),
(200, 1, 2, 1, '112.00', '0.00', '2026-03-09', 'Payment from Extension', 'PM', '2026-03-09 02:34:41', '2026-03-09 02:34:41'),
(201, 1, 2, 1, '616.00', '0.00', '2026-03-09', 'check-in', 'PM', '2026-03-09 02:35:29', '2026-03-09 02:35:29'),
(202, 1, 2, 1, '200.00', '0.00', '2026-03-09', 'deposit', 'PM', '2026-03-09 02:35:30', '2026-03-09 02:35:30'),
(203, 1, 2, 1, '68.00', '0.00', '2026-03-09', 'deposit', 'PM', '2026-03-09 02:35:30', '2026-03-09 02:35:30'),
(204, 1, 2, 1, '280.00', '0.00', '2026-03-09', 'check-in', 'PM', '2026-03-09 02:49:25', '2026-03-09 02:49:25'),
(205, 1, 2, 1, '200.00', '0.00', '2026-03-09', 'deposit', 'PM', '2026-03-09 02:49:25', '2026-03-09 02:49:25'),
(206, 1, 2, 1, '280.00', '0.00', '2026-03-09', 'check-in', 'PM', '2026-03-09 02:56:04', '2026-03-09 02:56:04'),
(207, 1, 2, 1, '200.00', '0.00', '2026-03-09', 'deposit', 'PM', '2026-03-09 02:56:04', '2026-03-09 02:56:04'),
(208, 1, 2, 1, '392.00', '0.00', '2026-03-09', 'check-in', 'PM', '2026-03-09 02:59:56', '2026-03-09 02:59:56'),
(209, 1, 2, 1, '200.00', '0.00', '2026-03-09', 'deposit', 'PM', '2026-03-09 02:59:56', '2026-03-09 02:59:56'),
(210, 1, 2, 1, '8.00', '0.00', '2026-03-09', 'deposit', 'PM', '2026-03-09 02:59:56', '2026-03-09 02:59:56'),
(211, 1, 2, 1, '392.00', '0.00', '2026-03-09', 'check-in', 'PM', '2026-03-09 03:01:19', '2026-03-09 03:01:19'),
(212, 1, 2, 1, '200.00', '0.00', '2026-03-09', 'deposit', 'PM', '2026-03-09 03:01:19', '2026-03-09 03:01:19'),
(213, 1, 2, 1, '8.00', '0.00', '2026-03-09', 'deposit', 'PM', '2026-03-09 03:01:19', '2026-03-09 03:01:19'),
(214, 1, 2, 1, '336.00', '0.00', '2026-03-09', 'check-in', 'PM', '2026-03-09 03:39:04', '2026-03-09 03:39:04'),
(215, 1, 2, 1, '200.00', '0.00', '2026-03-09', 'deposit', 'PM', '2026-03-09 03:39:04', '2026-03-09 03:39:04'),
(216, 1, 2, 1, '464.00', '0.00', '2026-03-09', 'deposit', 'PM', '2026-03-09 03:39:04', '2026-03-09 03:39:04'),
(217, 1, 2, 1, '280.00', '0.00', '2026-03-09', 'check-in', 'PM', '2026-03-09 03:48:04', '2026-03-09 03:48:04'),
(218, 1, 2, 1, '200.00', '0.00', '2026-03-09', 'deposit', 'PM', '2026-03-09 03:48:04', '2026-03-09 03:48:04'),
(219, 1, 2, 1, '280.00', '0.00', '2026-03-09', 'check-in', 'PM', '2026-03-09 03:48:51', '2026-03-09 03:48:51'),
(220, 1, 2, 1, '200.00', '0.00', '2026-03-09', 'deposit', 'PM', '2026-03-09 03:48:51', '2026-03-09 03:48:51'),
(221, 1, 2, 1, '280.00', '0.00', '2026-03-09', 'check-in', 'PM', '2026-03-09 03:49:00', '2026-03-09 03:49:00'),
(222, 1, 2, 1, '200.00', '0.00', '2026-03-09', 'deposit', 'PM', '2026-03-09 03:49:00', '2026-03-09 03:49:00'),
(223, 1, 2, 1, '280.00', '0.00', '2026-03-09', 'check-in', 'PM', '2026-03-09 03:58:44', '2026-03-09 03:58:44'),
(224, 1, 2, 1, '200.00', '0.00', '2026-03-09', 'deposit', 'PM', '2026-03-09 03:58:44', '2026-03-09 03:58:44'),
(225, 1, 2, 1, '280.00', '0.00', '2026-03-09', 'check-in', 'PM', '2026-03-09 04:00:08', '2026-03-09 04:00:08'),
(226, 1, 2, 1, '200.00', '0.00', '2026-03-09', 'deposit', 'PM', '2026-03-09 04:00:08', '2026-03-09 04:00:08'),
(227, 1, 2, 1, '280.00', '0.00', '2026-03-09', 'check-in', 'PM', '2026-03-09 04:09:57', '2026-03-09 04:09:57'),
(228, 1, 2, 1, '200.00', '0.00', '2026-03-09', 'deposit', 'PM', '2026-03-09 04:09:57', '2026-03-09 04:09:57'),
(229, 1, 2, 1, '112.00', '0.00', '2026-03-09', 'Payment from Extension', 'PM', '2026-03-09 04:10:43', '2026-03-09 04:10:43'),
(230, 1, 2, 1, '112.00', '0.00', '2026-03-09', 'Payment from Extension', 'PM', '2026-03-09 04:11:15', '2026-03-09 04:11:15'),
(231, 1, 2, 1, '616.00', '0.00', '2026-03-09', 'check-in', 'PM', '2026-03-09 04:12:30', '2026-03-09 04:12:30'),
(232, 1, 2, 1, '200.00', '0.00', '2026-03-09', 'deposit', 'PM', '2026-03-09 04:12:30', '2026-03-09 04:12:30'),
(233, 1, 2, 1, '184.00', '0.00', '2026-03-09', 'deposit', 'PM', '2026-03-09 04:12:30', '2026-03-09 04:12:30'),
(234, 1, 2, 1, '280.00', '0.00', '2026-03-09', 'check-in', 'PM', '2026-03-09 04:32:59', '2026-03-09 04:32:59'),
(235, 1, 2, 1, '200.00', '0.00', '2026-03-09', 'deposit', 'PM', '2026-03-09 04:32:59', '2026-03-09 04:32:59'),
(236, 1, 2, 1, '100.00', '0.00', '2026-03-09', 'Payment from Damage Charges', 'PM', '2026-03-09 04:54:21', '2026-03-09 04:54:21'),
(237, 1, 2, 1, '100.00', '0.00', '2026-03-09', 'Payment from Damage Charges', 'PM', '2026-03-09 04:54:33', '2026-03-09 04:54:33'),
(238, 1, 2, 1, '100.00', '0.00', '2026-03-09', 'Payment from Damage Charges', 'PM', '2026-03-09 04:55:22', '2026-03-09 04:55:22'),
(239, 1, 2, 1, '224.00', '0.00', '2026-03-09', 'check-in', 'PM', '2026-03-09 05:07:25', '2026-03-09 05:07:25'),
(240, 1, 2, 1, '200.00', '0.00', '2026-03-09', 'deposit', 'PM', '2026-03-09 05:07:25', '2026-03-09 05:07:25'),
(241, 1, 2, 1, '336.00', '0.00', '2026-03-09', 'check-in', 'PM', '2026-03-09 05:42:14', '2026-03-09 05:42:14'),
(242, 1, 2, 1, '200.00', '0.00', '2026-03-09', 'deposit', 'PM', '2026-03-09 05:42:14', '2026-03-09 05:42:14'),
(243, 1, 2, 1, '464.00', '0.00', '2026-03-09', 'deposit', 'PM', '2026-03-09 05:42:14', '2026-03-09 05:42:14'),
(244, 1, 2, 1, '112.00', '0.00', '2026-03-09', 'Payment from Extension', 'PM', '2026-03-09 05:46:13', '2026-03-09 05:46:13'),
(245, 1, 2, 1, '112.00', '0.00', '2026-03-09', 'Payment from Extension', 'PM', '2026-03-09 06:16:18', '2026-03-09 06:16:18'),
(246, 1, 2, 1, '392.00', '0.00', '2026-03-09', 'check-in', 'PM', '2026-03-09 06:17:42', '2026-03-09 06:17:42'),
(247, 1, 2, 1, '200.00', '0.00', '2026-03-09', 'deposit', 'PM', '2026-03-09 06:17:42', '2026-03-09 06:17:42'),
(248, 1, 2, 1, '8.00', '0.00', '2026-03-09', 'deposit', 'PM', '2026-03-09 06:17:42', '2026-03-09 06:17:42'),
(249, 1, 2, 1, '1232.00', '0.00', '2026-03-09', 'check-in', 'PM', '2026-03-09 06:55:11', '2026-03-09 06:55:11'),
(250, 1, 2, 1, '200.00', '0.00', '2026-03-09', 'deposit', 'PM', '2026-03-09 06:55:11', '2026-03-09 06:55:11'),
(251, 1, 2, 1, '68.00', '0.00', '2026-03-09', 'deposit', 'PM', '2026-03-09 06:55:11', '2026-03-09 06:55:11'),
(252, 1, 2, 1, '616.00', '0.00', '2026-03-09', 'check-in', 'PM', '2026-03-09 07:09:20', '2026-03-09 07:09:20'),
(253, 1, 2, 1, '200.00', '0.00', '2026-03-09', 'deposit', 'PM', '2026-03-09 07:09:20', '2026-03-09 07:09:20'),
(254, 1, 3, 1, '616.00', '0.00', '2026-03-09', 'check-in', 'AM', '2026-03-09 08:04:19', '2026-03-09 08:04:19'),
(255, 1, 3, 1, '200.00', '0.00', '2026-03-09', 'deposit', 'AM', '2026-03-09 08:04:19', '2026-03-09 08:04:19'),
(256, 1, 3, 1, '616.00', '0.00', '2026-03-09', 'check-in', 'AM', '2026-03-09 08:13:17', '2026-03-09 08:13:17'),
(257, 1, 3, 1, '200.00', '0.00', '2026-03-09', 'deposit', 'AM', '2026-03-09 08:13:17', '2026-03-09 08:13:17'),
(258, 1, 3, 1, '0.00', '224.00', '2026-03-09', 'Payment from deposit - Extension', 'AM', '2026-03-09 08:30:35', '2026-03-09 08:30:35'),
(259, 1, 3, 1, '200.00', '0.00', '2026-03-09', 'Paid all unpaid bills', 'AM', '2026-03-09 09:04:32', '2026-03-09 09:04:32'),
(260, 1, 3, 1, '336.00', '0.00', '2026-03-09', 'check-in', 'AM', '2026-03-09 09:16:45', '2026-03-09 09:16:45'),
(261, 1, 3, 1, '200.00', '0.00', '2026-03-09', 'deposit', 'AM', '2026-03-09 09:16:45', '2026-03-09 09:16:45'),
(262, 1, 3, 1, '560.00', '0.00', '2026-03-09', 'check-in', 'AM', '2026-03-09 09:19:16', '2026-03-09 09:19:16'),
(263, 1, 3, 1, '200.00', '0.00', '2026-03-09', 'deposit', 'AM', '2026-03-09 09:19:16', '2026-03-09 09:19:16'),
(264, 1, 3, 1, '616.00', '0.00', '2026-03-09', 'check-in', 'AM', '2026-03-09 09:21:13', '2026-03-09 09:21:13'),
(265, 1, 3, 1, '200.00', '0.00', '2026-03-09', 'deposit', 'AM', '2026-03-09 09:21:13', '2026-03-09 09:21:13'),
(266, 1, 3, 1, '0.00', '200.00', '2026-03-09', 'Payment from deposit - Guest Check In', 'AM', '2026-03-09 09:26:22', '2026-03-09 09:26:22'),
(267, 1, 3, 1, '392.00', '0.00', '2026-03-09', 'check-in', 'AM', '2026-03-09 09:32:47', '2026-03-09 09:32:47'),
(268, 1, 3, 1, '200.00', '0.00', '2026-03-09', 'deposit', 'AM', '2026-03-09 09:32:47', '2026-03-09 09:32:47'),
(269, 1, 3, 1, '0.00', '100.00', '2026-03-09', 'Payment from deposit - Damage Charges', 'AM', '2026-03-09 09:48:32', '2026-03-09 09:48:32'),
(270, 1, 3, 1, '112.00', '0.00', '2026-03-09', 'Paid all unpaid bills', 'AM', '2026-03-09 09:53:18', '2026-03-09 09:53:18'),
(271, 1, 3, 1, '0.00', '112.00', '2026-03-09', 'Payment from deposit - Guest Check In', 'AM', '2026-03-09 09:55:15', '2026-03-09 09:55:15'),
(272, 1, 3, 1, '280.00', '0.00', '2026-03-09', 'check-in', 'AM', '2026-03-09 09:56:47', '2026-03-09 09:56:47'),
(273, 1, 3, 1, '200.00', '0.00', '2026-03-09', 'deposit', 'AM', '2026-03-09 09:56:47', '2026-03-09 09:56:47'),
(274, 1, 3, 1, '280.00', '0.00', '2026-03-09', 'check-in', 'AM', '2026-03-09 09:57:15', '2026-03-09 09:57:15'),
(275, 1, 3, 1, '200.00', '0.00', '2026-03-09', 'deposit', 'AM', '2026-03-09 09:57:15', '2026-03-09 09:57:15'),
(276, 1, 3, 1, '280.00', '0.00', '2026-03-09', 'check-in', 'AM', '2026-03-09 10:00:48', '2026-03-09 10:00:48'),
(277, 1, 3, 1, '200.00', '0.00', '2026-03-09', 'deposit', 'AM', '2026-03-09 10:00:48', '2026-03-09 10:00:48'),
(278, 1, 3, 1, '280.00', '0.00', '2026-03-09', 'check-in', 'AM', '2026-03-09 10:05:50', '2026-03-09 10:05:50'),
(279, 1, 3, 1, '200.00', '0.00', '2026-03-09', 'deposit', 'AM', '2026-03-09 10:05:50', '2026-03-09 10:05:50'),
(280, 1, 3, 1, '280.00', '0.00', '2026-03-09', 'check-in', 'AM', '2026-03-09 10:16:17', '2026-03-09 10:16:17'),
(281, 1, 3, 1, '200.00', '0.00', '2026-03-09', 'deposit', 'AM', '2026-03-09 10:16:17', '2026-03-09 10:16:17'),
(282, 1, 3, 1, '112.00', '0.00', '2026-03-09', 'Payment from Extension', 'AM', '2026-03-09 10:19:17', '2026-03-09 10:19:17'),
(283, 1, 3, 1, '112.00', '0.00', '2026-03-09', 'Payment from Extension', 'AM', '2026-03-09 10:26:02', '2026-03-09 10:26:02'),
(284, 1, 3, 1, '616.00', '0.00', '2026-03-09', 'check-in', 'AM', '2026-03-09 10:43:27', '2026-03-09 10:43:27'),
(285, 1, 3, 1, '200.00', '0.00', '2026-03-09', 'deposit', 'AM', '2026-03-09 10:43:27', '2026-03-09 10:43:27'),
(286, 1, 3, 1, '224.00', '0.00', '2026-03-09', 'check-in', 'AM', '2026-03-09 11:07:21', '2026-03-09 11:07:21'),
(287, 1, 3, 1, '200.00', '0.00', '2026-03-09', 'deposit', 'AM', '2026-03-09 11:07:21', '2026-03-09 11:07:21'),
(288, 1, 3, 1, '112.00', '0.00', '2026-03-09', 'Paid all unpaid bills', 'AM', '2026-03-09 11:21:22', '2026-03-09 11:21:22'),
(289, 1, 3, 1, '560.00', '0.00', '2026-03-09', 'check-in', 'AM', '2026-03-09 11:48:03', '2026-03-09 11:48:03'),
(290, 1, 3, 1, '200.00', '0.00', '2026-03-09', 'deposit', 'AM', '2026-03-09 11:48:03', '2026-03-09 11:48:03'),
(291, 1, 3, 1, '240.00', '0.00', '2026-03-09', 'deposit', 'AM', '2026-03-09 11:48:03', '2026-03-09 11:48:03'),
(292, 1, 3, 1, '280.00', '0.00', '2026-03-09', 'check-in', 'AM', '2026-03-09 11:50:42', '2026-03-09 11:50:42'),
(293, 1, 3, 1, '200.00', '0.00', '2026-03-09', 'deposit', 'AM', '2026-03-09 11:50:42', '2026-03-09 11:50:42'),
(294, 1, 3, 1, '280.00', '0.00', '2026-03-09', 'check-in', 'AM', '2026-03-09 11:59:49', '2026-03-09 11:59:49'),
(295, 1, 3, 1, '200.00', '0.00', '2026-03-09', 'deposit', 'AM', '2026-03-09 11:59:49', '2026-03-09 11:59:49'),
(296, 1, 3, 1, '280.00', '0.00', '2026-03-09', 'check-in', 'AM', '2026-03-09 12:03:23', '2026-03-09 12:03:23'),
(297, 1, 3, 1, '200.00', '0.00', '2026-03-09', 'deposit', 'AM', '2026-03-09 12:03:23', '2026-03-09 12:03:23'),
(298, 1, 3, 1, '560.00', '0.00', '2026-03-09', 'check-in', 'AM', '2026-03-09 12:19:22', '2026-03-09 12:19:22'),
(299, 1, 3, 1, '200.00', '0.00', '2026-03-09', 'deposit', 'AM', '2026-03-09 12:19:22', '2026-03-09 12:19:22'),
(300, 1, 3, 1, '240.00', '0.00', '2026-03-09', 'deposit', 'AM', '2026-03-09 12:19:22', '2026-03-09 12:19:22'),
(301, 1, 3, 1, '336.00', '0.00', '2026-03-09', 'check-in', 'AM', '2026-03-09 12:23:51', '2026-03-09 12:23:51'),
(302, 1, 3, 1, '200.00', '0.00', '2026-03-09', 'deposit', 'AM', '2026-03-09 12:23:51', '2026-03-09 12:23:51'),
(303, 1, 3, 1, '464.00', '0.00', '2026-03-09', 'deposit', 'AM', '2026-03-09 12:23:51', '2026-03-09 12:23:51'),
(304, 1, 3, 1, '280.00', '0.00', '2026-03-09', 'check-in', 'AM', '2026-03-09 12:28:11', '2026-03-09 12:28:11'),
(305, 1, 3, 1, '200.00', '0.00', '2026-03-09', 'deposit', 'AM', '2026-03-09 12:28:11', '2026-03-09 12:28:11'),
(306, 1, 3, 1, '392.00', '0.00', '2026-03-09', 'check-in', 'AM', '2026-03-09 12:43:40', '2026-03-09 12:43:40'),
(307, 1, 3, 1, '200.00', '0.00', '2026-03-09', 'deposit', 'AM', '2026-03-09 12:43:40', '2026-03-09 12:43:40'),
(308, 1, 3, 1, '392.00', '0.00', '2026-03-09', 'check-in', 'AM', '2026-03-09 12:50:34', '2026-03-09 12:50:34'),
(309, 1, 3, 1, '200.00', '0.00', '2026-03-09', 'deposit', 'AM', '2026-03-09 12:50:34', '2026-03-09 12:50:34'),
(310, 1, 3, 1, '224.00', '0.00', '2026-03-09', 'check-in', 'AM', '2026-03-09 12:54:27', '2026-03-09 12:54:27'),
(311, 1, 3, 1, '200.00', '0.00', '2026-03-09', 'deposit', 'AM', '2026-03-09 12:54:27', '2026-03-09 12:54:27'),
(312, 1, 3, 1, '280.00', '0.00', '2026-03-09', 'check-in', 'AM', '2026-03-09 12:59:08', '2026-03-09 12:59:08'),
(313, 1, 3, 1, '200.00', '0.00', '2026-03-09', 'deposit', 'AM', '2026-03-09 12:59:08', '2026-03-09 12:59:08'),
(314, 1, 3, 1, '112.00', '0.00', '2026-03-09', 'Payment from Extension', 'AM', '2026-03-09 13:02:23', '2026-03-09 13:02:23'),
(315, 1, 3, 1, '280.00', '0.00', '2026-03-09', 'check-in', 'AM', '2026-03-09 13:04:35', '2026-03-09 13:04:35'),
(316, 1, 3, 1, '200.00', '0.00', '2026-03-09', 'deposit', 'AM', '2026-03-09 13:04:35', '2026-03-09 13:04:35'),
(317, 1, 3, 1, '280.00', '0.00', '2026-03-09', 'check-in', 'AM', '2026-03-09 13:17:02', '2026-03-09 13:17:02'),
(318, 1, 3, 1, '200.00', '0.00', '2026-03-09', 'deposit', 'AM', '2026-03-09 13:17:02', '2026-03-09 13:17:02'),
(319, 1, 3, 1, '616.00', '0.00', '2026-03-09', 'check-in', 'AM', '2026-03-09 13:19:06', '2026-03-09 13:19:06'),
(320, 1, 3, 1, '200.00', '0.00', '2026-03-09', 'deposit', 'AM', '2026-03-09 13:19:06', '2026-03-09 13:19:06'),
(321, 1, 3, 1, '616.00', '0.00', '2026-03-09', 'check-in', 'AM', '2026-03-09 13:21:55', '2026-03-09 13:21:55'),
(322, 1, 3, 1, '200.00', '0.00', '2026-03-09', 'deposit', 'AM', '2026-03-09 13:21:55', '2026-03-09 13:21:55'),
(323, 1, 3, 1, '616.00', '0.00', '2026-03-09', 'check-in', 'AM', '2026-03-09 13:25:03', '2026-03-09 13:25:03'),
(324, 1, 3, 1, '200.00', '0.00', '2026-03-09', 'deposit', 'AM', '2026-03-09 13:25:03', '2026-03-09 13:25:03'),
(325, 1, 3, 1, '184.00', '0.00', '2026-03-09', 'deposit', 'AM', '2026-03-09 13:25:03', '2026-03-09 13:25:03'),
(326, 1, 3, 1, '280.00', '0.00', '2026-03-09', 'check-in', 'AM', '2026-03-09 13:25:36', '2026-03-09 13:25:36'),
(327, 1, 3, 1, '200.00', '0.00', '2026-03-09', 'deposit', 'AM', '2026-03-09 13:25:36', '2026-03-09 13:25:36'),
(328, 1, 3, 1, '280.00', '0.00', '2026-03-09', 'check-in', 'AM', '2026-03-09 13:26:21', '2026-03-09 13:26:21'),
(329, 1, 3, 1, '200.00', '0.00', '2026-03-09', 'deposit', 'AM', '2026-03-09 13:26:21', '2026-03-09 13:26:21'),
(330, 1, 3, 1, '112.00', '0.00', '2026-03-09', 'Payment from Extension', 'AM', '2026-03-09 13:27:09', '2026-03-09 13:27:09'),
(331, 1, 3, 1, '280.00', '0.00', '2026-03-09', 'check-in', 'AM', '2026-03-09 13:29:12', '2026-03-09 13:29:12'),
(332, 1, 3, 1, '200.00', '0.00', '2026-03-09', 'deposit', 'AM', '2026-03-09 13:29:12', '2026-03-09 13:29:12'),
(333, 1, 3, 1, '616.00', '0.00', '2026-03-09', 'check-in', 'AM', '2026-03-09 13:36:07', '2026-03-09 13:36:07'),
(334, 1, 3, 1, '200.00', '0.00', '2026-03-09', 'deposit', 'AM', '2026-03-09 13:36:07', '2026-03-09 13:36:07'),
(335, 1, 3, 1, '184.00', '0.00', '2026-03-09', 'deposit', 'AM', '2026-03-09 13:36:07', '2026-03-09 13:36:07'),
(336, 1, 3, 1, '280.00', '0.00', '2026-03-09', 'check-in', 'AM', '2026-03-09 13:36:55', '2026-03-09 13:36:55'),
(337, 1, 3, 1, '200.00', '0.00', '2026-03-09', 'deposit', 'AM', '2026-03-09 13:36:55', '2026-03-09 13:36:55'),
(338, 1, 3, 1, '112.00', '0.00', '2026-03-09', 'Payment from Extension', 'AM', '2026-03-09 13:42:22', '2026-03-09 13:42:22'),
(339, 1, 3, 1, '280.00', '0.00', '2026-03-09', 'check-in', 'AM', '2026-03-09 13:43:46', '2026-03-09 13:43:46'),
(340, 1, 3, 1, '200.00', '0.00', '2026-03-09', 'deposit', 'AM', '2026-03-09 13:43:46', '2026-03-09 13:43:46'),
(341, 1, 3, 1, '280.00', '0.00', '2026-03-09', 'check-in', 'AM', '2026-03-09 13:56:28', '2026-03-09 13:56:28'),
(342, 1, 3, 1, '200.00', '0.00', '2026-03-09', 'deposit', 'AM', '2026-03-09 13:56:28', '2026-03-09 13:56:28'),
(343, 1, 3, 1, '0.00', '55.00', '2026-03-09', 'Payment from deposit - Food and Beverages', 'AM', '2026-03-09 14:10:41', '2026-03-09 14:10:41'),
(344, 1, 3, 1, '560.00', '0.00', '2026-03-09', 'check-in', 'AM', '2026-03-09 14:21:18', '2026-03-09 14:21:18'),
(345, 1, 3, 1, '200.00', '0.00', '2026-03-09', 'deposit', 'AM', '2026-03-09 14:21:18', '2026-03-09 14:21:18'),
(346, 1, 3, 1, '280.00', '0.00', '2026-03-09', 'check-in', 'AM', '2026-03-09 14:22:42', '2026-03-09 14:22:42'),
(347, 1, 3, 1, '200.00', '0.00', '2026-03-09', 'deposit', 'AM', '2026-03-09 14:22:42', '2026-03-09 14:22:42'),
(348, 1, 3, 1, '224.00', '0.00', '2026-03-09', 'check-in', 'AM', '2026-03-09 14:27:05', '2026-03-09 14:27:05'),
(349, 1, 3, 1, '200.00', '0.00', '2026-03-09', 'deposit', 'AM', '2026-03-09 14:27:05', '2026-03-09 14:27:05'),
(350, 1, 3, 1, '224.00', '0.00', '2026-03-09', 'check-in', 'AM', '2026-03-09 14:28:26', '2026-03-09 14:28:26'),
(351, 1, 3, 1, '200.00', '0.00', '2026-03-09', 'deposit', 'AM', '2026-03-09 14:28:26', '2026-03-09 14:28:26'),
(352, 1, 3, 1, '392.00', '0.00', '2026-03-09', 'check-in', 'AM', '2026-03-09 14:33:09', '2026-03-09 14:33:09'),
(353, 1, 3, 1, '200.00', '0.00', '2026-03-09', 'deposit', 'AM', '2026-03-09 14:33:09', '2026-03-09 14:33:09'),
(354, 1, 3, 1, '672.00', '0.00', '2026-03-09', 'check-in', 'AM', '2026-03-09 14:36:49', '2026-03-09 14:36:49'),
(355, 1, 3, 1, '200.00', '0.00', '2026-03-09', 'deposit', 'AM', '2026-03-09 14:36:49', '2026-03-09 14:36:49'),
(356, 1, 3, 1, '128.00', '0.00', '2026-03-09', 'deposit', 'AM', '2026-03-09 14:36:49', '2026-03-09 14:36:49'),
(357, 1, 3, 1, '280.00', '0.00', '2026-03-09', 'check-in', 'AM', '2026-03-09 14:37:45', '2026-03-09 14:37:45'),
(358, 1, 3, 1, '200.00', '0.00', '2026-03-09', 'deposit', 'AM', '2026-03-09 14:37:45', '2026-03-09 14:37:45'),
(359, 1, 3, 1, '280.00', '0.00', '2026-03-09', 'check-in', 'AM', '2026-03-09 14:43:33', '2026-03-09 14:43:33'),
(360, 1, 3, 1, '200.00', '0.00', '2026-03-09', 'deposit', 'AM', '2026-03-09 14:43:33', '2026-03-09 14:43:33'),
(361, 1, 3, 1, '448.00', '0.00', '2026-03-09', 'check-in', 'AM', '2026-03-09 14:50:46', '2026-03-09 14:50:46'),
(362, 1, 3, 1, '200.00', '0.00', '2026-03-09', 'deposit', 'AM', '2026-03-09 14:50:46', '2026-03-09 14:50:46'),
(363, 1, 3, 1, '336.00', '0.00', '2026-03-09', 'check-in', 'AM', '2026-03-09 14:51:55', '2026-03-09 14:51:55'),
(364, 1, 3, 1, '200.00', '0.00', '2026-03-09', 'deposit', 'AM', '2026-03-09 14:51:55', '2026-03-09 14:51:55'),
(365, 1, 3, 1, '464.00', '0.00', '2026-03-09', 'deposit', 'AM', '2026-03-09 14:51:55', '2026-03-09 14:51:55'),
(366, 1, 3, 1, '280.00', '0.00', '2026-03-09', 'check-in', 'AM', '2026-03-09 14:59:01', '2026-03-09 14:59:01'),
(367, 1, 3, 1, '200.00', '0.00', '2026-03-09', 'deposit', 'AM', '2026-03-09 14:59:01', '2026-03-09 14:59:01'),
(368, 1, 3, 1, '280.00', '0.00', '2026-03-09', 'check-in', 'AM', '2026-03-09 14:59:47', '2026-03-09 14:59:47'),
(369, 1, 3, 1, '200.00', '0.00', '2026-03-09', 'deposit', 'AM', '2026-03-09 14:59:47', '2026-03-09 14:59:47'),
(370, 1, 3, 1, '112.00', '0.00', '2026-03-09', 'Payment from Extension', 'AM', '2026-03-09 15:01:15', '2026-03-09 15:01:15'),
(371, 1, 3, 1, '112.00', '0.00', '2026-03-09', 'Payment from Extension', 'AM', '2026-03-09 15:03:49', '2026-03-09 15:03:49'),
(372, 1, 3, 1, '616.00', '0.00', '2026-03-09', 'check-in', 'AM', '2026-03-09 15:10:07', '2026-03-09 15:10:07'),
(373, 1, 3, 1, '200.00', '0.00', '2026-03-09', 'deposit', 'AM', '2026-03-09 15:10:07', '2026-03-09 15:10:07'),
(374, 1, 3, 1, '184.00', '0.00', '2026-03-09', 'deposit', 'AM', '2026-03-09 15:10:07', '2026-03-09 15:10:07'),
(375, 1, 3, 1, '616.00', '0.00', '2026-03-09', 'check-in', 'AM', '2026-03-09 15:11:33', '2026-03-09 15:11:33'),
(376, 1, 3, 1, '200.00', '0.00', '2026-03-09', 'deposit', 'AM', '2026-03-09 15:11:33', '2026-03-09 15:11:33'),
(377, 1, 3, 1, '184.00', '0.00', '2026-03-09', 'deposit', 'AM', '2026-03-09 15:11:33', '2026-03-09 15:11:33'),
(378, 1, 3, 1, '280.00', '0.00', '2026-03-09', 'check-in', 'AM', '2026-03-09 15:17:29', '2026-03-09 15:17:29'),
(379, 1, 3, 1, '200.00', '0.00', '2026-03-09', 'deposit', 'AM', '2026-03-09 15:17:29', '2026-03-09 15:17:29'),
(380, 1, 3, 1, '50.00', '0.00', '2026-03-09', 'Payment from Damage Charges', 'AM', '2026-03-09 15:28:36', '2026-03-09 15:28:36'),
(381, 1, 3, 1, '280.00', '0.00', '2026-03-09', 'check-in', 'AM', '2026-03-09 15:32:52', '2026-03-09 15:32:52'),
(382, 1, 3, 1, '200.00', '0.00', '2026-03-09', 'deposit', 'AM', '2026-03-09 15:32:52', '2026-03-09 15:32:52'),
(383, 1, 3, 1, '616.00', '0.00', '2026-03-09', 'check-in', 'AM', '2026-03-09 15:40:15', '2026-03-09 15:40:15'),
(384, 1, 3, 1, '200.00', '0.00', '2026-03-09', 'deposit', 'AM', '2026-03-09 15:40:15', '2026-03-09 15:40:15'),
(385, 1, 3, 1, '560.00', '0.00', '2026-03-09', 'check-in', 'AM', '2026-03-09 15:49:20', '2026-03-09 15:49:20'),
(386, 1, 3, 1, '200.00', '0.00', '2026-03-09', 'deposit', 'AM', '2026-03-09 15:49:20', '2026-03-09 15:49:20'),
(387, 1, 3, 1, '560.00', '0.00', '2026-03-09', 'check-in', 'AM', '2026-03-09 15:53:04', '2026-03-09 15:53:04'),
(388, 1, 3, 1, '200.00', '0.00', '2026-03-09', 'deposit', 'AM', '2026-03-09 15:53:04', '2026-03-09 15:53:04'),
(389, 1, 3, 1, '616.00', '0.00', '2026-03-09', 'check-in', 'AM', '2026-03-09 16:02:05', '2026-03-09 16:02:05'),
(390, 1, 3, 1, '200.00', '0.00', '2026-03-09', 'deposit', 'AM', '2026-03-09 16:02:05', '2026-03-09 16:02:05');

INSERT INTO `check_out_guest_reports` (`id`, `room_id`, `checkin_details_id`, `shift_date`, `shift`, `frontdesk_id`, `partner_name`, `created_at`, `updated_at`) VALUES
(1, 97, 34, 'March 8, 2026', 'PM', 2, 'N/A', '2026-03-09 01:54:09', '2026-03-09 01:54:09');
INSERT INTO `check_out_guest_reports` (`id`, `room_id`, `checkin_details_id`, `shift_date`, `shift`, `frontdesk_id`, `partner_name`, `created_at`, `updated_at`) VALUES
(2, 216, 24, 'March 8, 2026', 'PM', 2, 'N/A', '2026-03-09 02:39:40', '2026-03-09 02:39:40');
INSERT INTO `check_out_guest_reports` (`id`, `room_id`, `checkin_details_id`, `shift_date`, `shift`, `frontdesk_id`, `partner_name`, `created_at`, `updated_at`) VALUES
(3, 55, 30, 'March 8, 2026', 'PM', 2, 'N/A', '2026-03-09 02:51:55', '2026-03-09 02:51:55');
INSERT INTO `check_out_guest_reports` (`id`, `room_id`, `checkin_details_id`, `shift_date`, `shift`, `frontdesk_id`, `partner_name`, `created_at`, `updated_at`) VALUES
(4, 85, 23, 'March 8, 2026', 'PM', 2, 'N/A', '2026-03-09 03:04:23', '2026-03-09 03:04:23'),
(5, 10, 53, 'March 8, 2026', 'PM', 2, 'N/A', '2026-03-09 03:48:27', '2026-03-09 03:48:27'),
(6, 20, 54, 'March 8, 2026', 'PM', 2, 'N/A', '2026-03-09 03:48:36', '2026-03-09 03:48:36'),
(7, 110, 38, 'March 8, 2026', 'PM', 2, 'N/A', '2026-03-09 03:53:57', '2026-03-09 03:53:57'),
(8, 112, 43, 'March 8, 2026', 'PM', 2, 'N/A', '2026-03-09 04:12:55', '2026-03-09 04:12:55'),
(9, 49, 45, 'March 8, 2026', 'PM', 2, 'N/A', '2026-03-09 04:21:16', '2026-03-09 04:21:16'),
(10, 117, 50, 'March 8, 2026', 'PM', 2, 'N/A', '2026-03-09 04:37:07', '2026-03-09 04:37:07'),
(11, 61, 57, 'March 8, 2026', 'PM', 2, 'N/A', '2026-03-09 04:50:44', '2026-03-09 04:50:44'),
(12, 1, 7, 'March 8, 2026', 'PM', 2, 'N/A', '2026-03-09 04:56:27', '2026-03-09 04:56:27'),
(13, 116, 49, 'March 8, 2026', 'PM', 2, 'N/A', '2026-03-09 04:57:10', '2026-03-09 04:57:10'),
(14, 208, 83, 'March 8, 2026', 'PM', 2, 'N/A', '2026-03-09 04:57:55', '2026-03-09 04:57:55'),
(15, 136, 62, 'March 8, 2026', 'PM', 2, 'N/A', '2026-03-09 04:58:26', '2026-03-09 04:58:26'),
(16, 62, 19, 'March 8, 2026', 'PM', 2, 'N/A', '2026-03-09 04:59:15', '2026-03-09 04:59:15'),
(17, 202, 69, 'March 8, 2026', 'PM', 2, 'N/A', '2026-03-09 05:01:32', '2026-03-09 05:01:32'),
(18, 3, 11, 'March 8, 2026', 'PM', 2, 'N/A', '2026-03-09 05:03:24', '2026-03-09 05:03:24'),
(19, 118, 59, 'March 8, 2026', 'PM', 2, 'N/A', '2026-03-09 05:05:20', '2026-03-09 05:05:20'),
(20, 6, 39, 'March 8, 2026', 'PM', 2, 'N/A', '2026-03-09 05:18:25', '2026-03-09 05:18:25'),
(21, 113, 58, 'March 8, 2026', 'PM', 2, 'N/A', '2026-03-09 05:18:57', '2026-03-09 05:18:57'),
(22, 89, 52, 'March 8, 2026', 'PM', 2, 'N/A', '2026-03-09 05:21:57', '2026-03-09 05:21:57'),
(23, 143, 56, 'March 8, 2026', 'PM', 2, 'N/A', '2026-03-09 05:25:47', '2026-03-09 05:25:47'),
(24, 175, 55, 'March 8, 2026', 'PM', 2, 'N/A', '2026-03-09 05:32:38', '2026-03-09 05:32:38'),
(25, 96, 42, 'March 8, 2026', 'PM', 2, 'N/A', '2026-03-09 05:34:52', '2026-03-09 05:34:52'),
(26, 2, 76, 'March 8, 2026', 'PM', 2, 'N/A', '2026-03-09 05:35:53', '2026-03-09 05:35:53'),
(27, 107, 41, 'March 8, 2026', 'PM', 2, 'N/A', '2026-03-09 05:52:43', '2026-03-09 05:52:43'),
(28, 229, 48, 'March 8, 2026', 'PM', 2, 'N/A', '2026-03-09 05:56:02', '2026-03-09 05:56:02'),
(29, 18, 47, 'March 8, 2026', 'PM', 2, 'N/A', '2026-03-09 05:58:46', '2026-03-09 05:58:46'),
(30, 178, 3, 'March 8, 2026', 'PM', 2, 'N/A', '2026-03-09 06:03:25', '2026-03-09 06:03:25'),
(31, 174, 26, 'March 8, 2026', 'PM', 2, 'N/A', '2026-03-09 06:03:56', '2026-03-09 06:03:56'),
(32, 139, 28, 'March 8, 2026', 'PM', 2, 'N/A', '2026-03-09 06:04:32', '2026-03-09 06:04:32'),
(33, 7, 37, 'March 8, 2026', 'PM', 2, 'N/A', '2026-03-09 06:08:29', '2026-03-09 06:08:29'),
(34, 9, 36, 'March 8, 2026', 'PM', 2, 'N/A', '2026-03-09 06:08:53', '2026-03-09 06:08:53'),
(35, 125, 64, 'March 8, 2026', 'PM', 2, 'N/A', '2026-03-09 06:09:55', '2026-03-09 06:09:55'),
(36, 92, 17, 'March 8, 2026', 'PM', 2, 'N/A', '2026-03-09 06:14:53', '2026-03-09 06:14:53'),
(37, 132, 4, 'March 8, 2026', 'PM', 2, 'N/A', '2026-03-09 06:25:51', '2026-03-09 06:25:51'),
(38, 43, 6, 'March 8, 2026', 'PM', 2, 'N/A', '2026-03-09 06:35:53', '2026-03-09 06:35:53'),
(39, 17, 15, 'March 8, 2026', 'PM', 2, 'N/A', '2026-03-09 07:18:10', '2026-03-09 07:18:10'),
(40, 34, 18, 'March 8, 2026', 'PM', 2, 'N/A', '2026-03-09 07:18:20', '2026-03-09 07:18:20'),
(41, 103, 29, 'March 9, 2026', 'PM', 3, 'N/A', '2026-03-09 07:35:00', '2026-03-09 07:35:00'),
(42, 200, 73, 'March 9, 2026', 'PM', 3, 'N/A', '2026-03-09 07:48:05', '2026-03-09 07:48:05'),
(43, 12, 9, 'March 9, 2026', 'PM', 3, 'N/A', '2026-03-09 07:49:21', '2026-03-09 07:49:21'),
(44, 84, 1, 'March 9, 2026', 'PM', 3, 'N/A', '2026-03-09 07:51:25', '2026-03-09 07:51:25'),
(45, 8, 12, 'March 9, 2026', 'PM', 3, 'N/A', '2026-03-09 07:55:39', '2026-03-09 07:55:39'),
(46, 147, 32, 'March 9, 2026', 'AM', 3, 'N/A', '2026-03-09 08:02:27', '2026-03-09 08:02:27'),
(47, 162, 13, 'March 9, 2026', 'AM', 3, 'N/A', '2026-03-09 08:08:29', '2026-03-09 08:08:29'),
(48, 97, 75, 'March 9, 2026', 'AM', 3, 'N/A', '2026-03-09 08:08:55', '2026-03-09 08:08:55'),
(49, 120, 25, 'March 9, 2026', 'AM', 3, 'N/A', '2026-03-09 08:39:01', '2026-03-09 08:39:01'),
(50, 55, 84, 'March 9, 2026', 'AM', 3, 'N/A', '2026-03-09 08:49:57', '2026-03-09 08:49:57'),
(51, 50, 68, 'March 9, 2026', 'AM', 3, 'N/A', '2026-03-09 08:51:14', '2026-03-09 08:51:14'),
(52, 83, 21, 'March 9, 2026', 'AM', 3, 'N/A', '2026-03-09 08:52:33', '2026-03-09 08:52:33'),
(53, 70, 20, 'March 9, 2026', 'AM', 3, 'N/A', '2026-03-09 08:53:42', '2026-03-09 08:53:42'),
(54, 75, 22, 'March 9, 2026', 'AM', 3, 'N/A', '2026-03-09 09:05:22', '2026-03-09 09:05:22'),
(55, 123, 60, 'March 9, 2026', 'AM', 3, 'N/A', '2026-03-09 09:11:51', '2026-03-09 09:11:51'),
(56, 32, 31, 'March 9, 2026', 'AM', 3, 'N/A', '2026-03-09 09:19:41', '2026-03-09 09:19:41'),
(57, 185, 65, 'March 9, 2026', 'AM', 3, 'N/A', '2026-03-09 09:30:00', '2026-03-09 09:30:00'),
(58, 85, 80, 'March 9, 2026', 'AM', 3, 'N/A', '2026-03-09 09:30:58', '2026-03-09 09:30:58'),
(59, 207, 81, 'March 9, 2026', 'AM', 3, 'N/A', '2026-03-09 09:31:33', '2026-03-09 09:31:33'),
(60, 216, 82, 'March 9, 2026', 'AM', 3, 'N/A', '2026-03-09 09:31:41', '2026-03-09 09:31:41'),
(61, 10, 87, 'March 9, 2026', 'AM', 3, 'N/A', '2026-03-09 09:33:44', '2026-03-09 09:33:44'),
(62, 53, 33, 'March 9, 2026', 'AM', 3, 'N/A', '2026-03-09 09:35:50', '2026-03-09 09:35:50'),
(63, 215, 66, 'March 9, 2026', 'AM', 3, 'N/A', '2026-03-09 09:41:48', '2026-03-09 09:41:48'),
(64, 204, 77, 'March 9, 2026', 'AM', 3, 'N/A', '2026-03-09 09:49:10', '2026-03-09 09:49:10'),
(65, 16, 35, 'March 9, 2026', 'AM', 3, 'N/A', '2026-03-09 09:53:01', '2026-03-09 09:53:01'),
(66, 19, 8, 'March 9, 2026', 'AM', 3, 'N/A', '2026-03-09 09:53:57', '2026-03-09 09:53:57'),
(67, 124, 63, 'March 9, 2026', 'AM', 3, 'N/A', '2026-03-09 09:55:48', '2026-03-09 09:55:48'),
(68, 179, 44, 'March 9, 2026', 'AM', 3, 'N/A', '2026-03-09 10:35:27', '2026-03-09 10:35:27'),
(69, 130, 88, 'March 9, 2026', 'AM', 3, 'N/A', '2026-03-09 10:47:39', '2026-03-09 10:47:39'),
(70, 26, 51, 'March 9, 2026', 'AM', 3, 'N/A', '2026-03-09 11:24:13', '2026-03-09 11:24:13'),
(71, 115, 90, 'March 9, 2026', 'AM', 3, 'N/A', '2026-03-09 11:32:22', '2026-03-09 11:32:22'),
(72, 199, 71, 'March 9, 2026', 'AM', 3, 'N/A', '2026-03-09 11:34:36', '2026-03-09 11:34:36'),
(73, 211, 61, 'March 9, 2026', 'AM', 3, 'N/A', '2026-03-09 11:43:11', '2026-03-09 11:43:11'),
(74, 136, 100, 'March 9, 2026', 'AM', 3, 'N/A', '2026-03-09 12:04:24', '2026-03-09 12:04:24'),
(75, 126, 40, 'March 9, 2026', 'AM', 3, 'N/A', '2026-03-09 12:15:00', '2026-03-09 12:15:00'),
(76, 122, 70, 'March 9, 2026', 'AM', 3, 'N/A', '2026-03-09 13:00:39', '2026-03-09 13:00:39'),
(77, 83, 102, 'March 9, 2026', 'AM', 3, 'N/A', '2026-03-09 13:16:06', '2026-03-09 13:16:06'),
(78, 187, 105, 'March 9, 2026', 'AM', 3, 'N/A', '2026-03-09 14:37:56', '2026-03-09 14:37:56'),
(79, 49, 127, 'March 9, 2026', 'AM', 3, 'N/A', '2026-03-09 14:56:10', '2026-03-09 14:56:10'),
(80, 206, 78, 'March 9, 2026', 'AM', 3, 'N/A', '2026-03-09 15:05:50', '2026-03-09 15:05:50'),
(81, 225, 79, 'March 9, 2026', 'AM', 3, 'N/A', '2026-03-09 15:22:59', '2026-03-09 15:22:59'),
(82, 17, 117, 'March 9, 2026', 'AM', 3, 'N/A', '2026-03-09 15:26:16', '2026-03-09 15:26:16'),
(83, 84, 118, 'March 9, 2026', 'AM', 3, 'N/A', '2026-03-09 15:33:02', '2026-03-09 15:33:02'),
(84, 16, 135, 'March 9, 2026', 'AM', 3, 'N/A', '2026-03-09 15:34:24', '2026-03-09 15:34:24'),
(85, 43, 108, 'March 9, 2026', 'AM', 3, 'N/A', '2026-03-09 15:35:43', '2026-03-09 15:35:43'),
(86, 6, 124, 'March 9, 2026', 'AM', 3, 'N/A', '2026-03-09 15:44:17', '2026-03-09 15:44:17'),
(87, 169, 103, 'March 9, 2026', 'AM', 3, 'N/A', '2026-03-09 15:45:00', '2026-03-09 15:45:00'),
(88, 115, 130, 'March 9, 2026', 'AM', 3, 'N/A', '2026-03-09 15:46:48', '2026-03-09 15:46:48'),
(89, 65, 101, 'March 9, 2026', 'AM', 3, 'N/A', '2026-03-09 15:53:36', '2026-03-09 15:53:36'),
(90, 135, 86, 'March 9, 2026', 'AM', 3, 'N/A', '2026-03-09 15:54:18', '2026-03-09 15:54:18'),
(91, 141, 85, 'March 9, 2026', 'AM', 3, 'N/A', '2026-03-09 15:55:22', '2026-03-09 15:55:22'),
(92, 8, 112, 'March 9, 2026', 'AM', 3, 'N/A', '2026-03-09 15:56:17', '2026-03-09 15:56:17');

INSERT INTO `checkin_details` (`id`, `guest_id`, `frontdesk_id`, `type_id`, `room_id`, `rate_id`, `static_room_amount`, `static_amount`, `hours_stayed`, `total_deposit`, `total_deduction`, `check_in_at`, `check_out_at`, `is_check_out`, `is_long_stay`, `number_of_hours`, `next_extension_is_original`, `created_at`, `updated_at`) VALUES
(1, 1, 2, 2, 84, 5, '392.00', 592, 12, 200, 0, '2026-03-08 20:05:49', '2026-03-09 07:51:25', 1, 0, 12, 0, '2026-03-08 20:05:49', '2026-03-09 07:51:25');
INSERT INTO `checkin_details` (`id`, `guest_id`, `frontdesk_id`, `type_id`, `room_id`, `rate_id`, `static_room_amount`, `static_amount`, `hours_stayed`, `total_deposit`, `total_deduction`, `check_in_at`, `check_out_at`, `is_check_out`, `is_long_stay`, `number_of_hours`, `next_extension_is_original`, `created_at`, `updated_at`) VALUES
(2, 2, 2, 3, 14, 9, '672.00', 872, 24, 203, 0, '2026-03-08 20:11:33', '2026-03-09 20:11:33', 0, 0, 0, 1, '2026-03-08 20:11:33', '2026-03-08 20:11:33');
INSERT INTO `checkin_details` (`id`, `guest_id`, `frontdesk_id`, `type_id`, `room_id`, `rate_id`, `static_room_amount`, `static_amount`, `hours_stayed`, `total_deposit`, `total_deduction`, `check_in_at`, `check_out_at`, `is_check_out`, `is_long_stay`, `number_of_hours`, `next_extension_is_original`, `created_at`, `updated_at`) VALUES
(3, 3, 2, 1, 178, 2, '336.00', 536, 12, 214, 0, '2026-03-08 20:14:57', '2026-03-09 06:03:25', 1, 0, 12, 0, '2026-03-08 20:14:57', '2026-03-09 06:03:25');
INSERT INTO `checkin_details` (`id`, `guest_id`, `frontdesk_id`, `type_id`, `room_id`, `rate_id`, `static_room_amount`, `static_amount`, `hours_stayed`, `total_deposit`, `total_deduction`, `check_in_at`, `check_out_at`, `is_check_out`, `is_long_stay`, `number_of_hours`, `next_extension_is_original`, `created_at`, `updated_at`) VALUES
(4, 4, 2, 1, 132, 2, '336.00', 536, 12, 214, 0, '2026-03-08 20:23:04', '2026-03-09 06:25:51', 1, 0, 12, 0, '2026-03-08 20:23:04', '2026-03-09 06:25:51'),
(5, 5, 2, 2, 167, 5, '392.00', 592, 12, 208, 0, '2026-03-08 20:24:16', '2026-03-09 20:24:16', 0, 0, 0, 1, '2026-03-08 20:24:16', '2026-03-09 15:03:37'),
(6, 6, 2, 2, 43, 5, '392.00', 592, 12, 208, 0, '2026-03-08 20:24:48', '2026-03-09 06:35:53', 1, 0, 12, 0, '2026-03-08 20:24:48', '2026-03-09 06:35:53'),
(7, 7, 2, 2, 1, 5, '392.00', 592, 12, 206, 0, '2026-03-08 20:28:17', '2026-03-09 04:56:27', 1, 0, 12, 0, '2026-03-08 20:28:17', '2026-03-09 04:56:27'),
(8, 8, 2, 2, 19, 5, '392.00', 592, 12, 208, 0, '2026-03-08 20:30:40', '2026-03-09 09:53:57', 1, 0, 18, 0, '2026-03-08 20:30:40', '2026-03-09 09:53:57'),
(9, 9, 2, 2, 12, 5, '392.00', 592, 12, 208, 0, '2026-03-08 20:31:17', '2026-03-09 07:49:21', 1, 0, 12, 0, '2026-03-08 20:31:17', '2026-03-09 07:49:21'),
(10, 10, 2, 2, 58, 6, '616.00', 816, 24, 384, 0, '2026-03-08 20:32:05', '2026-03-09 20:32:05', 0, 0, 0, 1, '2026-03-08 20:32:05', '2026-03-08 20:32:05'),
(11, 11, 2, 2, 3, 5, '392.00', 592, 12, 208, 0, '2026-03-08 20:36:12', '2026-03-09 05:03:24', 1, 0, 12, 0, '2026-03-08 20:36:12', '2026-03-09 05:03:24'),
(12, 14, 2, 2, 8, 5, '392.00', 592, 12, 608, 55, '2026-03-08 20:46:55', '2026-03-09 07:55:39', 1, 0, 12, 0, '2026-03-08 20:46:55', '2026-03-09 07:55:39'),
(13, 15, 2, 2, 162, 5, '392.00', 592, 12, 208, 0, '2026-03-08 20:50:17', '2026-03-09 08:08:29', 1, 0, 12, 0, '2026-03-08 20:50:17', '2026-03-09 08:08:29'),
(14, 13, 2, 2, 121, 6, '616.00', 816, 24, 200, 0, '2026-03-08 20:50:45', '2026-03-10 20:50:45', 0, 0, 0, 1, '2026-03-08 20:50:45', '2026-03-09 15:24:47'),
(15, 16, 2, 2, 17, 5, '392.00', 542, 12, 208, 8, '2026-03-08 21:01:09', '2026-03-09 07:18:10', 1, 0, 12, 0, '2026-03-08 21:01:09', '2026-03-09 07:18:10'),
(16, 17, 2, 2, 209, 5, '392.00', 592, 12, 608, 224, '2026-03-08 21:02:16', '2026-03-09 21:02:16', 0, 0, 0, 1, '2026-03-08 21:02:16', '2026-03-09 08:30:35'),
(17, 18, 2, 2, 92, 5, '392.00', 592, 12, 208, 6, '2026-03-08 21:04:26', '2026-03-09 06:14:53', 1, 0, 12, 0, '2026-03-08 21:04:26', '2026-03-09 06:14:53'),
(18, 19, 2, 2, 34, 5, '392.00', 592, 12, 208, 0, '2026-03-08 21:07:23', '2026-03-09 07:18:20', 1, 0, 12, 0, '2026-03-08 21:07:23', '2026-03-09 07:18:20'),
(19, 20, 2, 2, 62, 5, '392.00', 592, 12, 208, 0, '2026-03-08 21:09:41', '2026-03-09 04:59:15', 1, 0, 12, 0, '2026-03-08 21:09:41', '2026-03-09 04:59:15'),
(20, 21, 2, 2, 70, 5, '392.00', 592, 12, 208, 8, '2026-03-08 21:10:38', '2026-03-09 08:53:42', 1, 0, 12, 0, '2026-03-08 21:10:38', '2026-03-09 08:53:42'),
(21, 22, 2, 2, 83, 5, '392.00', 592, 12, 203, 3, '2026-03-08 21:20:13', '2026-03-09 08:52:33', 1, 0, 12, 0, '2026-03-08 21:20:13', '2026-03-09 08:52:33'),
(22, 23, 2, 2, 75, 5, '392.00', 592, 12, 208, 8, '2026-03-08 21:24:27', '2026-03-09 09:05:22', 1, 0, 12, 0, '2026-03-08 21:24:27', '2026-03-09 09:05:22'),
(23, 24, 2, 2, 85, 4, '280.00', 480, 6, 200, 0, '2026-03-08 21:25:00', '2026-03-09 03:04:23', 1, 0, 6, 0, '2026-03-08 21:25:00', '2026-03-09 03:04:23'),
(24, 25, 2, 2, 216, 4, '280.00', 480, 6, 200, 0, '2026-03-08 21:25:45', '2026-03-09 02:39:40', 1, 0, 6, 0, '2026-03-08 21:25:45', '2026-03-09 02:39:40'),
(25, 26, 2, 2, 120, 4, '280.00', 480, 6, 200, 0, '2026-03-08 21:30:12', '2026-03-09 08:39:01', 1, 0, 12, 0, '2026-03-08 21:30:12', '2026-03-09 08:39:01'),
(26, 27, 2, 2, 174, 5, '392.00', 592, 12, 208, 0, '2026-03-08 21:32:28', '2026-03-09 06:03:56', 1, 0, 12, 0, '2026-03-08 21:32:28', '2026-03-09 06:03:56'),
(27, 28, 2, 2, 27, 6, '616.00', 816, 24, 384, 20, '2026-03-08 21:33:18', '2026-03-09 21:33:18', 0, 0, 0, 1, '2026-03-08 21:33:18', '2026-03-08 23:46:56'),
(28, 29, 2, 2, 139, 5, '392.00', 592, 12, 208, 0, '2026-03-08 21:34:20', '2026-03-09 06:04:32', 1, 0, 12, 0, '2026-03-08 21:34:20', '2026-03-09 06:04:32'),
(29, 30, 2, 2, 103, 5, '392.00', 592, 12, 208, 0, '2026-03-08 21:35:18', '2026-03-09 07:35:00', 1, 0, 12, 0, '2026-03-08 21:35:18', '2026-03-09 07:35:00'),
(30, 31, 2, 2, 55, 4, '280.00', 480, 6, 200, 0, '2026-03-08 21:36:45', '2026-03-09 02:51:55', 1, 0, 6, 0, '2026-03-08 21:36:45', '2026-03-09 02:51:55'),
(31, 32, 2, 2, 32, 5, '392.00', 592, 12, 208, 8, '2026-03-08 21:46:36', '2026-03-09 09:19:41', 1, 0, 12, 0, '2026-03-08 21:46:36', '2026-03-09 09:19:41'),
(32, 33, 2, 3, 147, 8, '448.00', 648, 12, 202, 0, '2026-03-08 21:49:21', '2026-03-09 08:02:27', 1, 0, 12, 0, '2026-03-08 21:49:21', '2026-03-09 08:02:27'),
(33, 34, 2, 3, 53, 8, '448.00', 648, 12, 552, 352, '2026-03-08 21:50:38', '2026-03-09 09:35:50', 1, 0, 12, 0, '2026-03-08 21:50:38', '2026-03-09 09:35:50'),
(34, 35, 2, 2, 97, 4, '280.00', 480, 6, 200, 0, '2026-03-08 21:51:34', '2026-03-09 01:54:09', 1, 0, 6, 0, '2026-03-08 21:51:34', '2026-03-09 01:54:09'),
(35, 36, 2, 2, 16, 5, '392.00', 592, 12, 208, 8, '2026-03-08 21:55:36', '2026-03-09 09:53:01', 1, 0, 12, 0, '2026-03-08 21:55:36', '2026-03-09 09:53:01'),
(36, 37, 2, 2, 9, 5, '392.00', 592, 12, 208, 0, '2026-03-08 21:58:45', '2026-03-09 06:08:53', 1, 0, 12, 0, '2026-03-08 21:58:45', '2026-03-09 06:08:53'),
(37, 38, 2, 2, 7, 5, '392.00', 592, 12, 208, 0, '2026-03-08 22:02:57', '2026-03-09 06:08:29', 1, 0, 12, 0, '2026-03-08 22:02:57', '2026-03-09 06:08:29'),
(38, 39, 2, 2, 110, 4, '280.00', 480, 6, 200, 0, '2026-03-08 22:06:05', '2026-03-09 03:53:57', 1, 0, 6, 0, '2026-03-08 22:06:05', '2026-03-09 03:53:57'),
(39, 40, 2, 2, 6, 5, '392.00', 592, 12, 208, 0, '2026-03-08 22:09:36', '2026-03-09 05:18:25', 1, 0, 12, 0, '2026-03-08 22:09:36', '2026-03-09 05:18:25'),
(40, 41, 2, 2, 126, 5, '392.00', 592, 12, 608, 408, '2026-03-08 22:29:20', '2026-03-09 12:15:00', 1, 0, 18, 0, '2026-03-08 22:29:20', '2026-03-09 12:15:00'),
(41, 42, 2, 2, 107, 5, '392.00', 542, 12, 200, 0, '2026-03-08 22:36:57', '2026-03-09 05:52:43', 1, 0, 12, 0, '2026-03-08 22:36:57', '2026-03-09 05:52:43'),
(42, 43, 2, 2, 96, 5, '392.00', 592, 12, 200, 0, '2026-03-08 22:37:28', '2026-03-09 05:34:52', 1, 0, 12, 0, '2026-03-08 22:37:28', '2026-03-09 05:34:52'),
(43, 44, 2, 2, 112, 4, '280.00', 480, 6, 200, 0, '2026-03-08 22:40:11', '2026-03-09 04:12:55', 1, 0, 6, 0, '2026-03-08 22:40:11', '2026-03-09 04:12:55'),
(44, 45, 2, 1, 179, 2, '336.00', 536, 12, 200, 0, '2026-03-08 22:41:04', '2026-03-09 10:35:27', 1, 0, 12, 0, '2026-03-08 22:41:04', '2026-03-09 10:35:27'),
(45, 46, 2, 2, 49, 4, '280.00', 480, 6, 200, 0, '2026-03-08 22:41:49', '2026-03-09 04:21:16', 1, 0, 6, 0, '2026-03-08 22:41:49', '2026-03-09 04:21:16'),
(46, 47, 2, 2, 45, 6, '616.00', 816, 24, 333, 130, '2026-03-08 22:43:25', '2026-03-09 22:43:25', 0, 0, 0, 1, '2026-03-08 22:43:25', '2026-03-09 14:19:05'),
(47, 48, 2, 3, 18, 7, '336.00', 536, 6, 200, 0, '2026-03-08 22:45:03', '2026-03-09 05:58:46', 1, 0, 12, 0, '2026-03-08 22:45:03', '2026-03-09 05:58:46'),
(48, 49, 2, 1, 229, 1, '224.00', 424, 6, 200, 0, '2026-03-08 22:45:11', '2026-03-09 05:56:02', 1, 0, 12, 0, '2026-03-08 22:45:11', '2026-03-09 05:56:02'),
(49, 50, 2, 2, 116, 5, '392.00', 592, 12, 208, 0, '2026-03-08 22:58:28', '2026-03-09 04:57:10', 1, 0, 12, 0, '2026-03-08 22:58:28', '2026-03-09 04:57:10'),
(50, 52, 2, 2, 117, 4, '280.00', 480, 6, 200, 0, '2026-03-08 22:59:16', '2026-03-09 04:37:07', 1, 0, 6, 0, '2026-03-08 22:59:16', '2026-03-09 04:37:07'),
(51, 51, 2, 2, 26, 5, '392.00', 592, 12, 208, 0, '2026-03-08 22:59:59', '2026-03-09 11:24:13', 1, 0, 18, 0, '2026-03-08 22:59:59', '2026-03-09 11:24:13'),
(52, 53, 2, 1, 89, 1, '224.00', 424, 6, 200, 0, '2026-03-08 23:07:43', '2026-03-09 05:21:57', 1, 0, 6, 0, '2026-03-08 23:07:43', '2026-03-09 05:21:57'),
(53, 54, 2, 2, 10, 4, '280.00', 480, 6, 200, 0, '2026-03-08 23:21:14', '2026-03-09 03:48:27', 1, 0, 6, 0, '2026-03-08 23:21:14', '2026-03-09 03:48:27'),
(54, 55, 2, 2, 20, 4, '280.00', 480, 6, 200, 0, '2026-03-08 23:22:09', '2026-03-09 03:48:36', 1, 0, 6, 0, '2026-03-08 23:22:09', '2026-03-09 03:48:36'),
(55, 56, 2, 2, 175, 4, '280.00', 480, 6, 200, 0, '2026-03-08 23:32:12', '2026-03-09 05:32:38', 1, 0, 6, 0, '2026-03-08 23:32:12', '2026-03-09 05:32:38'),
(56, 57, 2, 2, 143, 4, '280.00', 480, 6, 200, 0, '2026-03-08 23:42:26', '2026-03-09 05:25:47', 1, 0, 6, 0, '2026-03-08 23:42:26', '2026-03-09 05:25:47'),
(57, 59, 2, 2, 61, 4, '280.00', 480, 6, 200, 0, '2026-03-08 23:44:18', '2026-03-09 04:50:44', 1, 0, 6, 0, '2026-03-08 23:44:18', '2026-03-09 04:50:44'),
(58, 60, 2, 2, 113, 4, '280.00', 480, 6, 200, 0, '2026-03-08 23:46:02', '2026-03-09 05:18:57', 1, 0, 6, 0, '2026-03-08 23:46:02', '2026-03-09 05:18:57'),
(59, 61, 2, 2, 118, 4, '280.00', 480, 6, 200, 0, '2026-03-08 23:53:45', '2026-03-09 05:05:20', 1, 0, 6, 0, '2026-03-08 23:53:45', '2026-03-09 05:05:20'),
(60, 62, 2, 2, 123, 4, '280.00', 480, 6, 200, 0, '2026-03-08 23:57:35', '2026-03-09 09:11:51', 1, 0, 12, 0, '2026-03-08 23:57:35', '2026-03-09 09:11:51'),
(61, 63, 2, 2, 211, 5, '392.00', 592, 12, 208, 8, '2026-03-08 23:58:11', '2026-03-09 11:43:11', 1, 0, 12, 0, '2026-03-08 23:58:11', '2026-03-09 11:43:11'),
(62, 64, 2, 2, 136, 4, '280.00', 480, 6, 200, 0, '2026-03-09 00:12:11', '2026-03-09 04:58:26', 1, 0, 6, 0, '2026-03-09 00:12:11', '2026-03-09 04:58:26'),
(63, 65, 2, 2, 124, 5, '392.00', 592, 12, 208, 8, '2026-03-09 00:14:57', '2026-03-09 09:55:48', 1, 0, 12, 0, '2026-03-09 00:14:57', '2026-03-09 09:55:48'),
(64, 66, 2, 2, 125, 4, '280.00', 480, 6, 200, 0, '2026-03-09 00:16:53', '2026-03-09 06:09:55', 1, 0, 6, 0, '2026-03-09 00:16:53', '2026-03-09 06:09:55'),
(65, 67, 2, 2, 185, 4, '280.00', 480, 6, 200, 0, '2026-03-09 00:26:31', '2026-03-09 09:30:00', 1, 0, 12, 0, '2026-03-09 00:26:31', '2026-03-09 09:30:00'),
(66, 68, 2, 2, 215, 5, '392.00', 592, 12, 208, 8, '2026-03-09 00:26:56', '2026-03-09 09:41:48', 1, 0, 12, 0, '2026-03-09 00:26:56', '2026-03-09 09:41:48'),
(67, 70, 2, 2, 193, 5, '392.00', 592, 12, 208, 6, '2026-03-09 00:28:22', '2026-03-09 18:28:22', 0, 0, 18, 0, '2026-03-09 00:28:22', '2026-03-09 10:25:31'),
(68, 71, 2, 2, 50, 5, '392.00', 592, 12, 208, 8, '2026-03-09 01:03:52', '2026-03-09 08:51:14', 1, 0, 12, 0, '2026-03-09 01:03:52', '2026-03-09 08:51:14'),
(69, 72, 2, 2, 202, 4, '280.00', 480, 6, 200, 0, '2026-03-09 01:11:20', '2026-03-09 05:01:32', 1, 0, 6, 0, '2026-03-09 01:11:20', '2026-03-09 05:01:32'),
(70, 73, 2, 2, 122, 5, '392.00', 592, 12, 208, 8, '2026-03-09 01:22:10', '2026-03-09 13:00:39', 1, 0, 12, 0, '2026-03-09 01:22:10', '2026-03-09 13:00:39'),
(71, 74, 2, 2, 199, 5, '392.00', 592, 12, 208, 8, '2026-03-09 01:36:39', '2026-03-09 11:34:36', 1, 0, 12, 0, '2026-03-09 01:36:39', '2026-03-09 11:34:36'),
(72, 75, 2, 2, 101, 4, '280.00', 480, 6, 200, 0, '2026-03-09 01:44:43', '2026-03-09 19:44:43', 0, 0, 18, 0, '2026-03-09 01:44:43', '2026-03-09 13:26:38'),
(73, 76, 2, 2, 200, 4, '280.00', 480, 6, 200, 0, '2026-03-09 02:02:14', '2026-03-09 07:48:05', 1, 0, 6, 0, '2026-03-09 02:02:14', '2026-03-09 07:48:05'),
(74, 77, 2, 2, 157, 6, '616.00', 816, 24, 268, 0, '2026-03-09 02:35:29', '2026-03-10 02:35:29', 0, 0, 0, 1, '2026-03-09 02:35:29', '2026-03-09 02:35:29'),
(75, 78, 2, 2, 97, 4, '280.00', 480, 6, 200, 0, '2026-03-09 02:49:25', '2026-03-09 08:08:55', 1, 0, 6, 0, '2026-03-09 02:49:25', '2026-03-09 08:08:55'),
(76, 79, 2, 2, 2, 4, '280.00', 480, 6, 200, 0, '2026-03-09 02:56:04', '2026-03-09 05:35:53', 1, 0, 6, 0, '2026-03-09 02:56:04', '2026-03-09 05:35:53'),
(77, 80, 2, 2, 204, 5, '392.00', 592, 12, 208, 100, '2026-03-09 02:59:55', '2026-03-09 09:49:10', 1, 0, 12, 0, '2026-03-09 02:59:55', '2026-03-09 09:49:10'),
(78, 81, 2, 2, 206, 5, '392.00', 592, 12, 208, 8, '2026-03-09 03:01:19', '2026-03-09 15:05:50', 1, 0, 12, 0, '2026-03-09 03:01:19', '2026-03-09 15:05:50'),
(79, 82, 2, 1, 225, 2, '336.00', 536, 12, 664, 0, '2026-03-09 03:39:04', '2026-03-09 15:22:59', 1, 0, 12, 0, '2026-03-09 03:39:04', '2026-03-09 15:22:59'),
(80, 83, 2, 2, 85, 4, '280.00', 480, 6, 200, 0, '2026-03-09 03:48:04', '2026-03-09 09:30:58', 1, 0, 6, 0, '2026-03-09 03:48:04', '2026-03-09 09:30:58'),
(81, 84, 2, 2, 207, 4, '280.00', 480, 6, 200, 0, '2026-03-09 03:48:51', '2026-03-09 09:31:33', 1, 0, 6, 0, '2026-03-09 03:48:51', '2026-03-09 09:31:33'),
(82, 85, 2, 2, 216, 4, '280.00', 480, 6, 200, 0, '2026-03-09 03:49:00', '2026-03-09 09:31:41', 1, 0, 6, 0, '2026-03-09 03:49:00', '2026-03-09 09:31:41'),
(83, 86, 2, 2, 208, 4, '280.00', 480, 6, 200, 0, '2026-03-09 03:58:44', '2026-03-09 04:57:55', 1, 0, 6, 0, '2026-03-09 03:58:44', '2026-03-09 04:57:55'),
(84, 87, 2, 2, 55, 4, '280.00', 480, 6, 200, 0, '2026-03-09 04:00:08', '2026-03-09 08:49:57', 1, 0, 6, 0, '2026-03-09 04:00:08', '2026-03-09 08:49:57'),
(85, 89, 2, 2, 141, 4, '280.00', 480, 6, 200, 0, '2026-03-09 04:09:57', '2026-03-09 15:55:22', 1, 0, 12, 0, '2026-03-09 04:09:57', '2026-03-09 15:55:22'),
(86, 90, 2, 2, 135, 6, '616.00', 816, 24, 384, 0, '2026-03-09 04:12:30', '2026-03-09 15:54:18', 1, 0, 0, 1, '2026-03-09 04:12:30', '2026-03-09 15:54:18'),
(87, 92, 2, 2, 10, 4, '280.00', 480, 6, 200, 0, '2026-03-09 04:32:59', '2026-03-09 09:33:44', 1, 0, 6, 0, '2026-03-09 04:32:59', '2026-03-09 09:33:44'),
(88, 93, 2, 1, 130, 1, '224.00', 424, 6, 200, 0, '2026-03-09 05:07:25', '2026-03-09 10:47:39', 1, 0, 6, 0, '2026-03-09 05:07:25', '2026-03-09 10:47:39'),
(89, 94, 2, 1, 131, 2, '336.00', 536, 12, 664, 0, '2026-03-09 05:42:14', '2026-03-09 17:42:14', 0, 0, 12, 0, '2026-03-09 05:42:14', '2026-03-09 05:42:14'),
(90, 95, 2, 2, 115, 5, '392.00', 592, 12, 208, 8, '2026-03-09 06:17:42', '2026-03-09 11:32:22', 1, 0, 12, 0, '2026-03-09 06:17:42', '2026-03-09 11:32:22'),
(91, 97, 2, 2, 116, 6, '1232.00', 1432, 24, 268, 0, '2026-03-09 06:55:11', '2026-03-11 06:55:11', 0, 0, 0, 1, '2026-03-09 06:55:11', '2026-03-09 06:55:11'),
(92, 96, 2, 2, 163, 6, '616.00', 816, 24, 200, 0, '2026-03-09 07:09:20', '2026-03-10 07:09:20', 0, 0, 0, 1, '2026-03-09 07:09:20', '2026-03-09 07:39:34'),
(93, 98, 3, 2, 87, 6, '616.00', 816, 24, 384, 0, '2026-03-09 08:04:19', '2026-03-10 08:04:19', 0, 0, 0, 1, '2026-03-09 08:04:19', '2026-03-09 10:51:06'),
(94, 99, 3, 2, 2, 6, '616.00', 816, 24, 384, 0, '2026-03-09 08:13:17', '2026-03-10 08:13:17', 0, 0, 0, 1, '2026-03-09 08:13:17', '2026-03-09 10:52:37'),
(95, 100, 3, 1, 89, 2, '336.00', 536, 12, 200, 0, '2026-03-09 09:16:45', '2026-03-09 21:16:45', 0, 0, 12, 0, '2026-03-09 09:16:45', '2026-03-09 09:16:45'),
(96, 101, 3, 1, 128, 3, '560.00', 760, 24, 440, 0, '2026-03-09 09:19:16', '2026-03-10 09:19:16', 0, 0, 0, 1, '2026-03-09 09:19:16', '2026-03-09 10:54:16'),
(97, 102, 3, 2, 1, 6, '616.00', 816, 24, 384, 0, '2026-03-09 09:21:13', '2026-03-10 09:21:13', 0, 0, 0, 1, '2026-03-09 09:21:13', '2026-03-09 10:55:04'),
(98, 103, 3, 2, 7, 5, '392.00', 592, 12, 608, 0, '2026-03-09 09:32:47', '2026-03-09 21:32:47', 0, 0, 12, 0, '2026-03-09 09:32:47', '2026-03-09 10:55:48'),
(99, 104, 3, 2, 143, 4, '280.00', 480, 6, 238, 0, '2026-03-09 09:56:47', '2026-03-09 21:56:47', 0, 0, 12, 0, '2026-03-09 09:56:47', '2026-03-09 15:02:50'),
(100, 105, 3, 2, 136, 4, '280.00', 480, 6, 200, 0, '2026-03-09 09:57:15', '2026-03-09 12:04:24', 1, 0, 6, 0, '2026-03-09 09:57:15', '2026-03-09 12:04:24'),
(101, 106, 3, 2, 65, 4, '280.00', 480, 6, 200, 0, '2026-03-09 10:00:48', '2026-03-09 15:53:36', 1, 0, 6, 0, '2026-03-09 10:00:48', '2026-03-09 15:53:36'),
(102, 107, 3, 2, 83, 4, '280.00', 480, 6, 200, 0, '2026-03-09 10:05:50', '2026-03-09 13:16:06', 1, 0, 6, 0, '2026-03-09 10:05:50', '2026-03-09 13:16:06'),
(103, 108, 3, 2, 169, 4, '280.00', 480, 6, 200, 0, '2026-03-09 10:16:17', '2026-03-09 15:45:00', 1, 0, 6, 0, '2026-03-09 10:16:17', '2026-03-09 15:45:00'),
(104, 109, 3, 2, 139, 6, '616.00', 816, 24, 200, 0, '2026-03-09 10:43:27', '2026-03-10 10:43:27', 0, 0, 0, 1, '2026-03-09 10:43:27', '2026-03-09 10:43:27'),
(105, 110, 3, 1, 187, 1, '224.00', 424, 6, 200, 0, '2026-03-09 11:07:21', '2026-03-09 14:37:56', 1, 0, 6, 0, '2026-03-09 11:07:21', '2026-03-09 14:37:56'),
(106, 111, 3, 1, 129, 3, '560.00', 760, 24, 440, 0, '2026-03-09 11:48:03', '2026-03-10 11:48:03', 0, 0, 0, 1, '2026-03-09 11:48:03', '2026-03-09 11:48:03'),
(107, 112, 3, 2, 12, 4, '280.00', 480, 6, 200, 0, '2026-03-09 11:50:42', '2026-03-09 17:50:42', 0, 0, 6, 0, '2026-03-09 11:50:42', '2026-03-09 11:50:42'),
(108, 113, 3, 2, 43, 4, '280.00', 480, 6, 200, 0, '2026-03-09 11:59:49', '2026-03-09 15:35:43', 1, 0, 6, 0, '2026-03-09 11:59:49', '2026-03-09 15:35:43'),
(109, 114, 3, 2, 28, 4, '280.00', 480, 6, 200, 0, '2026-03-09 12:03:23', '2026-03-09 18:03:23', 0, 0, 6, 0, '2026-03-09 12:03:23', '2026-03-09 12:07:20'),
(110, 115, 3, 1, 132, 3, '560.00', 760, 24, 440, 0, '2026-03-09 12:19:22', '2026-03-10 12:19:22', 0, 0, 0, 1, '2026-03-09 12:19:22', '2026-03-09 12:19:22'),
(111, 116, 3, 1, 176, 2, '336.00', 536, 12, 664, 0, '2026-03-09 12:23:51', '2026-03-10 00:23:51', 0, 0, 12, 0, '2026-03-09 12:23:51', '2026-03-09 12:23:51'),
(112, 117, 3, 2, 8, 4, '280.00', 480, 6, 200, 0, '2026-03-09 12:28:11', '2026-03-09 15:56:17', 1, 0, 6, 0, '2026-03-09 12:28:11', '2026-03-09 15:56:17'),
(113, 118, 3, 2, 3, 5, '392.00', 592, 12, 200, 0, '2026-03-09 12:43:40', '2026-03-10 00:43:40', 0, 0, 12, 0, '2026-03-09 12:43:40', '2026-03-09 12:43:40'),
(114, 119, 3, 2, 13, 5, '392.00', 592, 12, 200, 0, '2026-03-09 12:50:34', '2026-03-10 00:50:34', 0, 0, 12, 0, '2026-03-09 12:50:34', '2026-03-09 12:50:34'),
(115, 120, 3, 1, 130, 1, '224.00', 424, 6, 200, 0, '2026-03-09 12:54:27', '2026-03-09 18:54:27', 0, 0, 6, 0, '2026-03-09 12:54:27', '2026-03-09 12:54:27'),
(116, 121, 3, 2, 10, 4, '280.00', 480, 6, 200, 0, '2026-03-09 12:59:08', '2026-03-09 18:59:08', 0, 0, 6, 0, '2026-03-09 12:59:08', '2026-03-09 12:59:08'),
(117, 122, 3, 2, 17, 4, '280.00', 480, 6, 200, 0, '2026-03-09 13:04:35', '2026-03-09 15:26:16', 1, 0, 6, 0, '2026-03-09 13:04:35', '2026-03-09 15:26:16'),
(118, 123, 3, 2, 84, 4, '280.00', 480, 6, 200, 0, '2026-03-09 13:17:02', '2026-03-09 15:33:02', 1, 0, 6, 0, '2026-03-09 13:17:02', '2026-03-09 15:33:02'),
(119, 124, 3, 2, 30, 6, '616.00', 816, 24, 200, 0, '2026-03-09 13:19:06', '2026-03-10 13:19:06', 0, 0, 0, 1, '2026-03-09 13:19:06', '2026-03-09 13:20:39'),
(120, 126, 3, 2, 29, 6, '616.00', 816, 24, 200, 0, '2026-03-09 13:21:55', '2026-03-10 13:21:55', 0, 0, 0, 1, '2026-03-09 13:21:55', '2026-03-09 13:22:52'),
(121, 125, 3, 2, 34, 6, '616.00', 816, 24, 920, 55, '2026-03-09 13:25:03', '2026-03-10 13:25:03', 0, 0, 0, 1, '2026-03-09 13:25:03', '2026-03-09 14:10:41'),
(122, 127, 3, 2, 20, 4, '280.00', 480, 6, 200, 0, '2026-03-09 13:25:36', '2026-03-09 19:25:36', 0, 0, 6, 0, '2026-03-09 13:25:36', '2026-03-09 13:25:36'),
(123, 128, 3, 2, 50, 4, '280.00', 480, 6, 200, 0, '2026-03-09 13:26:21', '2026-03-09 19:26:21', 0, 0, 6, 0, '2026-03-09 13:26:21', '2026-03-09 13:26:21'),
(124, 129, 3, 2, 6, 4, '280.00', 480, 6, 200, 0, '2026-03-09 13:29:12', '2026-03-09 15:44:17', 1, 0, 6, 0, '2026-03-09 13:29:12', '2026-03-09 15:44:17'),
(125, 130, 3, 2, 44, 6, '616.00', 816, 24, 384, 0, '2026-03-09 13:36:07', '2026-03-10 13:36:07', 0, 0, 0, 1, '2026-03-09 13:36:07', '2026-03-09 13:36:07');
INSERT INTO `checkin_details` (`id`, `guest_id`, `frontdesk_id`, `type_id`, `room_id`, `rate_id`, `static_room_amount`, `static_amount`, `hours_stayed`, `total_deposit`, `total_deduction`, `check_in_at`, `check_out_at`, `is_check_out`, `is_long_stay`, `number_of_hours`, `next_extension_is_original`, `created_at`, `updated_at`) VALUES
(126, 131, 3, 2, 85, 4, '280.00', 480, 6, 200, 0, '2026-03-09 13:36:55', '2026-03-09 19:36:55', 0, 0, 6, 0, '2026-03-09 13:36:55', '2026-03-09 13:36:55'),
(127, 132, 3, 2, 49, 4, '280.00', 480, 6, 200, 0, '2026-03-09 13:43:46', '2026-03-09 14:56:10', 1, 0, 6, 0, '2026-03-09 13:43:46', '2026-03-09 14:56:10'),
(128, 134, 3, 2, 83, 4, '280.00', 480, 6, 200, 0, '2026-03-09 13:56:28', '2026-03-09 19:56:28', 0, 0, 6, 0, '2026-03-09 13:56:28', '2026-03-09 13:56:28'),
(129, 135, 3, 1, 88, 3, '560.00', 760, 24, 200, 0, '2026-03-09 14:21:18', '2026-03-10 14:21:18', 0, 0, 0, 1, '2026-03-09 14:21:18', '2026-03-09 14:21:18'),
(130, 136, 3, 2, 115, 4, '280.00', 480, 6, 200, 0, '2026-03-09 14:22:42', '2026-03-09 15:46:48', 1, 0, 6, 0, '2026-03-09 14:22:42', '2026-03-09 15:46:48'),
(131, 138, 3, 1, 127, 1, '224.00', 424, 6, 200, 0, '2026-03-09 14:27:05', '2026-03-09 20:27:05', 0, 0, 6, 0, '2026-03-09 14:27:05', '2026-03-09 14:27:05'),
(132, 139, 3, 1, 178, 1, '224.00', 424, 6, 200, 0, '2026-03-09 14:28:26', '2026-03-09 20:28:26', 0, 0, 6, 0, '2026-03-09 14:28:26', '2026-03-09 14:28:26'),
(133, 137, 3, 2, 103, 5, '392.00', 592, 12, 200, 0, '2026-03-09 14:33:09', '2026-03-10 02:33:09', 0, 0, 12, 0, '2026-03-09 14:33:09', '2026-03-09 14:33:09'),
(134, 140, 3, 3, 11, 9, '672.00', 872, 24, 328, 0, '2026-03-09 14:36:49', '2026-03-10 14:36:49', 0, 0, 0, 1, '2026-03-09 14:36:49', '2026-03-09 14:36:49'),
(135, 141, 3, 2, 16, 4, '280.00', 480, 6, 200, 0, '2026-03-09 14:37:45', '2026-03-09 15:34:24', 1, 0, 6, 0, '2026-03-09 14:37:45', '2026-03-09 15:34:24'),
(136, 143, 3, 2, 55, 4, '280.00', 480, 6, 200, 0, '2026-03-09 14:43:33', '2026-03-09 20:43:33', 0, 0, 6, 0, '2026-03-09 14:43:33', '2026-03-09 14:43:33'),
(137, 144, 3, 3, 95, 8, '448.00', 648, 12, 200, 0, '2026-03-09 14:50:46', '2026-03-10 02:50:46', 0, 0, 12, 0, '2026-03-09 14:50:46', '2026-03-09 14:50:46'),
(138, 145, 3, 1, 4, 2, '336.00', 536, 12, 664, 0, '2026-03-09 14:51:55', '2026-03-10 02:51:55', 0, 0, 12, 0, '2026-03-09 14:51:55', '2026-03-09 14:51:55'),
(139, 146, 3, 2, 162, 4, '280.00', 480, 6, 200, 0, '2026-03-09 14:59:01', '2026-03-09 20:59:01', 0, 0, 6, 0, '2026-03-09 14:59:01', '2026-03-09 14:59:01'),
(140, 147, 3, 2, 149, 4, '280.00', 480, 6, 200, 0, '2026-03-09 14:59:47', '2026-03-09 20:59:47', 0, 0, 6, 0, '2026-03-09 14:59:47', '2026-03-09 14:59:47'),
(141, 148, 3, 2, 26, 6, '616.00', 816, 24, 384, 0, '2026-03-09 15:10:07', '2026-03-10 15:10:07', 0, 0, 0, 1, '2026-03-09 15:10:07', '2026-03-09 15:10:07'),
(142, 149, 3, 2, 174, 6, '616.00', 816, 24, 384, 0, '2026-03-09 15:11:33', '2026-03-10 15:11:33', 0, 0, 0, 1, '2026-03-09 15:11:33', '2026-03-09 15:11:33'),
(143, 150, 3, 2, 185, 4, '280.00', 480, 6, 200, 0, '2026-03-09 15:17:29', '2026-03-09 21:17:29', 0, 0, 6, 0, '2026-03-09 15:17:29', '2026-03-09 15:17:29'),
(144, 152, 3, 2, 93, 4, '280.00', 480, 6, 200, 0, '2026-03-09 15:32:52', '2026-03-09 21:32:52', 0, 0, 6, 0, '2026-03-09 15:32:52', '2026-03-09 15:32:52'),
(145, 151, 3, 2, 24, 6, '616.00', 816, 24, 200, 0, '2026-03-09 15:40:15', '2026-03-10 15:40:15', 0, 0, 0, 1, '2026-03-09 15:40:15', '2026-03-09 15:40:15'),
(146, 153, 3, 1, 46, 3, '560.00', 760, 24, 200, 0, '2026-03-09 15:49:20', '2026-03-10 15:49:20', 0, 0, 0, 1, '2026-03-09 15:49:20', '2026-03-09 15:49:20'),
(147, 154, 3, 2, 212, 6, '616.00', 816, 24, 200, 0, '2026-03-09 15:53:04', '2026-03-10 15:53:04', 0, 0, 0, 1, '2026-03-09 15:53:04', '2026-03-09 16:00:26'),
(148, 155, 3, 2, 92, 6, '616.00', 816, 24, 200, 0, '2026-03-09 16:02:05', '2026-03-10 16:02:05', 0, 0, 0, 1, '2026-03-09 16:02:05', '2026-03-09 16:02:05');

INSERT INTO `cleaning_histories` (`id`, `user_id`, `room_id`, `floor_id`, `branch_id`, `start_time`, `end_time`, `current_assigned_floor_id`, `expected_end_time`, `cleaning_duration`, `delayed_cleaning`, `created_at`, `updated_at`) VALUES
(1, 13, 97, 3, 1, '2026-03-09 01:58:58', '2026-03-09 02:17:32', 0, '2026-03-09 04:54:09', '18', 0, '2026-03-09 02:17:32', '2026-03-09 02:17:32');
INSERT INTO `cleaning_histories` (`id`, `user_id`, `room_id`, `floor_id`, `branch_id`, `start_time`, `end_time`, `current_assigned_floor_id`, `expected_end_time`, `cleaning_duration`, `delayed_cleaning`, `created_at`, `updated_at`) VALUES
(2, 13, 55, 2, 1, '2026-03-09 02:58:32', '2026-03-09 03:13:59', 0, '2026-03-09 05:51:55', '15', 0, '2026-03-09 03:13:59', '2026-03-09 03:13:59');
INSERT INTO `cleaning_histories` (`id`, `user_id`, `room_id`, `floor_id`, `branch_id`, `start_time`, `end_time`, `current_assigned_floor_id`, `expected_end_time`, `cleaning_duration`, `delayed_cleaning`, `created_at`, `updated_at`) VALUES
(3, 14, 216, 5, 1, '2026-03-09 03:08:27', '2026-03-09 03:24:08', 0, '2026-03-09 05:39:40', '15', 0, '2026-03-09 03:24:08', '2026-03-09 03:24:08');
INSERT INTO `cleaning_histories` (`id`, `user_id`, `room_id`, `floor_id`, `branch_id`, `start_time`, `end_time`, `current_assigned_floor_id`, `expected_end_time`, `cleaning_duration`, `delayed_cleaning`, `created_at`, `updated_at`) VALUES
(4, 13, 85, 3, 1, '2026-03-09 03:14:09', '2026-03-09 03:29:28', 0, '2026-03-09 06:04:23', '15', 0, '2026-03-09 03:29:28', '2026-03-09 03:29:28'),
(5, 13, 10, 1, 1, '2026-03-09 04:03:15', '2026-03-09 04:21:33', 1, '2026-03-09 06:48:27', '18', 0, '2026-03-09 04:21:33', '2026-03-09 04:21:33'),
(6, 13, 20, 1, 1, '2026-03-09 04:21:39', '2026-03-09 04:37:32', 1, '2026-03-09 06:48:36', '15', 0, '2026-03-09 04:37:32', '2026-03-09 04:37:32'),
(7, 13, 49, 2, 1, '2026-03-09 04:37:50', '2026-03-09 04:59:20', 0, '2026-03-09 07:21:16', '21', 0, '2026-03-09 04:59:20', '2026-03-09 04:59:20'),
(8, 13, 110, 3, 1, '2026-03-09 04:59:53', '2026-03-09 05:15:02', 0, '2026-03-09 06:53:57', '15', 0, '2026-03-09 05:15:02', '2026-03-09 05:15:02'),
(9, 14, 112, 3, 1, '2026-03-09 05:02:14', '2026-03-09 05:20:19', 1, '2026-03-09 07:12:55', '18', 0, '2026-03-09 05:20:19', '2026-03-09 05:20:19'),
(10, 13, 61, 2, 1, '2026-03-09 05:15:19', '2026-03-09 05:31:19', 0, '2026-03-09 07:50:44', '16', 0, '2026-03-09 05:31:19', '2026-03-09 05:31:19'),
(11, 14, 117, 3, 1, '2026-03-09 05:20:24', '2026-03-09 05:37:29', 1, '2026-03-09 07:37:07', '17', 0, '2026-03-09 05:37:29', '2026-03-09 05:37:29'),
(12, 13, 1, 1, 1, '2026-03-09 05:31:30', '2026-03-09 05:48:05', 1, '2026-03-09 07:56:27', '16', 0, '2026-03-09 05:48:05', '2026-03-09 05:48:05'),
(13, 14, 136, 4, 1, '2026-03-09 05:38:04', '2026-03-09 05:55:16', 0, '2026-03-09 07:58:26', '17', 0, '2026-03-09 05:55:16', '2026-03-09 05:55:16'),
(14, 13, 62, 2, 1, '2026-03-09 05:48:33', '2026-03-09 06:08:56', 0, '2026-03-09 07:59:15', '20', 0, '2026-03-09 06:08:56', '2026-03-09 06:08:56'),
(15, 14, 116, 3, 1, '2026-03-09 05:55:41', '2026-03-09 06:18:07', 1, '2026-03-09 07:57:10', '22', 0, '2026-03-09 06:18:07', '2026-03-09 06:18:07'),
(16, 13, 3, 1, 1, '2026-03-09 06:09:03', '2026-03-09 06:26:46', 1, '2026-03-09 08:03:24', '17', 0, '2026-03-09 06:26:46', '2026-03-09 06:26:46'),
(17, 13, 6, 1, 1, '2026-03-09 06:26:50', '2026-03-09 06:35:56', 1, '2026-03-09 08:18:25', '9', 0, '2026-03-09 06:35:56', '2026-03-09 06:35:56'),
(18, 13, 2, 1, 1, '2026-03-09 06:36:16', '2026-03-09 06:36:36', 1, '2026-03-09 08:35:53', '0', 0, '2026-03-09 06:36:36', '2026-03-09 06:36:36'),
(19, 13, 118, 3, 1, '2026-03-09 06:37:44', '2026-03-09 06:38:00', 0, '2026-03-09 08:05:20', '0', 0, '2026-03-09 06:38:00', '2026-03-09 06:38:00'),
(20, 13, 113, 3, 1, '2026-03-09 06:38:57', '2026-03-09 06:39:07', 0, '2026-03-09 08:18:57', '0', 0, '2026-03-09 06:39:07', '2026-03-09 06:39:07'),
(21, 13, 89, 3, 1, '2026-03-09 06:39:22', '2026-03-09 06:39:30', 0, '2026-03-09 08:21:57', '0', 0, '2026-03-09 06:39:30', '2026-03-09 06:39:30'),
(22, 14, 208, 5, 1, '2026-03-09 06:18:19', '2026-03-09 06:39:52', 0, '2026-03-09 07:57:55', '21', 0, '2026-03-09 06:39:52', '2026-03-09 06:39:52'),
(23, 13, 96, 3, 1, '2026-03-09 06:39:52', '2026-03-09 06:39:59', 0, '2026-03-09 08:34:52', '0', 0, '2026-03-09 06:39:59', '2026-03-09 06:39:59'),
(24, 13, 107, 3, 1, '2026-03-09 06:40:18', '2026-03-09 06:40:30', 0, '2026-03-09 08:52:43', '0', 0, '2026-03-09 06:40:30', '2026-03-09 06:40:30'),
(25, 18, 143, 4, 1, '2026-03-09 06:28:59', '2026-03-09 06:54:50', 1, '2026-03-09 08:25:47', '25', 0, '2026-03-09 06:54:50', '2026-03-09 06:54:50'),
(26, 14, 202, 5, 1, '2026-03-09 06:40:26', '2026-03-09 06:56:18', 0, '2026-03-09 08:01:32', '15', 0, '2026-03-09 06:56:18', '2026-03-09 06:56:18'),
(27, 18, 175, 4, 1, '2026-03-09 06:55:08', '2026-03-09 07:11:23', 1, '2026-03-09 08:32:38', '16', 0, '2026-03-09 07:11:23', '2026-03-09 07:11:23'),
(28, 16, 43, 2, 1, '2026-03-09 07:09:16', '2026-03-09 07:24:35', 1, '2026-03-09 09:35:53', '15', 0, '2026-03-09 07:24:35', '2026-03-09 07:24:35'),
(29, 18, 178, 4, 1, '2026-03-09 07:12:07', '2026-03-09 07:27:26', 1, '2026-03-09 09:03:25', '15', 0, '2026-03-09 07:27:26', '2026-03-09 07:27:26'),
(30, 20, 125, 3, 1, '2026-03-09 07:12:13', '2026-03-09 07:28:03', 0, '2026-03-09 09:09:55', '15', 0, '2026-03-09 07:28:03', '2026-03-09 07:28:03'),
(31, 20, 92, 3, 1, '2026-03-09 07:29:32', '2026-03-09 07:47:02', 0, '2026-03-09 09:14:53', '17', 0, '2026-03-09 07:47:02', '2026-03-09 07:47:02'),
(32, 18, 174, 4, 1, '2026-03-09 07:27:30', '2026-03-09 08:01:57', 1, '2026-03-09 09:03:56', '34', 0, '2026-03-09 08:01:57', '2026-03-09 08:01:57'),
(33, 15, 18, 1, 1, '2026-03-09 07:37:01', '2026-03-09 08:13:20', 1, '2026-03-09 08:58:46', '36', 0, '2026-03-09 08:13:20', '2026-03-09 08:13:20'),
(34, 16, 84, 2, 1, '2026-03-09 08:07:35', '2026-03-09 08:23:43', 1, '2026-03-09 10:51:25', '16', 0, '2026-03-09 08:23:43', '2026-03-09 08:23:43'),
(35, 18, 139, 4, 1, '2026-03-09 08:15:19', '2026-03-09 08:30:27', 1, '2026-03-09 09:04:32', '15', 0, '2026-03-09 08:30:27', '2026-03-09 08:30:27'),
(36, 15, 7, 1, 1, '2026-03-09 08:15:31', '2026-03-09 08:37:52', 1, '2026-03-09 09:08:29', '22', 0, '2026-03-09 08:37:52', '2026-03-09 08:37:52'),
(37, 18, 147, 4, 1, '2026-03-09 08:30:32', '2026-03-09 08:47:06', 1, '2026-03-09 11:02:27', '16', 0, '2026-03-09 08:47:06', '2026-03-09 08:47:06'),
(38, 19, 229, 5, 1, '2026-03-09 08:22:13', '2026-03-09 08:48:13', 1, '2026-03-09 08:56:02', '26', 0, '2026-03-09 08:48:13', '2026-03-09 08:48:13'),
(39, 20, 132, 3, 1, '2026-03-09 08:26:10', '2026-03-09 08:49:57', 0, '2026-03-09 09:25:51', '23', 0, '2026-03-09 08:49:57', '2026-03-09 08:49:57'),
(40, 18, 162, 4, 1, '2026-03-09 08:56:16', '2026-03-09 09:14:56', 1, '2026-03-09 11:08:29', '18', 0, '2026-03-09 09:14:56', '2026-03-09 09:14:56'),
(41, 19, 200, 5, 1, '2026-03-09 08:48:30', '2026-03-09 09:16:26', 1, '2026-03-09 10:48:05', '27', 0, '2026-03-09 09:16:26', '2026-03-09 09:16:26'),
(42, 20, 103, 3, 1, '2026-03-09 09:03:16', '2026-03-09 09:20:04', 0, '2026-03-09 10:35:00', '16', 0, '2026-03-09 09:20:04', '2026-03-09 09:20:04'),
(43, 16, 55, 2, 1, '2026-03-09 09:08:47', '2026-03-09 09:26:17', 1, '2026-03-09 11:49:57', '17', 0, '2026-03-09 09:26:17', '2026-03-09 09:26:17'),
(44, 15, 9, 1, 1, '2026-03-09 09:02:49', '2026-03-09 09:29:18', 1, '2026-03-09 09:08:53', '26', 1, '2026-03-09 09:29:18', '2026-03-09 09:29:18'),
(45, 16, 50, 2, 1, '2026-03-09 09:26:59', '2026-03-09 09:42:34', 1, '2026-03-09 11:51:14', '15', 0, '2026-03-09 09:42:34', '2026-03-09 09:42:34'),
(46, 20, 97, 3, 1, '2026-03-09 09:32:29', '2026-03-09 09:49:23', 0, '2026-03-09 11:08:55', '16', 0, '2026-03-09 09:49:23', '2026-03-09 09:49:23'),
(47, 16, 83, 2, 1, '2026-03-09 09:42:42', '2026-03-09 09:58:05', 1, '2026-03-09 11:52:33', '15', 0, '2026-03-09 09:58:05', '2026-03-09 09:58:05'),
(48, 15, 17, 1, 1, '2026-03-09 09:50:47', '2026-03-09 10:08:26', 1, '2026-03-09 10:18:10', '17', 0, '2026-03-09 10:08:26', '2026-03-09 10:08:26'),
(49, 20, 120, 3, 1, '2026-03-09 09:49:28', '2026-03-09 10:12:36', 0, '2026-03-09 11:39:01', '23', 0, '2026-03-09 10:12:36', '2026-03-09 10:12:36'),
(50, 16, 70, 2, 1, '2026-03-09 10:02:59', '2026-03-09 10:18:33', 1, '2026-03-09 11:53:42', '15', 0, '2026-03-09 10:18:33', '2026-03-09 10:18:33'),
(51, 20, 123, 3, 1, '2026-03-09 10:12:42', '2026-03-09 10:28:55', 0, '2026-03-09 12:11:51', '16', 0, '2026-03-09 10:28:55', '2026-03-09 10:28:55'),
(52, 16, 75, 2, 1, '2026-03-09 10:19:02', '2026-03-09 10:34:26', 1, '2026-03-09 12:05:22', '15', 0, '2026-03-09 10:34:26', '2026-03-09 10:34:26'),
(53, 20, 85, 3, 1, '2026-03-09 10:29:04', '2026-03-09 10:46:03', 0, '2026-03-09 12:30:58', '16', 0, '2026-03-09 10:46:03', '2026-03-09 10:46:03'),
(54, 16, 53, 2, 1, '2026-03-09 10:34:35', '2026-03-09 10:49:51', 1, '2026-03-09 12:35:50', '15', 0, '2026-03-09 10:49:51', '2026-03-09 10:49:51'),
(55, 19, 185, 5, 1, '2026-03-09 10:33:07', '2026-03-09 10:58:34', 1, '2026-03-09 12:30:00', '25', 0, '2026-03-09 10:58:34', '2026-03-09 10:58:34'),
(56, 15, 34, 1, 1, '2026-03-09 10:49:38', '2026-03-09 11:08:08', 1, '2026-03-09 10:18:20', '18', 1, '2026-03-09 11:08:08', '2026-03-09 11:08:08'),
(57, 19, 207, 5, 1, '2026-03-09 10:58:42', '2026-03-09 11:25:44', 1, '2026-03-09 12:31:33', '27', 0, '2026-03-09 11:25:44', '2026-03-09 11:25:44'),
(58, 15, 12, 1, 1, '2026-03-09 11:08:12', '2026-03-09 11:38:59', 1, '2026-03-09 10:49:21', '30', 1, '2026-03-09 11:38:59', '2026-03-09 11:38:59'),
(59, 20, 124, 3, 1, '2026-03-09 11:29:54', '2026-03-09 11:45:56', 0, '2026-03-09 12:55:48', '16', 0, '2026-03-09 11:45:56', '2026-03-09 11:45:56'),
(60, 19, 216, 5, 1, '2026-03-09 11:25:52', '2026-03-09 11:50:27', 1, '2026-03-09 12:31:41', '24', 0, '2026-03-09 11:50:27', '2026-03-09 11:50:27'),
(61, 15, 8, 1, 1, '2026-03-09 11:39:09', '2026-03-09 11:56:18', 1, '2026-03-09 10:55:39', '17', 1, '2026-03-09 11:56:18', '2026-03-09 11:56:18'),
(62, 19, 215, 5, 1, '2026-03-09 11:50:41', '2026-03-09 12:11:09', 1, '2026-03-09 12:41:48', '20', 0, '2026-03-09 12:11:09', '2026-03-09 12:11:09'),
(63, 15, 32, 1, 1, '2026-03-09 11:56:22', '2026-03-09 12:13:54', 1, '2026-03-09 12:19:41', '17', 0, '2026-03-09 12:13:54', '2026-03-09 12:13:54'),
(64, 20, 130, 3, 1, '2026-03-09 11:54:37', '2026-03-09 12:24:45', 0, '2026-03-09 13:47:39', '30', 0, '2026-03-09 12:24:45', '2026-03-09 12:24:45'),
(65, 20, 115, 3, 1, '2026-03-09 12:24:53', '2026-03-09 12:43:13', 0, '2026-03-09 14:32:22', '18', 0, '2026-03-09 12:43:13', '2026-03-09 12:43:13'),
(66, 18, 179, 4, 1, '2026-03-09 12:27:45', '2026-03-09 12:44:25', 1, '2026-03-09 13:35:27', '16', 0, '2026-03-09 12:44:25', '2026-03-09 12:44:25'),
(67, 15, 10, 1, 1, '2026-03-09 12:32:14', '2026-03-09 12:56:09', 1, '2026-03-09 12:33:44', '23', 1, '2026-03-09 12:56:09', '2026-03-09 12:56:09'),
(68, 19, 204, 5, 1, '2026-03-09 12:41:05', '2026-03-09 12:59:10', 1, '2026-03-09 12:49:10', '18', 1, '2026-03-09 12:59:10', '2026-03-09 12:59:10'),
(69, 20, 120, 3, 1, '2026-03-09 12:43:18', '2026-03-09 13:12:26', 0, '2026-03-09 15:07:20', '29', 0, '2026-03-09 13:12:26', '2026-03-09 13:12:26'),
(70, 19, 199, 5, 1, '2026-03-09 12:59:17', '2026-03-09 13:24:52', 1, '2026-03-09 14:34:36', '25', 0, '2026-03-09 13:24:52', '2026-03-09 13:24:52'),
(71, 20, 126, 3, 1, '2026-03-09 13:12:31', '2026-03-09 13:27:53', 0, '2026-03-09 15:15:00', '15', 0, '2026-03-09 13:27:53', '2026-03-09 13:27:53'),
(72, 18, 136, 4, 1, '2026-03-09 13:22:24', '2026-03-09 13:38:06', 1, '2026-03-09 15:04:24', '15', 0, '2026-03-09 13:38:06', '2026-03-09 13:38:06'),
(73, 15, 16, 1, 1, '2026-03-09 13:21:54', '2026-03-09 13:39:28', 1, '2026-03-09 12:53:01', '17', 1, '2026-03-09 13:39:28', '2026-03-09 13:39:28'),
(74, 20, 122, 3, 1, '2026-03-09 13:28:00', '2026-03-09 13:43:34', 0, '2026-03-09 16:00:39', '15', 0, '2026-03-09 13:43:34', '2026-03-09 13:43:34'),
(75, 16, 83, 2, 1, '2026-03-09 13:33:28', '2026-03-09 13:48:42', 1, '2026-03-09 16:16:06', '15', 0, '2026-03-09 13:48:42', '2026-03-09 13:48:42'),
(76, 19, 211, 5, 1, '2026-03-09 13:25:02', '2026-03-09 13:51:53', 1, '2026-03-09 14:43:11', '26', 0, '2026-03-09 13:51:53', '2026-03-09 13:51:53'),
(77, 15, 19, 1, 1, '2026-03-09 13:39:32', '2026-03-09 14:06:20', 1, '2026-03-09 12:53:57', '26', 1, '2026-03-09 14:06:20', '2026-03-09 14:06:20'),
(78, 15, 26, 1, 1, '2026-03-09 14:06:24', '2026-03-09 14:23:02', 1, '2026-03-09 14:24:13', '16', 0, '2026-03-09 14:23:02', '2026-03-09 14:23:02'),
(79, 11, 187, 5, 1, '2026-03-09 15:42:03', '2026-03-09 15:57:32', 0, '2026-03-09 17:37:56', '15', 0, '2026-03-09 15:57:32', '2026-03-09 15:57:32');



INSERT INTO `expense_categories` (`id`, `branch_id`, `name`, `created_at`, `updated_at`) VALUES
(1, 1, 'garbage', '2026-03-09 13:34:00', '2026-03-09 13:34:00');
INSERT INTO `expense_categories` (`id`, `branch_id`, `name`, `created_at`, `updated_at`) VALUES
(2, 1, 'CARE OFF MEALS', '2026-03-09 15:07:11', '2026-03-09 15:07:11');


INSERT INTO `expenses` (`id`, `shift_log_id`, `name`, `user_id`, `branch_id`, `shift`, `expense_category_id`, `description`, `amount`, `created_at`, `updated_at`) VALUES
(1, 2, 'JENEATH LECIAS', 21, 1, 'PM', 1, 'GARBAGE COLLECTION: ', '2092', '2026-03-09 13:35:03', '2026-03-09 13:35:03');
INSERT INTO `expenses` (`id`, `shift_log_id`, `name`, `user_id`, `branch_id`, `shift`, `expense_category_id`, `description`, `amount`, `created_at`, `updated_at`) VALUES
(2, 2, 'JENEATH LECIAS', 21, 1, 'PM', 2, 'ROOM 23: ORDERED 1 BEEF STEAK, 2 EGGS, 1 RICE OS NO. 14421 ', '179', '2026-03-09 15:08:56', '2026-03-09 15:08:56');


INSERT INTO `extended_guest_reports` (`id`, `branch_id`, `room_id`, `checkin_details_id`, `number_of_extension`, `total_hours`, `shift`, `frontdesk_id`, `partner_name`, `created_at`, `updated_at`) VALUES
(1, 1, 120, 25, 1, 6, 'PM', 2, 'N/A', '2026-03-09 02:34:21', '2026-03-09 02:34:21');
INSERT INTO `extended_guest_reports` (`id`, `branch_id`, `room_id`, `checkin_details_id`, `number_of_extension`, `total_hours`, `shift`, `frontdesk_id`, `partner_name`, `created_at`, `updated_at`) VALUES
(2, 1, 18, 47, 1, 6, 'PM', 2, 'N/A', '2026-03-09 04:10:26', '2026-03-09 04:10:26');
INSERT INTO `extended_guest_reports` (`id`, `branch_id`, `room_id`, `checkin_details_id`, `number_of_extension`, `total_hours`, `shift`, `frontdesk_id`, `partner_name`, `created_at`, `updated_at`) VALUES
(3, 1, 229, 48, 1, 6, 'PM', 2, 'N/A', '2026-03-09 04:11:03', '2026-03-09 04:11:03');
INSERT INTO `extended_guest_reports` (`id`, `branch_id`, `room_id`, `checkin_details_id`, `number_of_extension`, `total_hours`, `shift`, `frontdesk_id`, `partner_name`, `created_at`, `updated_at`) VALUES
(4, 1, 185, 65, 1, 6, 'PM', 2, 'N/A', '2026-03-09 05:45:56', '2026-03-09 05:45:56'),
(5, 1, 123, 60, 1, 6, 'PM', 2, 'N/A', '2026-03-09 06:16:07', '2026-03-09 06:16:07'),
(6, 1, 101, 72, 1, 6, 'PM', 3, 'N/A', '2026-03-09 07:33:02', '2026-03-09 07:33:02'),
(7, 1, 167, 5, 1, 6, 'PM', 3, 'N/A', '2026-03-09 07:56:03', '2026-03-09 07:56:03'),
(8, 1, 19, 8, 1, 6, 'PM', 3, 'N/A', '2026-03-09 07:57:46', '2026-03-09 07:57:46'),
(9, 1, 209, 16, 1, 12, 'AM', 3, 'N/A', '2026-03-09 08:29:29', '2026-03-09 08:29:29'),
(10, 1, 126, 40, 1, 6, 'AM', 3, 'N/A', '2026-03-09 09:55:06', '2026-03-09 09:55:06'),
(11, 1, 141, 85, 1, 6, 'AM', 3, 'N/A', '2026-03-09 10:18:24', '2026-03-09 10:18:24'),
(12, 1, 193, 67, 1, 6, 'AM', 3, 'N/A', '2026-03-09 10:25:31', '2026-03-09 10:25:31'),
(13, 1, 26, 51, 1, 6, 'AM', 3, 'N/A', '2026-03-09 11:20:51', '2026-03-09 11:20:51'),
(14, 1, 101, 72, 1, 6, 'AM', 3, 'N/A', '2026-03-09 13:26:38', '2026-03-09 13:26:38'),
(15, 1, 143, 99, 1, 6, 'AM', 3, 'N/A', '2026-03-09 15:01:07', '2026-03-09 15:01:07'),
(16, 1, 167, 5, 1, 6, 'AM', 3, 'N/A', '2026-03-09 15:03:37', '2026-03-09 15:03:37'),
(17, 1, 121, 14, 1, 24, 'AM', 3, 'N/A', '2026-03-09 15:24:47', '2026-03-09 15:24:47');

INSERT INTO `extension_rates` (`id`, `branch_id`, `hour`, `amount`, `created_at`, `updated_at`) VALUES
(1, 1, 6, 112, '2026-03-08 20:02:00', '2026-03-08 20:02:00');
INSERT INTO `extension_rates` (`id`, `branch_id`, `hour`, `amount`, `created_at`, `updated_at`) VALUES
(2, 1, 12, 224, '2026-03-08 20:02:00', '2026-03-08 20:02:00');
INSERT INTO `extension_rates` (`id`, `branch_id`, `hour`, `amount`, `created_at`, `updated_at`) VALUES
(3, 1, 18, 336, '2026-03-08 20:02:00', '2026-03-08 20:02:00');
INSERT INTO `extension_rates` (`id`, `branch_id`, `hour`, `amount`, `created_at`, `updated_at`) VALUES
(4, 1, 24, 448, '2026-03-08 20:02:00', '2026-03-08 20:02:00');



INSERT INTO `floor_user` (`id`, `user_id`, `floor_id`, `created_at`, `updated_at`) VALUES
(1, 10, 2, NULL, NULL);
INSERT INTO `floor_user` (`id`, `user_id`, `floor_id`, `created_at`, `updated_at`) VALUES
(2, 10, 3, NULL, NULL);
INSERT INTO `floor_user` (`id`, `user_id`, `floor_id`, `created_at`, `updated_at`) VALUES
(3, 10, 4, NULL, NULL);
INSERT INTO `floor_user` (`id`, `user_id`, `floor_id`, `created_at`, `updated_at`) VALUES
(4, 11, 4, NULL, NULL),
(5, 11, 5, NULL, NULL),
(6, 12, 1, NULL, NULL),
(7, 12, 2, NULL, NULL),
(8, 13, 1, NULL, NULL),
(9, 13, 2, NULL, NULL),
(10, 13, 3, NULL, NULL),
(11, 14, 3, NULL, NULL),
(12, 14, 4, NULL, NULL),
(13, 14, 5, NULL, NULL),
(14, 15, 1, NULL, NULL),
(15, 16, 2, NULL, NULL),
(16, 17, 3, NULL, NULL),
(17, 18, 4, NULL, NULL),
(18, 19, 5, NULL, NULL),
(19, 20, 1, NULL, NULL),
(20, 20, 2, NULL, NULL),
(21, 20, 3, NULL, NULL),
(22, 20, 4, NULL, NULL),
(23, 20, 5, NULL, NULL),
(24, 26, 1, NULL, NULL),
(25, 26, 2, NULL, NULL);

INSERT INTO `floors` (`id`, `branch_id`, `number`, `created_at`, `updated_at`) VALUES
(1, 1, 1, '2026-03-08 20:01:59', '2026-03-08 20:01:59');
INSERT INTO `floors` (`id`, `branch_id`, `number`, `created_at`, `updated_at`) VALUES
(2, 1, 2, '2026-03-08 20:01:59', '2026-03-08 20:01:59');
INSERT INTO `floors` (`id`, `branch_id`, `number`, `created_at`, `updated_at`) VALUES
(3, 1, 3, '2026-03-08 20:01:59', '2026-03-08 20:01:59');
INSERT INTO `floors` (`id`, `branch_id`, `number`, `created_at`, `updated_at`) VALUES
(4, 1, 4, '2026-03-08 20:01:59', '2026-03-08 20:01:59'),
(5, 1, 5, '2026-03-08 20:01:59', '2026-03-08 20:01:59');

INSERT INTO `frontdesk_categories` (`id`, `branch_id`, `name`, `created_at`, `updated_at`) VALUES
(1, 1, 'Juices', '2026-03-08 20:19:11', '2026-03-08 20:19:11');
INSERT INTO `frontdesk_categories` (`id`, `branch_id`, `name`, `created_at`, `updated_at`) VALUES
(2, 1, 'JunkFoods', '2026-03-08 20:19:24', '2026-03-08 20:19:24');
INSERT INTO `frontdesk_categories` (`id`, `branch_id`, `name`, `created_at`, `updated_at`) VALUES
(3, 1, 'MINERAL WATER', '2026-03-08 20:23:13', '2026-03-08 20:23:13');
INSERT INTO `frontdesk_categories` (`id`, `branch_id`, `name`, `created_at`, `updated_at`) VALUES
(4, 1, 'SOFT DRINKS', '2026-03-08 20:24:48', '2026-03-08 20:24:48'),
(5, 1, 'TOILETRIES', '2026-03-08 20:42:25', '2026-03-08 20:42:25');

INSERT INTO `frontdesk_inventories` (`id`, `branch_id`, `frontdesk_menu_id`, `number_of_serving`, `created_at`, `updated_at`) VALUES
(1, 1, 10, 98, '2026-03-08 20:28:42', '2026-03-09 14:19:44');
INSERT INTO `frontdesk_inventories` (`id`, `branch_id`, `frontdesk_menu_id`, `number_of_serving`, `created_at`, `updated_at`) VALUES
(2, 1, 12, 100, '2026-03-08 20:40:02', '2026-03-08 20:40:02');
INSERT INTO `frontdesk_inventories` (`id`, `branch_id`, `frontdesk_menu_id`, `number_of_serving`, `created_at`, `updated_at`) VALUES
(3, 1, 6, 98, '2026-03-08 20:49:07', '2026-03-08 23:00:34');
INSERT INTO `frontdesk_inventories` (`id`, `branch_id`, `frontdesk_menu_id`, `number_of_serving`, `created_at`, `updated_at`) VALUES
(4, 1, 14, 98, '2026-03-08 21:08:21', '2026-03-08 22:32:08'),
(5, 1, 15, 100, '2026-03-08 21:08:29', '2026-03-08 21:08:29'),
(6, 1, 16, 99.5, '2026-03-08 21:08:36', '2026-03-08 22:34:32'),
(7, 1, 17, 99, '2026-03-08 21:08:44', '2026-03-08 22:32:29'),
(8, 1, 18, 100, '2026-03-08 21:09:04', '2026-03-08 21:09:04'),
(9, 1, 19, 91, '2026-03-08 21:09:14', '2026-03-09 00:32:40'),
(10, 1, 20, 99, '2026-03-08 21:10:15', '2026-03-08 21:45:08'),
(11, 1, 21, 99, '2026-03-08 21:30:16', '2026-03-08 21:40:48'),
(12, 1, 1, 8, '2026-03-08 22:44:10', '2026-03-08 22:44:10'),
(13, 1, 2, 9, '2026-03-08 22:44:21', '2026-03-08 22:44:21'),
(14, 1, 3, 8, '2026-03-08 22:44:44', '2026-03-08 22:44:44'),
(15, 1, 4, 6, '2026-03-08 22:44:54', '2026-03-08 22:44:54'),
(16, 1, 5, 8, '2026-03-08 22:45:11', '2026-03-08 22:45:11'),
(17, 1, 24, 7, '2026-03-08 22:46:41', '2026-03-08 22:46:41'),
(18, 1, 23, 7, '2026-03-08 22:47:29', '2026-03-09 14:09:53');

INSERT INTO `frontdesk_menus` (`id`, `branch_id`, `frontdesk_category_id`, `item_code`, `name`, `price`, `image`, `created_at`, `updated_at`) VALUES
(1, 1, 1, 'JUICES-001', 'FOUR SEASON', '55', NULL, '2026-03-08 20:20:03', '2026-03-08 20:20:03');
INSERT INTO `frontdesk_menus` (`id`, `branch_id`, `frontdesk_category_id`, `item_code`, `name`, `price`, `image`, `created_at`, `updated_at`) VALUES
(2, 1, 1, 'JUICES-002', 'MANGO NECTAR', '55', NULL, '2026-03-08 20:21:09', '2026-03-08 20:21:09');
INSERT INTO `frontdesk_menus` (`id`, `branch_id`, `frontdesk_category_id`, `item_code`, `name`, `price`, `image`, `created_at`, `updated_at`) VALUES
(3, 1, 1, 'JUICES-003', 'PINEORANGE', '55', NULL, '2026-03-08 20:21:52', '2026-03-08 20:21:52');
INSERT INTO `frontdesk_menus` (`id`, `branch_id`, `frontdesk_category_id`, `item_code`, `name`, `price`, `image`, `created_at`, `updated_at`) VALUES
(4, 1, 1, 'JUICES-004', 'PINEAPPLE', '55', NULL, '2026-03-08 20:22:12', '2026-03-08 20:22:12'),
(5, 1, 1, 'JUICES-005', 'FIT N RIGHT', '55', NULL, '2026-03-08 20:22:34', '2026-03-08 20:22:34'),
(6, 1, 3, 'WATER-001', '1 LITER MINERAL', '45', NULL, '2026-03-08 20:24:07', '2026-03-08 20:24:07'),
(7, 1, 3, 'WATER-002', '500ML MINERAL', '29', NULL, '2026-03-08 20:24:28', '2026-03-08 20:24:28'),
(8, 1, 4, 'SOFTDRINKS-001', 'MOUNTAIN DEW', '55', NULL, '2026-03-08 20:26:08', '2026-03-08 20:26:08'),
(9, 1, 1, 'JUICES-006', 'C2', '55', NULL, '2026-03-08 20:26:34', '2026-03-08 20:26:34'),
(10, 1, 1, 'JUICES-007', 'MINUTE MAID', '55', NULL, '2026-03-08 20:26:57', '2026-03-08 20:26:57'),
(11, 1, 4, 'SOFTDRINKS-002', '7-UP', '55', NULL, '2026-03-08 20:28:04', '2026-03-08 20:28:04'),
(12, 1, 2, 'JUNKFOODS-001', 'JUNKFOODS', '45', NULL, '2026-03-08 20:36:44', '2026-03-08 20:36:44'),
(13, 1, 4, 'SOFTDRINKS-003', 'COKE', '55', NULL, '2026-03-08 20:41:04', '2026-03-08 20:41:04'),
(14, 1, 5, 'TOILETRIES-001', 'TOOTHBRUSH', '39', NULL, '2026-03-08 20:43:26', '2026-03-08 20:43:26'),
(15, 1, 5, 'TOILETRIES-002', 'SHAVER', '39', NULL, '2026-03-08 20:43:47', '2026-03-08 20:43:47'),
(16, 1, 5, 'TOILETRIES-003', 'TOOTHPASTE', '30', NULL, '2026-03-08 20:44:06', '2026-03-08 20:44:06'),
(17, 1, 5, 'TOILETRIES-004', 'CONDITIONER', '15', NULL, '2026-03-08 20:44:31', '2026-03-08 20:44:31'),
(18, 1, 5, 'TOILETRIES-005', 'MODESS', '15', NULL, '2026-03-08 20:44:51', '2026-03-08 20:44:51'),
(19, 1, 5, 'TOILETRIES-006', 'SOAP', '3', NULL, '2026-03-08 20:45:09', '2026-03-08 20:45:09'),
(20, 1, 5, 'TOILETRIES-007', 'SHAMPOO', '2', NULL, '2026-03-08 20:45:24', '2026-03-08 20:45:24'),
(21, 1, 4, 'SOFTDRINKS-004', 'SPRITE', '55', NULL, '2026-03-08 20:46:16', '2026-03-08 20:46:16'),
(22, 1, 4, 'SOFTDRINKS-005', 'ROYAL', '55', NULL, '2026-03-08 20:46:51', '2026-03-08 20:46:51'),
(23, 1, 4, 'SOFTDRINKS-006', 'CALI', '55', NULL, '2026-03-08 20:47:18', '2026-03-08 20:47:18'),
(24, 1, 4, 'SOFTDRINKS-007', 'COBRA', '55', NULL, '2026-03-08 20:47:42', '2026-03-08 20:47:42');

INSERT INTO `frontdesks` (`id`, `branch_id`, `user_id`, `name`, `number`, `passcode`, `created_at`, `updated_at`) VALUES
(1, 1, 3, 'Frontdesk', '+639000000000', '12345', '2026-03-08 20:01:59', '2026-03-08 20:01:59');
INSERT INTO `frontdesks` (`id`, `branch_id`, `user_id`, `name`, `number`, `passcode`, `created_at`, `updated_at`) VALUES
(2, 1, 9, 'Hannah', '+639000000000', '12345', '2026-03-08 20:03:25', '2026-03-08 20:03:25');
INSERT INTO `frontdesks` (`id`, `branch_id`, `user_id`, `name`, `number`, `passcode`, `created_at`, `updated_at`) VALUES
(3, 1, 21, 'JENEATH LECIAS', '+639000000000', '12345', '2026-03-08 23:07:11', '2026-03-08 23:07:11');
INSERT INTO `frontdesks` (`id`, `branch_id`, `user_id`, `name`, `number`, `passcode`, `created_at`, `updated_at`) VALUES
(4, 1, 22, 'RUBY GOLD', '+639000000000', '12345', '2026-03-08 23:08:44', '2026-03-08 23:08:44'),
(5, 1, 23, 'KATHLEEN DREW', '+639000000000', '12345', '2026-03-08 23:10:11', '2026-03-08 23:10:11'),
(6, 1, 24, 'SEANNE KARYLLE', '+639000000000', '12345', '2026-03-08 23:12:02', '2026-03-08 23:12:02'),
(7, 1, 25, 'JINKY OBAG', '+639000000000', '12345', '2026-03-08 23:13:37', '2026-03-08 23:13:37');

INSERT INTO `guests` (`id`, `branch_id`, `name`, `contact`, `qr_code`, `room_id`, `previous_room_id`, `rate_id`, `type_id`, `static_amount`, `is_long_stay`, `number_of_days`, `has_discount`, `discount_amount`, `has_kiosk_check_out`, `is_co`, `created_at`, `updated_at`) VALUES
(1, 1, 'Art', 'N/A', '1260001', 84, NULL, 5, 2, 592, 0, 0, 0, '50.00', 1, 0, '2026-03-08 20:03:26', '2026-03-09 07:47:31');
INSERT INTO `guests` (`id`, `branch_id`, `name`, `contact`, `qr_code`, `room_id`, `previous_room_id`, `rate_id`, `type_id`, `static_amount`, `is_long_stay`, `number_of_days`, `has_discount`, `discount_amount`, `has_kiosk_check_out`, `is_co`, `created_at`, `updated_at`) VALUES
(2, 1, 'Joseph Maranan', '09060829813', '1260002', 14, NULL, 9, 3, 872, 0, 0, 0, '50.00', 0, 0, '2026-03-08 20:09:01', '2026-03-08 20:11:33');
INSERT INTO `guests` (`id`, `branch_id`, `name`, `contact`, `qr_code`, `room_id`, `previous_room_id`, `rate_id`, `type_id`, `static_amount`, `is_long_stay`, `number_of_days`, `has_discount`, `discount_amount`, `has_kiosk_check_out`, `is_co`, `created_at`, `updated_at`) VALUES
(3, 1, 'Levi samonte', 'N/A', '1260003', 178, NULL, 2, 1, 536, 0, 0, 0, '50.00', 1, 0, '2026-03-08 20:12:46', '2026-03-09 06:01:21');
INSERT INTO `guests` (`id`, `branch_id`, `name`, `contact`, `qr_code`, `room_id`, `previous_room_id`, `rate_id`, `type_id`, `static_amount`, `is_long_stay`, `number_of_days`, `has_discount`, `discount_amount`, `has_kiosk_check_out`, `is_co`, `created_at`, `updated_at`) VALUES
(4, 1, 'Efren embrado', 'N/A', '1260004', 132, NULL, 2, 1, 536, 0, 0, 0, '50.00', 1, 0, '2026-03-08 20:20:45', '2026-03-09 06:25:22'),
(5, 1, 'Rey rian jay palmero', 'N/A', '1260005', 167, NULL, 5, 2, 592, 0, 0, 0, '50.00', 0, 0, '2026-03-08 20:22:17', '2026-03-08 20:24:16'),
(6, 1, 'Lebron', 'N/A', '1260006', 43, NULL, 5, 2, 592, 0, 0, 0, '50.00', 1, 0, '2026-03-08 20:23:06', '2026-03-09 06:35:32'),
(7, 1, 'Robert Satonero', 'N/A', '1260007', 1, NULL, 5, 2, 592, 0, 0, 0, '50.00', 1, 0, '2026-03-08 20:26:46', '2026-03-09 04:50:26'),
(8, 1, 'Jay', 'N/A', '1260008', 19, NULL, 5, 2, 592, 0, 0, 0, '50.00', 1, 0, '2026-03-08 20:27:44', '2026-03-09 09:49:59'),
(9, 1, 'Jesus Gallano Jr', 'N/A', '1260009', 12, NULL, 5, 2, 592, 0, 0, 0, '50.00', 1, 0, '2026-03-08 20:29:17', '2026-03-09 07:43:22'),
(10, 1, 'Ma.bella Salo', 'N/A', '1260010', 58, NULL, 6, 2, 816, 0, 0, 0, '50.00', 0, 0, '2026-03-08 20:31:10', '2026-03-08 20:32:05'),
(11, 1, 'Rachel jucom', 'N/A', '1260011', 3, NULL, 5, 2, 592, 0, 0, 0, '50.00', 1, 0, '2026-03-08 20:34:08', '2026-03-09 04:59:27'),
(13, 1, 'Tsang david', 'N/A', '1260012', 121, NULL, 6, 2, 816, 0, 0, 0, '50.00', 0, 0, '2026-03-08 20:45:08', '2026-03-08 20:50:45'),
(14, 1, 'Shyra felipe', 'N/A', '1260013', 8, NULL, 5, 2, 592, 0, 0, 0, '50.00', 1, 0, '2026-03-08 20:45:42', '2026-03-09 07:50:37'),
(15, 1, 'Don Agbulos', 'N/A', '1260014', 162, NULL, 5, 2, 592, 0, 0, 0, '50.00', 1, 0, '2026-03-08 20:48:54', '2026-03-09 08:07:24'),
(16, 1, 'Charito Cantor', 'N/A', '1260015', 17, NULL, 5, 2, 542, 0, 0, 1, '50.00', 1, 0, '2026-03-08 20:59:46', '2026-03-09 07:16:45'),
(17, 1, 'Monica uy', 'N/A', '1260016', 209, NULL, 5, 2, 592, 0, 0, 0, '50.00', 0, 0, '2026-03-08 21:00:37', '2026-03-08 21:02:16'),
(18, 1, 'Kairo sarte', 'N/A', '1260017', 92, NULL, 5, 2, 592, 0, 0, 0, '50.00', 1, 0, '2026-03-08 21:03:27', '2026-03-09 06:14:28'),
(19, 1, 'Alhaya tia', 'N/A', '1260018', 34, NULL, 5, 2, 592, 0, 0, 0, '50.00', 1, 0, '2026-03-08 21:06:04', '2026-03-09 07:13:14'),
(20, 1, 'Angel', 'N/A', '1260019', 62, NULL, 5, 2, 592, 0, 0, 0, '50.00', 1, 0, '2026-03-08 21:07:04', '2026-03-09 04:48:43'),
(21, 1, 'Robert Dampan', 'N/A', '1260020', 70, NULL, 5, 2, 592, 0, 0, 0, '50.00', 1, 0, '2026-03-08 21:07:54', '2026-03-09 08:44:35'),
(22, 1, 'James rolly', '09100097562', '1260021', 83, NULL, 5, 2, 592, 0, 0, 0, '50.00', 1, 0, '2026-03-08 21:18:57', '2026-03-09 08:51:51'),
(23, 1, 'Juleth generale', '09159843658', '1260022', 75, NULL, 5, 2, 592, 0, 0, 0, '50.00', 1, 0, '2026-03-08 21:21:22', '2026-03-09 09:00:53'),
(24, 1, 'Luigi garzon', 'N/A', '1260023', 85, NULL, 4, 2, 480, 0, 0, 0, '50.00', 1, 0, '2026-03-08 21:21:57', '2026-03-09 03:03:15'),
(25, 1, 'Marvin Bacos', 'N/A', '1260024', 216, NULL, 4, 2, 480, 0, 0, 0, '50.00', 1, 0, '2026-03-08 21:23:27', '2026-03-09 02:37:52'),
(26, 1, 'Winnie', 'N/A', '1260025', 120, NULL, 4, 2, 480, 0, 0, 0, '50.00', 1, 0, '2026-03-08 21:28:09', '2026-03-09 08:37:36'),
(27, 1, 'Rahima samad', '09530849240', '1260026', 174, NULL, 5, 2, 592, 0, 0, 0, '50.00', 1, 0, '2026-03-08 21:31:10', '2026-03-09 05:58:58'),
(28, 1, 'Brylle hugo', 'N/A', '1260027', 27, 13, 6, 2, 816, 0, 0, 0, '50.00', 0, 0, '2026-03-08 21:31:37', '2026-03-08 23:46:56'),
(29, 1, 'Jeamae esmael', '09759370094', '1260028', 139, NULL, 5, 2, 592, 0, 0, 0, '50.00', 1, 0, '2026-03-08 21:33:02', '2026-03-09 05:58:16'),
(30, 1, 'Jay Ann', 'N/A', '1260029', 103, NULL, 5, 2, 592, 0, 0, 0, '50.00', 1, 0, '2026-03-08 21:33:07', '2026-03-09 07:30:47'),
(31, 1, 'Paul delfinado', 'N/A', '1260030', 55, NULL, 4, 2, 480, 0, 0, 0, '50.00', 1, 0, '2026-03-08 21:34:38', '2026-03-09 02:51:07'),
(32, 1, 'Ronel pino', 'N/A', '1260031', 32, NULL, 5, 2, 592, 0, 0, 0, '50.00', 1, 0, '2026-03-08 21:44:10', '2026-03-09 09:17:41'),
(33, 1, 'Tato tandual', '09754345654', '1260032', 147, NULL, 8, 3, 648, 0, 0, 0, '50.00', 1, 0, '2026-03-08 21:47:50', '2026-03-09 08:01:48'),
(34, 1, 'Jhonna lou binangga', '09161808024', '1260033', 53, NULL, 8, 3, 648, 0, 0, 0, '50.00', 1, 0, '2026-03-08 21:48:03', '2026-03-09 09:35:05'),
(35, 1, 'Christiene jade arabit', '09536444202', '1260034', 97, NULL, 4, 2, 480, 0, 0, 0, '50.00', 1, 0, '2026-03-08 21:49:11', '2026-03-09 01:50:54'),
(36, 1, 'Jeanny Babes  Tayo', '09166178250', '1260035', 16, NULL, 5, 2, 592, 0, 0, 0, '50.00', 1, 0, '2026-03-08 21:54:32', '2026-03-09 09:51:08'),
(37, 1, 'Edison bonilla', '09062576157', '1260036', 9, NULL, 5, 2, 592, 0, 0, 0, '50.00', 1, 0, '2026-03-08 21:57:09', '2026-03-09 06:07:44'),
(38, 1, 'Sergio Seroyla', 'N/A', '1260037', 7, NULL, 5, 2, 592, 0, 0, 0, '50.00', 1, 0, '2026-03-08 22:01:26', '2026-03-09 06:06:22'),
(39, 1, 'Albert rosario', 'N/A', '1260038', 110, NULL, 4, 2, 480, 0, 0, 0, '50.00', 1, 0, '2026-03-08 22:05:11', '2026-03-09 03:51:18'),
(40, 1, 'Ronald ortega', 'N/A', '1260039', 6, NULL, 5, 2, 592, 0, 0, 0, '50.00', 1, 0, '2026-03-08 22:08:10', '2026-03-09 05:15:45'),
(41, 1, 'SPARKS MAGDAYAO', '09770736104', '1260040', 126, NULL, 5, 2, 592, 0, 0, 0, '50.00', 1, 0, '2026-03-08 22:28:24', '2026-03-09 12:10:19'),
(42, 1, 'JOSELITO CUEVAS', 'N/A', '1260041', 107, NULL, 5, 2, 542, 0, 0, 1, '50.00', 1, 0, '2026-03-08 22:33:11', '2026-03-09 05:51:17'),
(43, 1, 'REX PENIALOSA', 'N/A', '1260042', 96, 108, 5, 2, 592, 0, 0, 0, '50.00', 1, 0, '2026-03-08 22:35:36', '2026-03-09 05:33:43'),
(44, 1, 'JERWIN LABANDO', 'N/A', '1260043', 112, NULL, 4, 2, 480, 0, 0, 0, '50.00', 1, 0, '2026-03-08 22:38:57', '2026-03-09 04:12:39'),
(45, 1, 'Saudi Pangilamin', '09051342880', '1260044', 179, NULL, 2, 1, 536, 0, 0, 0, '50.00', 1, 0, '2026-03-08 22:39:04', '2026-03-09 10:35:14'),
(46, 1, 'KRISTINE GARCIA', 'N/A', '1260045', 49, NULL, 4, 2, 480, 0, 0, 0, '50.00', 1, 0, '2026-03-08 22:40:13', '2026-03-09 04:20:05'),
(47, 1, 'TRIXIE', '09126346068', '1260046', 45, NULL, 6, 2, 816, 0, 0, 0, '50.00', 0, 0, '2026-03-08 22:41:50', '2026-03-08 22:43:25'),
(48, 1, 'Melson sanchez', 'N/A', '1260047', 18, NULL, 7, 3, 536, 0, 0, 0, '50.00', 1, 0, '2026-03-08 22:42:14', '2026-03-09 05:55:23'),
(49, 1, 'Melson', 'N/A', '1260048', 229, NULL, 1, 1, 424, 0, 0, 0, '50.00', 1, 0, '2026-03-08 22:43:40', '2026-03-09 05:55:48'),
(50, 1, 'MARY LOU PALMA', '09063237435', '1260049', 116, NULL, 5, 2, 592, 0, 0, 0, '50.00', 1, 0, '2026-03-08 22:56:40', '2026-03-09 04:48:16'),
(51, 1, 'Jenny munez', 'N/A', '1260050', 26, NULL, 5, 2, 592, 0, 0, 0, '50.00', 1, 0, '2026-03-08 22:57:54', '2026-03-09 11:17:20'),
(52, 1, 'PETER ORTIZ JR.', '09515054230', '1260051', 117, NULL, 4, 2, 480, 0, 0, 0, '50.00', 1, 0, '2026-03-08 22:58:03', '2026-03-09 04:34:57'),
(53, 1, 'Jhialel rudy', 'N/A', '1260052', 89, NULL, 1, 1, 424, 0, 0, 0, '50.00', 1, 0, '2026-03-08 23:06:12', '2026-03-09 05:19:15'),
(54, 1, 'MONICA NICOLAS', 'N/A', '1260053', 10, NULL, 4, 2, 480, 0, 0, 0, '50.00', 1, 0, '2026-03-08 23:19:57', '2026-03-09 03:46:23'),
(55, 1, 'JOY CADUSALE', 'N/A', '1260054', 20, NULL, 4, 2, 480, 0, 0, 0, '50.00', 1, 0, '2026-03-08 23:21:46', '2026-03-09 03:46:59'),
(56, 1, 'ELIJAH LANAQUE', '09514690472', '1260055', 175, NULL, 4, 2, 480, 0, 0, 0, '50.00', 1, 0, '2026-03-08 23:30:30', '2026-03-09 05:30:33'),
(57, 1, 'Jayson padilla', '09362427582', '1260056', 143, NULL, 4, 2, 480, 0, 0, 0, '50.00', 1, 0, '2026-03-08 23:39:17', '2026-03-09 05:25:30'),
(59, 1, 'JHUAY MASALON', '09517804067', '1260058', 61, NULL, 4, 2, 480, 0, 0, 0, '50.00', 1, 0, '2026-03-08 23:42:32', '2026-03-09 04:47:49'),
(60, 1, 'RANDY LADICA', 'N/A', '1260058', 113, NULL, 4, 2, 480, 0, 0, 0, '50.00', 1, 0, '2026-03-08 23:44:28', '2026-03-09 05:18:42'),
(61, 1, 'Genard', 'N/A', '1260059', 118, NULL, 4, 2, 480, 0, 0, 0, '50.00', 1, 0, '2026-03-08 23:52:55', '2026-03-09 05:03:14'),
(62, 1, 'May jsne dela cruz', 'N/A', '1260060', 123, NULL, 4, 2, 480, 0, 0, 0, '50.00', 1, 0, '2026-03-08 23:56:04', '2026-03-09 09:09:32'),
(63, 1, 'Yarie Jasmin', 'N/A', '1260061', 211, NULL, 5, 2, 592, 0, 0, 0, '50.00', 1, 0, '2026-03-08 23:56:58', '2026-03-09 11:42:22'),
(64, 1, 'Frean Boluso', 'N/A', '1260062', 136, NULL, 4, 2, 480, 0, 0, 0, '50.00', 1, 0, '2026-03-09 00:11:11', '2026-03-09 04:56:57'),
(65, 1, 'Dawn sinangote', '09093968225', '1260063', 124, NULL, 5, 2, 592, 0, 0, 0, '50.00', 1, 0, '2026-03-09 00:13:36', '2026-03-09 09:54:01'),
(66, 1, 'Klent john Tomabini', '09677283313', '1260064', 125, NULL, 4, 2, 480, 0, 0, 0, '50.00', 1, 0, '2026-03-09 00:16:24', '2026-03-09 06:05:23'),
(67, 1, 'Reynalyn bate', '09069174240', '1260065', 185, NULL, 4, 2, 480, 0, 0, 0, '50.00', 1, 0, '2026-03-09 00:18:27', '2026-03-09 09:23:40'),
(68, 1, 'Josephine frial', 'N/A', '1260066', 215, NULL, 5, 2, 592, 0, 0, 0, '50.00', 1, 0, '2026-03-09 00:24:22', '2026-03-09 09:39:09'),
(70, 1, 'Niel Del rosario', 'N/A', '1260067', 193, NULL, 5, 2, 592, 0, 0, 0, '50.00', 0, 0, '2026-03-09 00:27:59', '2026-03-09 00:28:22'),
(71, 1, 'Jhay Dolores', 'N/A', '1260068', 50, NULL, 5, 2, 592, 0, 0, 0, '50.00', 1, 0, '2026-03-09 01:02:55', '2026-03-09 08:42:40'),
(72, 1, 'Justin', 'N/A', '1260069', 202, 2, 4, 2, 480, 0, 0, 0, '50.00', 1, 0, '2026-03-09 01:10:40', '2026-03-09 05:01:10'),
(73, 1, 'GRACE', 'N/A', '1260070', 122, NULL, 5, 2, 592, 0, 0, 0, '50.00', 1, 0, '2026-03-09 01:21:28', '2026-03-09 12:58:44'),
(74, 1, 'ALFREDO', 'N/A', '1260071', 199, NULL, 5, 2, 592, 0, 0, 0, '50.00', 1, 0, '2026-03-09 01:35:35', '2026-03-09 11:32:49'),
(75, 1, 'Gillyn', '09099320501', '1260072', 101, 224, 4, 2, 480, 0, 0, 0, '50.00', 0, 0, '2026-03-09 01:43:49', '2026-03-09 01:51:51'),
(76, 1, 'Chris', 'N/A', '1260073', 200, NULL, 4, 2, 480, 0, 0, 0, '50.00', 1, 0, '2026-03-09 01:55:06', '2026-03-09 07:45:13'),
(77, 1, 'Gin', 'N/A', '1260074', 157, NULL, 6, 2, 816, 0, 0, 0, '50.00', 0, 0, '2026-03-09 02:33:43', '2026-03-09 02:35:29'),
(78, 1, 'ALEXIS C MENIORIA', 'N/A', '1260075', 97, NULL, 4, 2, 480, 0, 0, 0, '50.00', 1, 0, '2026-03-09 02:47:02', '2026-03-09 08:06:25'),
(79, 1, 'KENT MIKO LAGRMA', 'N/A', '1260076', 2, NULL, 4, 2, 480, 0, 0, 0, '50.00', 1, 0, '2026-03-09 02:55:18', '2026-03-09 05:32:19'),
(80, 1, 'Roljohn laquinario', '09940876848', '1260077', 204, NULL, 5, 2, 592, 0, 0, 0, '50.00', 1, 0, '2026-03-09 02:58:09', '2026-03-09 09:45:23'),
(81, 1, 'JIERRY ANNE', 'N/A', '1260078', 206, NULL, 5, 2, 592, 0, 0, 0, '50.00', 1, 0, '2026-03-09 03:00:18', '2026-03-09 15:02:19'),
(82, 1, 'Ynna', '09525474014', '1260079', 225, NULL, 2, 1, 536, 0, 0, 0, '50.00', 1, 0, '2026-03-09 03:37:47', '2026-03-09 15:22:39'),
(83, 1, 'Jezrel', '09203850210', '1260080', 85, NULL, 4, 2, 480, 0, 0, 0, '50.00', 1, 0, '2026-03-09 03:42:28', '2026-03-09 09:29:19'),
(84, 1, 'Pakito', '09977366998', '1260081', 207, NULL, 4, 2, 480, 0, 0, 0, '50.00', 1, 0, '2026-03-09 03:43:53', '2026-03-09 09:31:09'),
(85, 1, 'John paul', 'N/A', '1260082', 216, NULL, 4, 2, 480, 0, 0, 0, '50.00', 1, 0, '2026-03-09 03:45:51', '2026-03-09 09:30:20'),
(86, 1, 'ALI', 'N/A', '1260083', 208, NULL, 4, 2, 480, 0, 0, 0, '50.00', 1, 0, '2026-03-09 03:57:34', '2026-03-09 04:46:02'),
(87, 1, 'SALAMA', 'N/A', '1260084', 55, NULL, 4, 2, 480, 0, 0, 0, '50.00', 1, 0, '2026-03-09 03:58:47', '2026-03-09 08:48:14'),
(89, 1, 'Earl diaz', '09810859113', '1260086', 141, NULL, 4, 2, 480, 0, 0, 0, '50.00', 1, 0, '2026-03-09 04:09:07', '2026-03-09 15:54:34'),
(90, 1, 'Vince dagoc', 'N/A', '1260086', 135, NULL, 6, 2, 816, 0, 0, 0, '50.00', 1, 0, '2026-03-09 04:10:31', '2026-03-09 15:50:45'),
(92, 1, 'RAMZES MANGCOT', 'N/A', '1260087', 10, NULL, 4, 2, 480, 0, 0, 0, '50.00', 1, 0, '2026-03-09 04:32:21', '2026-03-09 09:33:04'),
(93, 1, 'Atilla Alcazaren', 'N/A', '1260088', 130, NULL, 1, 1, 424, 0, 0, 0, '50.00', 1, 0, '2026-03-09 05:06:35', '2026-03-09 10:46:12'),
(94, 1, 'Gerald Mendoza', 'N/A', '1260089', 131, NULL, 2, 1, 536, 0, 0, 0, '50.00', 0, 0, '2026-03-09 05:30:40', '2026-03-09 05:42:14'),
(95, 1, 'Timothy arnaiz', '09533671600', '1260090', 115, NULL, 5, 2, 592, 0, 0, 0, '50.00', 1, 0, '2026-03-09 06:16:45', '2026-03-09 11:27:13'),
(96, 1, 'Pio zaldy merano', '09514571805', '1260091', 163, 44, 6, 2, 816, 0, 0, 0, '50.00', 0, 0, '2026-03-09 06:47:39', '2026-03-09 07:39:34'),
(97, 1, 'Jerico Pillien', '09700337593', '1260092', 116, NULL, 6, 2, 1432, 1, 2, 0, '50.00', 0, 0, '2026-03-09 06:53:10', '2026-03-09 06:55:11'),
(98, 1, 'Abegail halawig', 'N/A', '1260093', 87, NULL, 6, 2, 816, 0, 0, 0, '50.00', 0, 0, '2026-03-09 08:02:33', '2026-03-09 08:04:19'),
(99, 1, 'Melanie ranola', '09393707968', '1260094', 2, NULL, 6, 2, 816, 0, 0, 0, '50.00', 0, 0, '2026-03-09 08:07:22', '2026-03-09 08:13:17'),
(100, 1, 'Uthman Makakena', '09156242448', '1260095', 89, NULL, 2, 1, 536, 0, 0, 0, '50.00', 0, 0, '2026-03-09 09:14:49', '2026-03-09 09:16:45'),
(101, 1, 'Ronie pullan jr', '09913816976', '1260096', 128, NULL, 3, 1, 760, 0, 0, 0, '50.00', 0, 0, '2026-03-09 09:16:13', '2026-03-09 09:19:16'),
(102, 1, 'Nadzla adam', 'N/A', '1260097', 1, NULL, 6, 2, 816, 0, 0, 0, '50.00', 0, 0, '2026-03-09 09:16:23', '2026-03-09 09:21:13'),
(103, 1, 'Lovely', 'N/A', '1260098', 7, NULL, 5, 2, 592, 0, 0, 0, '50.00', 0, 0, '2026-03-09 09:27:53', '2026-03-09 09:32:47'),
(104, 1, 'Jeffrey Altizo', 'N/A', '1260099', 143, NULL, 4, 2, 480, 0, 0, 0, '50.00', 0, 0, '2026-03-09 09:50:36', '2026-03-09 09:56:47'),
(105, 1, 'Abdul manan', 'N/A', '1260100', 136, NULL, 4, 2, 480, 0, 0, 0, '50.00', 1, 0, '2026-03-09 09:55:08', '2026-03-09 12:02:25'),
(106, 1, 'Jamir Macapasir', 'N/A', '1260101', 65, 175, 4, 2, 480, 0, 0, 0, '50.00', 1, 0, '2026-03-09 09:56:57', '2026-03-09 15:51:56'),
(107, 1, 'Michael angelo casido', '09505107977', '1260102', 83, NULL, 4, 2, 480, 0, 0, 0, '50.00', 1, 0, '2026-03-09 10:01:46', '2026-03-09 13:14:47'),
(108, 1, 'Cyhrus', 'N/A', '1260103', 169, NULL, 4, 2, 480, 0, 0, 0, '50.00', 1, 0, '2026-03-09 10:13:30', '2026-03-09 15:43:02'),
(109, 1, 'Christian Arapoc', 'N/A', '1260104', 139, NULL, 6, 2, 816, 0, 0, 0, '50.00', 0, 0, '2026-03-09 10:40:39', '2026-03-09 10:43:27'),
(110, 1, 'Irene redoble', 'N/A', '1260105', 187, NULL, 1, 1, 424, 0, 0, 0, '50.00', 1, 0, '2026-03-09 11:05:09', '2026-03-09 14:37:07'),
(111, 1, 'Jelyn pacatang', '09438408998', '1260106', 129, NULL, 3, 1, 760, 0, 0, 0, '50.00', 0, 0, '2026-03-09 11:46:00', '2026-03-09 11:48:03'),
(112, 1, 'Paolo escamilla', 'N/A', '1260107', 12, NULL, 4, 2, 480, 0, 0, 0, '50.00', 0, 0, '2026-03-09 11:48:13', '2026-03-09 11:50:42'),
(113, 1, 'Rehana utto', '09090714037', '1260108', 43, NULL, 4, 2, 480, 0, 0, 0, '50.00', 1, 0, '2026-03-09 11:56:41', '2026-03-09 15:35:10'),
(114, 1, 'Mikka pacino', '09706965501', '1260109', 28, 120, 4, 2, 480, 0, 0, 0, '50.00', 0, 0, '2026-03-09 12:01:26', '2026-03-09 12:07:20'),
(115, 1, 'Ramjay de guzman', 'N/A', '1260110', 132, NULL, 3, 1, 760, 0, 0, 0, '50.00', 0, 0, '2026-03-09 12:18:15', '2026-03-09 12:19:22'),
(116, 1, 'Serapio canoy jr.', 'N/A', '1260111', 176, NULL, 2, 1, 536, 0, 0, 0, '50.00', 0, 0, '2026-03-09 12:21:25', '2026-03-09 12:23:51'),
(117, 1, 'Dan', 'N/A', '1260112', 8, NULL, 4, 2, 480, 0, 0, 0, '50.00', 1, 0, '2026-03-09 12:26:25', '2026-03-09 15:55:28'),
(118, 1, 'Deniel', 'N/A', '1260113', 3, NULL, 5, 2, 592, 0, 0, 0, '50.00', 0, 0, '2026-03-09 12:37:26', '2026-03-09 12:43:40'),
(119, 1, 'Glen lawag ', '09657700794', '1260114', 13, NULL, 5, 2, 592, 0, 0, 0, '50.00', 0, 0, '2026-03-09 12:47:43', '2026-03-09 12:50:34'),
(120, 1, 'Arianna', '09392104059', '1260115', 130, NULL, 1, 1, 424, 0, 0, 0, '50.00', 0, 0, '2026-03-09 12:52:03', '2026-03-09 12:54:27');
INSERT INTO `guests` (`id`, `branch_id`, `name`, `contact`, `qr_code`, `room_id`, `previous_room_id`, `rate_id`, `type_id`, `static_amount`, `is_long_stay`, `number_of_days`, `has_discount`, `discount_amount`, `has_kiosk_check_out`, `is_co`, `created_at`, `updated_at`) VALUES
(121, 1, 'Jeffry mah', '09979352088', '1260116', 10, NULL, 4, 2, 480, 0, 0, 0, '50.00', 0, 0, '2026-03-09 12:57:48', '2026-03-09 12:59:08'),
(122, 1, 'Rodel c filosopo', '09513610077', '1260117', 17, NULL, 4, 2, 480, 0, 0, 0, '50.00', 1, 0, '2026-03-09 13:02:37', '2026-03-09 15:25:43'),
(123, 1, 'Jackielyn cordero', '09363899152', '1260118', 84, NULL, 4, 2, 480, 0, 0, 0, '50.00', 1, 0, '2026-03-09 13:15:09', '2026-03-09 15:31:58'),
(124, 1, 'Violeta m. Balacuit', 'N/A', '1260119', 30, 62, 6, 2, 816, 0, 0, 1, '50.00', 0, 0, '2026-03-09 13:17:36', '2026-03-09 13:20:39'),
(125, 1, 'John anthony banquil', '09953500309', '1260120', 34, NULL, 6, 2, 816, 0, 0, 0, '50.00', 0, 0, '2026-03-09 13:17:50', '2026-03-09 13:25:03'),
(126, 1, 'Patric flores', 'N/A', '1260121', 29, 61, 6, 2, 816, 0, 0, 0, '50.00', 0, 0, '2026-03-09 13:18:27', '2026-03-09 13:22:52'),
(127, 1, 'Felipe Jadraque', '09972370730', '1260122', 20, NULL, 4, 2, 480, 0, 0, 0, '50.00', 0, 0, '2026-03-09 13:21:26', '2026-03-09 13:25:36'),
(128, 1, 'Chaty tempomona', '09641496397', '1260123', 50, NULL, 4, 2, 480, 0, 0, 0, '50.00', 0, 0, '2026-03-09 13:23:10', '2026-03-09 13:26:21'),
(129, 1, 'Rino caspillo', 'N/A', '1260124', 6, NULL, 4, 2, 480, 0, 0, 0, '50.00', 1, 0, '2026-03-09 13:28:25', '2026-03-09 15:40:59'),
(130, 1, 'Doris anne collado', '09918216516', '1260125', 44, NULL, 6, 2, 816, 0, 0, 0, '50.00', 0, 0, '2026-03-09 13:31:56', '2026-03-09 13:36:07'),
(131, 1, 'Queenie flores', 'N/A', '1260126', 85, NULL, 4, 2, 480, 0, 0, 0, '50.00', 0, 0, '2026-03-09 13:32:53', '2026-03-09 13:36:55'),
(132, 1, 'Jun loyao', 'N/A', '1260127', 49, NULL, 4, 2, 480, 0, 0, 0, '50.00', 1, 0, '2026-03-09 13:43:00', '2026-03-09 14:55:19'),
(134, 1, 'jhonny Key Almomento', '09273565433', '1260128', 83, NULL, 4, 2, 480, 0, 0, 0, '50.00', 0, 0, '2026-03-09 13:55:33', '2026-03-09 13:56:28'),
(135, 1, 'Cjay', 'N/A', '1260129', 88, NULL, 3, 1, 760, 0, 0, 0, '50.00', 0, 0, '2026-03-09 14:15:46', '2026-03-09 14:21:18'),
(136, 1, 'Anna jean aquino', '09488660291', '1260130', 115, NULL, 4, 2, 480, 0, 0, 0, '50.00', 1, 0, '2026-03-09 14:20:07', '2026-03-09 15:46:32'),
(137, 1, 'Ali', 'N/A', '1260131', 103, NULL, 5, 2, 592, 0, 0, 0, '50.00', 0, 0, '2026-03-09 14:21:31', '2026-03-09 14:33:09'),
(138, 1, 'Richard Rayray', 'N/A', '1260132', 127, NULL, 1, 1, 424, 0, 0, 0, '50.00', 0, 0, '2026-03-09 14:23:04', '2026-03-09 14:27:05'),
(139, 1, 'Jyrille mae sausa', 'N/A', '1260133', 178, NULL, 1, 1, 424, 0, 0, 0, '50.00', 0, 0, '2026-03-09 14:23:27', '2026-03-09 14:28:26'),
(140, 1, 'Aldren C. Cornel', 'N/A', '1260134', 11, NULL, 9, 3, 872, 0, 0, 0, '50.00', 0, 0, '2026-03-09 14:35:11', '2026-03-09 14:36:49'),
(141, 1, 'Jerry', 'N/A', '1260135', 16, NULL, 4, 2, 480, 0, 0, 0, '50.00', 1, 0, '2026-03-09 14:36:21', '2026-03-09 15:34:08'),
(143, 1, 'Almoher tande', '09396920356', '1260136', 55, NULL, 4, 2, 480, 0, 0, 0, '50.00', 0, 0, '2026-03-09 14:42:47', '2026-03-09 14:43:33'),
(144, 1, 'Benhamin Quirino', 'N/A', '1260137', 95, NULL, 8, 3, 648, 0, 0, 0, '50.00', 0, 0, '2026-03-09 14:48:01', '2026-03-09 14:50:46'),
(145, 1, 'Micah Guimbaan', '09500108807', '1260138', 4, NULL, 2, 1, 536, 0, 0, 0, '50.00', 0, 0, '2026-03-09 14:49:39', '2026-03-09 14:51:55'),
(146, 1, 'Rj Cortes', 'N/A', '1260139', 162, NULL, 4, 2, 480, 0, 0, 0, '50.00', 0, 0, '2026-03-09 14:53:45', '2026-03-09 14:59:01'),
(147, 1, 'Jhunjhun', 'N/A', '1260140', 149, NULL, 4, 2, 480, 0, 0, 0, '50.00', 0, 0, '2026-03-09 14:55:05', '2026-03-09 14:59:47'),
(148, 1, 'John poul ebagat', '09098105366', '1260141', 26, NULL, 6, 2, 816, 0, 0, 0, '50.00', 0, 0, '2026-03-09 15:07:43', '2026-03-09 15:10:07'),
(149, 1, 'Patricio anonuevo jr', '09279757031', '1260142', 174, NULL, 6, 2, 816, 0, 0, 0, '50.00', 0, 0, '2026-03-09 15:09:30', '2026-03-09 15:11:33'),
(150, 1, 'Princess jelian', 'N/A', '1260143', 185, NULL, 4, 2, 480, 0, 0, 0, '50.00', 0, 0, '2026-03-09 15:15:25', '2026-03-09 15:17:29'),
(151, 1, 'Bai bai bondula', 'N/A', '1260144', 24, NULL, 6, 2, 816, 0, 0, 0, '50.00', 0, 0, '2026-03-09 15:21:59', '2026-03-09 15:40:15'),
(152, 1, 'Ken lising', '09102559343', '1260145', 93, NULL, 4, 2, 480, 0, 0, 0, '50.00', 0, 0, '2026-03-09 15:29:57', '2026-03-09 15:32:52'),
(153, 1, 'Diether bisonia', '09816401535', '1260146', 46, NULL, 3, 1, 760, 0, 0, 0, '50.00', 0, 0, '2026-03-09 15:47:14', '2026-03-09 15:49:20'),
(154, 1, 'Miafe B. Almendralejo', '09098022726', '1260147', 212, 47, 6, 2, 816, 1, 1, 0, '50.00', 0, 0, '2026-03-09 15:50:55', '2026-03-09 16:00:26'),
(155, 1, 'Kent joseph soronio', '09978153670', '1260148', 92, NULL, 6, 2, 816, 0, 0, 0, '50.00', 0, 0, '2026-03-09 16:00:00', '2026-03-09 16:02:05');

INSERT INTO `hotel_items` (`id`, `branch_id`, `name`, `price`, `created_at`, `updated_at`) VALUES
(1, 1, 'MAIN DOOR', 5000, '2026-03-08 20:01:59', '2026-03-08 20:01:59');
INSERT INTO `hotel_items` (`id`, `branch_id`, `name`, `price`, `created_at`, `updated_at`) VALUES
(2, 1, 'PURTAHAN SA C.R.', 2500, '2026-03-08 20:01:59', '2026-03-08 20:01:59');
INSERT INTO `hotel_items` (`id`, `branch_id`, `name`, `price`, `created_at`, `updated_at`) VALUES
(3, 1, 'SUGA SA ROOM', 150, '2026-03-08 20:01:59', '2026-03-08 20:01:59');
INSERT INTO `hotel_items` (`id`, `branch_id`, `name`, `price`, `created_at`, `updated_at`) VALUES
(4, 1, 'SUGA SA C.R.', 130, '2026-03-08 20:01:59', '2026-03-08 20:01:59'),
(5, 1, 'SAMIN SULOD SA ROOM', 1000, '2026-03-08 20:01:59', '2026-03-08 20:01:59'),
(6, 1, 'SAMIN SULOD SA C.R.', 1000, '2026-03-08 20:01:59', '2026-03-08 20:01:59'),
(7, 1, 'SAMIN SA GAWAS', 1500, '2026-03-08 20:01:59', '2026-03-08 20:01:59'),
(8, 1, 'SALOG SA ROOM PER TILES', 1200, '2026-03-08 20:01:59', '2026-03-08 20:01:59'),
(9, 1, 'SALOG SA C.R. PER TILE', 1200, '2026-03-08 20:01:59', '2026-03-08 20:01:59'),
(10, 1, 'RUG/ TRAPO SA SALOG', 40, '2026-03-08 20:01:59', '2026-03-08 20:01:59'),
(11, 1, 'UNLAN', 500, '2026-03-08 20:01:59', '2026-03-08 20:01:59'),
(12, 1, 'HABOL', 500, '2026-03-08 20:01:59', '2026-03-08 20:01:59'),
(13, 1, 'PUNDA', 200, '2026-03-08 20:01:59', '2026-03-08 20:01:59'),
(14, 1, 'PUNDA WITH MANTSA(HAIR DYE)', 500, '2026-03-08 20:01:59', '2026-03-08 20:01:59'),
(15, 1, 'BEDSHEET WITH INK', 500, '2026-03-08 20:01:59', '2026-03-08 20:01:59'),
(16, 1, 'BED PAD WITH INK', 800, '2026-03-08 20:01:59', '2026-03-08 20:01:59'),
(17, 1, 'BED SKIRT WITH INK', 1500, '2026-03-08 20:01:59', '2026-03-08 20:01:59'),
(18, 1, 'TOWEL', 300, '2026-03-08 20:01:59', '2026-03-08 20:01:59'),
(19, 1, 'DOORKNOB C.R.', 350, '2026-03-08 20:01:59', '2026-03-08 20:01:59'),
(20, 1, 'MAIN DOOR DOORKNOB', 500, '2026-03-08 20:01:59', '2026-03-08 20:01:59'),
(21, 1, 'T.V.', 30000, '2026-03-08 20:01:59', '2026-03-08 20:01:59'),
(22, 1, 'TELEPHONE', 1000, '2026-03-08 20:01:59', '2026-03-08 20:01:59'),
(23, 1, 'DECODER PARA SA CABLE', 1600, '2026-03-08 20:01:59', '2026-03-08 20:01:59'),
(24, 1, 'CORD SA DECODER', 100, '2026-03-08 20:01:59', '2026-03-08 20:01:59'),
(25, 1, 'CHARGER SA DECODER', 400, '2026-03-08 20:01:59', '2026-03-08 20:01:59'),
(26, 1, 'WIRING SA TELEPHONE', 100, '2026-03-08 20:01:59', '2026-03-08 20:01:59'),
(27, 1, 'WIRINGS SA T.V.', 200, '2026-03-08 20:01:59', '2026-03-08 20:01:59'),
(28, 1, 'WIRING SA DECODER', 50, '2026-03-08 20:01:59', '2026-03-08 20:01:59'),
(29, 1, 'CEILING', 0, '2026-03-08 20:01:59', '2026-03-08 20:01:59'),
(30, 1, 'SHOWER HEAD', 800, '2026-03-08 20:01:59', '2026-03-08 20:01:59'),
(31, 1, 'SHOWER BULB', 800, '2026-03-08 20:01:59', '2026-03-08 20:01:59'),
(32, 1, 'BIDET', 400, '2026-03-08 20:01:59', '2026-03-08 20:01:59'),
(33, 1, 'HINGES/ TOWEL BAR', 200, '2026-03-08 20:01:59', '2026-03-08 20:01:59'),
(34, 1, 'TAKLOB SA TANGKE', 1200, '2026-03-08 20:01:59', '2026-03-08 20:01:59'),
(35, 1, 'TANGKE SA BOWL', 3000, '2026-03-08 20:01:59', '2026-03-08 20:01:59'),
(36, 1, 'TAKLOB SA BOWL', 1000, '2026-03-08 20:01:59', '2026-03-08 20:01:59'),
(37, 1, 'ILALOM SA LABABO', 0, '2026-03-08 20:01:59', '2026-03-08 20:01:59'),
(38, 1, 'SINK/LABABO', 1500, '2026-03-08 20:01:59', '2026-03-08 20:01:59'),
(39, 1, 'BASURAHAN', 70, '2026-03-08 20:01:59', '2026-03-08 20:01:59'),
(40, 1, 'WET BED', 500, '2026-03-08 21:39:03', '2026-03-08 21:39:03'),
(41, 1, 'FLUSHER', 150, '2026-03-08 21:40:13', '2026-03-08 21:40:13'),
(42, 1, 'FAUCET SA UBOS', 400, '2026-03-08 21:40:40', '2026-03-08 21:40:40'),
(43, 1, 'FAUCET SA SINK', 500, '2026-03-08 21:41:02', '2026-03-08 21:41:02'),
(44, 1, 'SMOKING', 200, '2026-03-08 21:41:29', '2026-03-08 21:41:29'),
(45, 1, 'AIRCON COVER', 1000, '2026-03-08 21:42:04', '2026-03-08 21:42:04'),
(46, 1, 'EFFICASCENT/OIL VERY SMALL', 100, '2026-03-08 21:46:44', '2026-03-08 21:46:44'),
(47, 1, 'EFFICASCENT/OIL SMALL', 200, '2026-03-08 21:47:18', '2026-03-08 21:47:18'),
(48, 1, 'EFFICASCENT/OIL MEDIUM', 300, '2026-03-08 21:47:35', '2026-03-08 21:47:35'),
(49, 1, 'EFFICASCENT/OIL LARGE', 400, '2026-03-08 21:47:53', '2026-03-08 21:47:53'),
(50, 1, 'EFFICASCENT/OIL VERY LARGE', 500, '2026-03-08 21:48:08', '2026-03-08 21:48:08'),
(51, 1, 'BLOOD STAIN SMALL', 50, '2026-03-08 21:48:54', '2026-03-08 21:48:54'),
(52, 1, 'BLOOD STAIN LARGE', 100, '2026-03-08 21:49:14', '2026-03-08 21:49:14'),
(53, 1, 'BLOOD STAIN WORST', 500, '2026-03-08 21:49:28', '2026-03-08 21:49:28'),
(54, 1, 'VANDALISM', 500, '2026-03-08 21:49:46', '2026-03-08 21:49:46'),
(55, 1, 'BEER / LIQUOR', 200, '2026-03-08 21:50:04', '2026-03-08 21:50:04'),
(56, 1, 'DURIAN / MARANG / LANGKA', 200, '2026-03-08 21:51:03', '2026-03-08 21:51:03'),
(57, 1, 'KITCHEN UTENSIL: BOWL', 150, '2026-03-08 21:51:48', '2026-03-08 21:51:48'),
(58, 1, 'PLATE', 150, '2026-03-08 21:52:24', '2026-03-08 21:52:24'),
(59, 1, 'SAUCER', 150, '2026-03-08 21:55:24', '2026-03-08 21:55:24'),
(60, 1, 'GLASS', 150, '2026-03-08 21:58:16', '2026-03-08 21:58:16'),
(61, 1, 'COMPUTER USAGE', 20, '2026-03-08 21:59:05', '2026-03-08 21:59:05'),
(62, 1, 'LINENS, PUNDA WITH BUBBLE GUM', 500, '2026-03-08 21:59:33', '2026-03-08 21:59:33'),
(63, 1, 'STICKER(S) ', 450, '2026-03-08 22:00:39', '2026-03-08 22:00:39'),
(64, 1, 'MENU', 60, '2026-03-08 22:00:56', '2026-03-08 22:00:56'),
(65, 1, 'CLIPSAL', 200, '2026-03-08 22:01:52', '2026-03-08 22:01:52'),
(66, 1, 'KEY', 200, '2026-03-08 22:02:39', '2026-03-08 22:02:39'),
(67, 1, 'BACKOUT GUEST: DIRTY ROOM / C.R', 50, '2026-03-08 22:03:13', '2026-03-08 22:03:13'),
(68, 1, 'BACKOUT GUEST: DIRTY BEDDINGS', 100, '2026-03-08 22:03:33', '2026-03-08 22:03:33'),
(69, 1, 'REMOTE', 300, '2026-03-08 22:03:55', '2026-03-08 22:03:55'),
(70, 1, 'DOUBLE CHARGE EXTRA PERSON SINGLE', 224, '2026-03-08 22:05:45', '2026-03-08 22:05:45'),
(71, 1, 'DOUBLE CHARGE EXTRA PERSON DOUBLE', 280, '2026-03-08 22:06:00', '2026-03-08 22:06:00'),
(72, 1, 'DOUBLE CHARGE EXTRA PERSON TWIN BED', 336, '2026-03-08 22:06:24', '2026-03-08 22:06:24'),
(73, 1, 'EXTRA TOWEL', 20, '2026-03-08 22:12:59', '2026-03-08 22:12:59'),
(74, 1, 'EXTRA BLANKET', 20, '2026-03-08 22:13:16', '2026-03-08 22:13:16'),
(75, 1, 'EXTRA FITTED SHEET', 20, '2026-03-08 22:13:33', '2026-03-08 22:13:33'),
(76, 1, 'BLOOD STAIN EXTRA LARGE', 200, '2026-03-09 05:58:01', '2026-03-09 05:58:01');









INSERT INTO `migrations` (`id`, `migration`, `batch`) VALUES
(1, '2014_10_12_000000_create_users_table', 1);
INSERT INTO `migrations` (`id`, `migration`, `batch`) VALUES
(2, '2014_10_12_100000_create_password_resets_table', 1);
INSERT INTO `migrations` (`id`, `migration`, `batch`) VALUES
(3, '2014_10_12_200000_add_two_factor_columns_to_users_table', 1);
INSERT INTO `migrations` (`id`, `migration`, `batch`) VALUES
(4, '2019_08_19_000000_create_failed_jobs_table', 1),
(5, '2019_12_14_000001_create_personal_access_tokens_table', 1),
(6, '2023_01_09_003353_create_sessions_table', 1),
(7, '2023_01_09_011352_create_permission_tables', 1),
(8, '2023_01_09_013909_create_branches_table', 1),
(9, '2023_01_09_044158_create_types_table', 1),
(10, '2023_01_09_062131_create_staying_hours_table', 1),
(11, '2023_01_09_062147_create_rates_table', 1),
(12, '2023_01_10_013013_create_floors_table', 1),
(13, '2023_01_10_053310_create_rooms_table', 1),
(14, '2023_01_11_054703_create_discounts_table', 1),
(15, '2023_01_11_072554_create_extension_rates_table', 1),
(16, '2023_01_11_082241_create_hotel_items_table', 1),
(17, '2023_01_11_112128_create_requestable_items_table', 1),
(18, '2023_01_13_015319_create_guests_table', 1),
(19, '2023_01_13_015911_create_temporary_check_in_kiosks_table', 1),
(20, '2023_01_13_110452_create_jobs_table', 1),
(21, '2023_01_13_133418_create_transactions_table', 1),
(22, '2023_01_13_133436_create_checkin_details_table', 1),
(23, '2023_01_17_110924_create_transaction_types_table', 1),
(24, '2023_01_24_111333_create_cleaning_histories_table', 1),
(25, '2023_01_24_170546_create_menu_categories_table', 1),
(26, '2023_01_24_184549_create_menus_table', 1),
(27, '2023_01_24_184821_create_inventories_table', 1),
(28, '2023_01_31_110026_create_frontdesks_table', 1),
(29, '2023_01_31_114024_create_assigned_frontdesks_table', 1),
(30, '2023_02_06_205903_create_expense_categories_table', 1),
(31, '2023_02_07_081720_create_expenses_table', 1),
(32, '2023_02_08_204445_create_shift_logs_table', 1),
(33, '2023_02_09_101803_create_stay_extensions_table', 1),
(34, '2023_02_28_110640_create_new_guest_reports_table', 1),
(35, '2023_02_28_143009_create_check_out_guest_reports_table', 1),
(36, '2023_03_01_115621_create_room_boy_reports_table', 1),
(37, '2023_03_02_135506_create_unoccupied_room_reports_table', 1),
(38, '2023_03_02_144943_create_extended_guest_reports_table', 1),
(39, '2023_03_09_214821_create_temporary_reserveds_table', 1),
(40, '2024_05_06_083859_create_frontdesk_categories_table', 1),
(41, '2024_05_06_084015_create_frontdesk_menus_table', 1),
(42, '2024_05_06_084026_create_frontdesk_inventories_table', 1),
(43, '2024_05_06_170704_create_pub_categories_table', 1),
(44, '2024_05_06_170716_create_pub_menus_table', 1),
(45, '2024_05_06_170724_create_pub_inventories_table', 1),
(46, '2024_05_20_150902_add_column_previous_room_id_on_guests_table', 1),
(47, '2025_06_05_092953_change_data_type_on_rooms_table', 1),
(48, '2025_06_16_090707_add_column_initial_deposit_to_branch_table', 1),
(49, '2025_06_18_102414_add_column_deposit_enabled_to_branches_table', 1),
(50, '2025_06_18_140238_add_column_has_discount_to_guests_table', 1),
(51, '2025_06_24_102431_add_column_has_discount_to_rates_table', 1),
(52, '2025_07_01_104113_add_column_has_kiosk_check_out_to_guests_table', 1),
(53, '2025_07_21_111252_add_column_user_id_to_expenses_table', 1),
(54, '2025_08_07_135126_add_column_image_on_frontdesk_menus', 1),
(55, '2025_08_08_142506_add_column_branch_id_to_room_boy_reports', 1),
(56, '2025_08_12_135730_create_floor_user_table', 1),
(57, '2025_08_28_161029_create_transfer_reasons_table', 1),
(58, '2025_08_29_083259_add_column_is_active_to_users_table', 1),
(59, '2025_09_11_161912_create_activity_logs_table', 1),
(60, '2025_09_24_145204_add_column_frontdesk_id_to_checkin_details_table', 1),
(61, '2025_10_10_081926_add_column_item_code_to_menus_table', 1),
(62, '2025_10_10_083455_add_column_item_code_to_frontdesk_menus_table', 1),
(63, '2025_11_18_141733_add_column_is_co_to_transactions_table', 1),
(64, '2025_11_19_102546_add_column_is_co_to_guests_table', 1),
(65, '2026_01_06_081235_add_column_is_opened_to_temporary_check_in_kiosks_table', 1),
(66, '2026_01_27_091907_create_cash_drawers_table', 1),
(67, '2026_01_28_103528_add_column_user_id_to_frontdesks_table', 1),
(68, '2026_01_30_115738_add_column_shift_to_shift_logs_table', 1),
(69, '2026_01_30_121811_add_column_shift_to_users_table', 1),
(70, '2026_01_30_124636_add_column_shift_to_transactions_table', 1),
(71, '2026_01_30_213630_add_column_frontdesk_id_to_shift_logs_table', 1),
(72, '2026_01_31_103608_create_cash_on_drawers_table', 1),
(73, '2026_02_05_162232_add_column_next_extension_is_original_to_checkin_details_table', 1),
(74, '2026_02_06_091712_add_column_static_room_amount_to_checkin_details_table', 1),
(75, '2026_02_10_154032_add_column_is_override_to_transactions_table', 1),
(76, '2026_02_11_130152_add_column_deductions_to_cash_on_drawers_table', 1),
(77, '2026_02_16_134017_add_column_checkin_detail_id_to_transactions_table', 1),
(78, '2026_02_26_085751_add_column_kiosk_time_limit_to_branches_table', 1),
(79, '2026_02_26_132707_create_transfered_guest_reports_table', 1),
(80, '2026_03_05_213433_add_column_passcode_to_frontdesks_table', 1),
(81, '2026_03_05_222809_add_column_beggining_cash_to_shift_logs_table', 1),
(82, '2026_03_05_230745_add_column_branch_id_to_expenses_table', 1),
(83, '2026_03_05_234422_add_column_description_to_shift_logs_table', 1),
(84, '2026_03_06_101236_add_column_shift_log_id_to_expenses_table', 1),
(85, '2026_03_06_111352_add_column_total_expenses_to_shift_logs_table', 1),
(86, '2026_03_08_094207_add_column_shift_log_id_to_transactions_table', 1),
(87, '2026_03_08_144754_create_remittances_table', 1),
(88, '2026_03_08_153550_add_column_total_remittance_on_shift_logs_table', 1);



INSERT INTO `model_has_roles` (`role_id`, `model_type`, `model_id`) VALUES
(1, 'App\\Models\\User', 1);
INSERT INTO `model_has_roles` (`role_id`, `model_type`, `model_id`) VALUES
(2, 'App\\Models\\User', 2);
INSERT INTO `model_has_roles` (`role_id`, `model_type`, `model_id`) VALUES
(3, 'App\\Models\\User', 3);
INSERT INTO `model_has_roles` (`role_id`, `model_type`, `model_id`) VALUES
(6, 'App\\Models\\User', 4),
(5, 'App\\Models\\User', 5),
(7, 'App\\Models\\User', 6),
(4, 'App\\Models\\User', 7),
(8, 'App\\Models\\User', 8),
(3, 'App\\Models\\User', 9),
(4, 'App\\Models\\User', 10),
(4, 'App\\Models\\User', 11),
(4, 'App\\Models\\User', 12),
(4, 'App\\Models\\User', 13),
(4, 'App\\Models\\User', 14),
(4, 'App\\Models\\User', 15),
(4, 'App\\Models\\User', 16),
(4, 'App\\Models\\User', 17),
(4, 'App\\Models\\User', 18),
(4, 'App\\Models\\User', 19),
(4, 'App\\Models\\User', 20),
(3, 'App\\Models\\User', 21),
(3, 'App\\Models\\User', 22),
(3, 'App\\Models\\User', 23),
(3, 'App\\Models\\User', 24),
(3, 'App\\Models\\User', 25),
(4, 'App\\Models\\User', 26);

INSERT INTO `new_guest_reports` (`id`, `branch_id`, `room_id`, `checkin_details_id`, `shift_date`, `shift`, `frontdesk_id`, `partner_name`, `created_at`, `updated_at`) VALUES
(1, 1, 84, 1, 'March 8, 2026', 'PM', 2, 'N/A', '2026-03-08 20:05:49', '2026-03-08 20:05:49');
INSERT INTO `new_guest_reports` (`id`, `branch_id`, `room_id`, `checkin_details_id`, `shift_date`, `shift`, `frontdesk_id`, `partner_name`, `created_at`, `updated_at`) VALUES
(2, 1, 14, 2, 'March 8, 2026', 'PM', 2, 'N/A', '2026-03-08 20:11:33', '2026-03-08 20:11:33');
INSERT INTO `new_guest_reports` (`id`, `branch_id`, `room_id`, `checkin_details_id`, `shift_date`, `shift`, `frontdesk_id`, `partner_name`, `created_at`, `updated_at`) VALUES
(3, 1, 178, 3, 'March 8, 2026', 'PM', 2, 'N/A', '2026-03-08 20:14:57', '2026-03-08 20:14:57');
INSERT INTO `new_guest_reports` (`id`, `branch_id`, `room_id`, `checkin_details_id`, `shift_date`, `shift`, `frontdesk_id`, `partner_name`, `created_at`, `updated_at`) VALUES
(4, 1, 132, 4, 'March 8, 2026', 'PM', 2, 'N/A', '2026-03-08 20:23:04', '2026-03-08 20:23:04'),
(5, 1, 167, 5, 'March 8, 2026', 'PM', 2, 'N/A', '2026-03-08 20:24:16', '2026-03-08 20:24:16'),
(6, 1, 43, 6, 'March 8, 2026', 'PM', 2, 'N/A', '2026-03-08 20:24:48', '2026-03-08 20:24:48'),
(7, 1, 1, 7, 'March 8, 2026', 'PM', 2, 'N/A', '2026-03-08 20:28:17', '2026-03-08 20:28:17'),
(8, 1, 19, 8, 'March 8, 2026', 'PM', 2, 'N/A', '2026-03-08 20:30:40', '2026-03-08 20:30:40'),
(9, 1, 12, 9, 'March 8, 2026', 'PM', 2, 'N/A', '2026-03-08 20:31:17', '2026-03-08 20:31:17'),
(10, 1, 58, 10, 'March 8, 2026', 'PM', 2, 'N/A', '2026-03-08 20:32:05', '2026-03-08 20:32:05'),
(11, 1, 3, 11, 'March 8, 2026', 'PM', 2, 'N/A', '2026-03-08 20:36:12', '2026-03-08 20:36:12'),
(12, 1, 8, 12, 'March 8, 2026', 'PM', 2, 'N/A', '2026-03-08 20:46:55', '2026-03-08 20:46:55'),
(13, 1, 162, 13, 'March 8, 2026', 'PM', 2, 'N/A', '2026-03-08 20:50:17', '2026-03-08 20:50:17'),
(14, 1, 121, 14, 'March 8, 2026', 'PM', 2, 'N/A', '2026-03-08 20:50:45', '2026-03-08 20:50:45'),
(15, 1, 17, 15, 'March 8, 2026', 'PM', 2, 'N/A', '2026-03-08 21:01:09', '2026-03-08 21:01:09'),
(16, 1, 209, 16, 'March 8, 2026', 'PM', 2, 'N/A', '2026-03-08 21:02:16', '2026-03-08 21:02:16'),
(17, 1, 92, 17, 'March 8, 2026', 'PM', 2, 'N/A', '2026-03-08 21:04:26', '2026-03-08 21:04:26'),
(18, 1, 34, 18, 'March 8, 2026', 'PM', 2, 'N/A', '2026-03-08 21:07:23', '2026-03-08 21:07:23'),
(19, 1, 62, 19, 'March 8, 2026', 'PM', 2, 'N/A', '2026-03-08 21:09:41', '2026-03-08 21:09:41'),
(20, 1, 70, 20, 'March 8, 2026', 'PM', 2, 'N/A', '2026-03-08 21:10:38', '2026-03-08 21:10:38'),
(21, 1, 83, 21, 'March 8, 2026', 'PM', 2, 'N/A', '2026-03-08 21:20:13', '2026-03-08 21:20:13'),
(22, 1, 75, 22, 'March 8, 2026', 'PM', 2, 'N/A', '2026-03-08 21:24:27', '2026-03-08 21:24:27'),
(23, 1, 85, 23, 'March 8, 2026', 'PM', 2, 'N/A', '2026-03-08 21:25:00', '2026-03-08 21:25:00'),
(24, 1, 216, 24, 'March 8, 2026', 'PM', 2, 'N/A', '2026-03-08 21:25:45', '2026-03-08 21:25:45'),
(25, 1, 120, 25, 'March 8, 2026', 'PM', 2, 'N/A', '2026-03-08 21:30:12', '2026-03-08 21:30:12'),
(26, 1, 174, 26, 'March 8, 2026', 'PM', 2, 'N/A', '2026-03-08 21:32:28', '2026-03-08 21:32:28'),
(27, 1, 13, 27, 'March 8, 2026', 'PM', 2, 'N/A', '2026-03-08 21:33:18', '2026-03-08 21:33:18'),
(28, 1, 139, 28, 'March 8, 2026', 'PM', 2, 'N/A', '2026-03-08 21:34:20', '2026-03-08 21:34:20'),
(29, 1, 103, 29, 'March 8, 2026', 'PM', 2, 'N/A', '2026-03-08 21:35:19', '2026-03-08 21:35:19'),
(30, 1, 55, 30, 'March 8, 2026', 'PM', 2, 'N/A', '2026-03-08 21:36:45', '2026-03-08 21:36:45'),
(31, 1, 32, 31, 'March 8, 2026', 'PM', 2, 'N/A', '2026-03-08 21:46:36', '2026-03-08 21:46:36'),
(32, 1, 147, 32, 'March 8, 2026', 'PM', 2, 'N/A', '2026-03-08 21:49:21', '2026-03-08 21:49:21'),
(33, 1, 53, 33, 'March 8, 2026', 'PM', 2, 'N/A', '2026-03-08 21:50:38', '2026-03-08 21:50:38'),
(34, 1, 97, 34, 'March 8, 2026', 'PM', 2, 'N/A', '2026-03-08 21:51:35', '2026-03-08 21:51:35'),
(35, 1, 16, 35, 'March 8, 2026', 'PM', 2, 'N/A', '2026-03-08 21:55:36', '2026-03-08 21:55:36'),
(36, 1, 9, 36, 'March 8, 2026', 'PM', 2, 'N/A', '2026-03-08 21:58:45', '2026-03-08 21:58:45'),
(37, 1, 7, 37, 'March 8, 2026', 'PM', 2, 'N/A', '2026-03-08 22:02:57', '2026-03-08 22:02:57'),
(38, 1, 110, 38, 'March 8, 2026', 'PM', 2, 'N/A', '2026-03-08 22:06:05', '2026-03-08 22:06:05'),
(39, 1, 6, 39, 'March 8, 2026', 'PM', 2, 'N/A', '2026-03-08 22:09:36', '2026-03-08 22:09:36'),
(40, 1, 126, 40, 'March 8, 2026', 'PM', 2, 'N/A', '2026-03-08 22:29:20', '2026-03-08 22:29:20'),
(41, 1, 107, 41, 'March 8, 2026', 'PM', 2, 'N/A', '2026-03-08 22:36:57', '2026-03-08 22:36:57'),
(42, 1, 108, 42, 'March 8, 2026', 'PM', 2, 'N/A', '2026-03-08 22:37:28', '2026-03-08 22:37:28'),
(43, 1, 112, 43, 'March 8, 2026', 'PM', 2, 'N/A', '2026-03-08 22:40:11', '2026-03-08 22:40:11'),
(44, 1, 179, 44, 'March 8, 2026', 'PM', 2, 'N/A', '2026-03-08 22:41:04', '2026-03-08 22:41:04'),
(45, 1, 49, 45, 'March 8, 2026', 'PM', 2, 'N/A', '2026-03-08 22:41:49', '2026-03-08 22:41:49'),
(46, 1, 45, 46, 'March 8, 2026', 'PM', 2, 'N/A', '2026-03-08 22:43:25', '2026-03-08 22:43:25'),
(47, 1, 18, 47, 'March 8, 2026', 'PM', 2, 'N/A', '2026-03-08 22:45:03', '2026-03-08 22:45:03'),
(48, 1, 229, 48, 'March 8, 2026', 'PM', 2, 'N/A', '2026-03-08 22:45:11', '2026-03-08 22:45:11'),
(49, 1, 116, 49, 'March 8, 2026', 'PM', 2, 'N/A', '2026-03-08 22:58:28', '2026-03-08 22:58:28'),
(50, 1, 117, 50, 'March 8, 2026', 'PM', 2, 'N/A', '2026-03-08 22:59:16', '2026-03-08 22:59:16'),
(51, 1, 26, 51, 'March 8, 2026', 'PM', 2, 'N/A', '2026-03-08 22:59:59', '2026-03-08 22:59:59'),
(52, 1, 89, 52, 'March 8, 2026', 'PM', 2, 'N/A', '2026-03-08 23:07:43', '2026-03-08 23:07:43'),
(53, 1, 10, 53, 'March 8, 2026', 'PM', 2, 'N/A', '2026-03-08 23:21:14', '2026-03-08 23:21:14'),
(54, 1, 20, 54, 'March 8, 2026', 'PM', 2, 'N/A', '2026-03-08 23:22:09', '2026-03-08 23:22:09'),
(55, 1, 175, 55, 'March 8, 2026', 'PM', 2, 'N/A', '2026-03-08 23:32:12', '2026-03-08 23:32:12'),
(56, 1, 143, 56, 'March 8, 2026', 'PM', 2, 'N/A', '2026-03-08 23:42:26', '2026-03-08 23:42:26'),
(57, 1, 61, 57, 'March 8, 2026', 'PM', 2, 'N/A', '2026-03-08 23:44:18', '2026-03-08 23:44:18'),
(58, 1, 113, 58, 'March 8, 2026', 'PM', 2, 'N/A', '2026-03-08 23:46:02', '2026-03-08 23:46:02'),
(59, 1, 118, 59, 'March 8, 2026', 'PM', 2, 'N/A', '2026-03-08 23:53:45', '2026-03-08 23:53:45'),
(60, 1, 123, 60, 'March 8, 2026', 'PM', 2, 'N/A', '2026-03-08 23:57:35', '2026-03-08 23:57:35'),
(61, 1, 211, 61, 'March 8, 2026', 'PM', 2, 'N/A', '2026-03-08 23:58:11', '2026-03-08 23:58:11'),
(62, 1, 136, 62, 'March 8, 2026', 'PM', 2, 'N/A', '2026-03-09 00:12:11', '2026-03-09 00:12:11'),
(63, 1, 124, 63, 'March 8, 2026', 'PM', 2, 'N/A', '2026-03-09 00:14:57', '2026-03-09 00:14:57'),
(64, 1, 125, 64, 'March 8, 2026', 'PM', 2, 'N/A', '2026-03-09 00:16:53', '2026-03-09 00:16:53'),
(65, 1, 185, 65, 'March 8, 2026', 'PM', 2, 'N/A', '2026-03-09 00:26:31', '2026-03-09 00:26:31'),
(66, 1, 215, 66, 'March 8, 2026', 'PM', 2, 'N/A', '2026-03-09 00:26:57', '2026-03-09 00:26:57'),
(67, 1, 193, 67, 'March 8, 2026', 'PM', 2, 'N/A', '2026-03-09 00:28:22', '2026-03-09 00:28:22'),
(68, 1, 50, 68, 'March 8, 2026', 'PM', 2, 'N/A', '2026-03-09 01:03:52', '2026-03-09 01:03:52'),
(69, 1, 2, 69, 'March 8, 2026', 'PM', 2, 'N/A', '2026-03-09 01:11:20', '2026-03-09 01:11:20'),
(70, 1, 122, 70, 'March 8, 2026', 'PM', 2, 'N/A', '2026-03-09 01:22:10', '2026-03-09 01:22:10'),
(71, 1, 199, 71, 'March 8, 2026', 'PM', 2, 'N/A', '2026-03-09 01:36:39', '2026-03-09 01:36:39'),
(72, 1, 224, 72, 'March 8, 2026', 'PM', 2, 'N/A', '2026-03-09 01:44:43', '2026-03-09 01:44:43'),
(73, 1, 200, 73, 'March 8, 2026', 'PM', 2, 'N/A', '2026-03-09 02:02:14', '2026-03-09 02:02:14'),
(74, 1, 157, 74, 'March 8, 2026', 'PM', 2, 'N/A', '2026-03-09 02:35:30', '2026-03-09 02:35:30'),
(75, 1, 97, 75, 'March 8, 2026', 'PM', 2, 'N/A', '2026-03-09 02:49:25', '2026-03-09 02:49:25'),
(76, 1, 2, 76, 'March 8, 2026', 'PM', 2, 'N/A', '2026-03-09 02:56:04', '2026-03-09 02:56:04'),
(77, 1, 204, 77, 'March 8, 2026', 'PM', 2, 'N/A', '2026-03-09 02:59:56', '2026-03-09 02:59:56'),
(78, 1, 206, 78, 'March 8, 2026', 'PM', 2, 'N/A', '2026-03-09 03:01:19', '2026-03-09 03:01:19'),
(79, 1, 225, 79, 'March 8, 2026', 'PM', 2, 'N/A', '2026-03-09 03:39:04', '2026-03-09 03:39:04'),
(80, 1, 85, 80, 'March 8, 2026', 'PM', 2, 'N/A', '2026-03-09 03:48:04', '2026-03-09 03:48:04'),
(81, 1, 207, 81, 'March 8, 2026', 'PM', 2, 'N/A', '2026-03-09 03:48:51', '2026-03-09 03:48:51'),
(82, 1, 216, 82, 'March 8, 2026', 'PM', 2, 'N/A', '2026-03-09 03:49:00', '2026-03-09 03:49:00'),
(83, 1, 208, 83, 'March 8, 2026', 'PM', 2, 'N/A', '2026-03-09 03:58:44', '2026-03-09 03:58:44'),
(84, 1, 55, 84, 'March 8, 2026', 'PM', 2, 'N/A', '2026-03-09 04:00:08', '2026-03-09 04:00:08'),
(85, 1, 141, 85, 'March 8, 2026', 'PM', 2, 'N/A', '2026-03-09 04:09:57', '2026-03-09 04:09:57'),
(86, 1, 135, 86, 'March 8, 2026', 'PM', 2, 'N/A', '2026-03-09 04:12:30', '2026-03-09 04:12:30'),
(87, 1, 10, 87, 'March 8, 2026', 'PM', 2, 'N/A', '2026-03-09 04:32:59', '2026-03-09 04:32:59'),
(88, 1, 130, 88, 'March 8, 2026', 'PM', 2, 'N/A', '2026-03-09 05:07:25', '2026-03-09 05:07:25');
INSERT INTO `new_guest_reports` (`id`, `branch_id`, `room_id`, `checkin_details_id`, `shift_date`, `shift`, `frontdesk_id`, `partner_name`, `created_at`, `updated_at`) VALUES
(89, 1, 131, 89, 'March 8, 2026', 'PM', 2, 'N/A', '2026-03-09 05:42:14', '2026-03-09 05:42:14'),
(90, 1, 115, 90, 'March 8, 2026', 'PM', 2, 'N/A', '2026-03-09 06:17:42', '2026-03-09 06:17:42'),
(91, 1, 116, 91, 'March 8, 2026', 'PM', 2, 'N/A', '2026-03-09 06:55:11', '2026-03-09 06:55:11'),
(92, 1, 44, 92, 'March 8, 2026', 'PM', 2, 'N/A', '2026-03-09 07:09:20', '2026-03-09 07:09:20'),
(93, 1, 87, 93, 'March 9, 2026', 'AM', 3, 'N/A', '2026-03-09 08:04:19', '2026-03-09 08:04:19'),
(94, 1, 2, 94, 'March 9, 2026', 'AM', 3, 'N/A', '2026-03-09 08:13:17', '2026-03-09 08:13:17'),
(95, 1, 89, 95, 'March 9, 2026', 'AM', 3, 'N/A', '2026-03-09 09:16:45', '2026-03-09 09:16:45'),
(96, 1, 128, 96, 'March 9, 2026', 'AM', 3, 'N/A', '2026-03-09 09:19:16', '2026-03-09 09:19:16'),
(97, 1, 1, 97, 'March 9, 2026', 'AM', 3, 'N/A', '2026-03-09 09:21:13', '2026-03-09 09:21:13'),
(98, 1, 7, 98, 'March 9, 2026', 'AM', 3, 'N/A', '2026-03-09 09:32:47', '2026-03-09 09:32:47'),
(99, 1, 143, 99, 'March 9, 2026', 'AM', 3, 'N/A', '2026-03-09 09:56:47', '2026-03-09 09:56:47'),
(100, 1, 136, 100, 'March 9, 2026', 'AM', 3, 'N/A', '2026-03-09 09:57:15', '2026-03-09 09:57:15'),
(101, 1, 175, 101, 'March 9, 2026', 'AM', 3, 'N/A', '2026-03-09 10:00:48', '2026-03-09 10:00:48'),
(102, 1, 83, 102, 'March 9, 2026', 'AM', 3, 'N/A', '2026-03-09 10:05:50', '2026-03-09 10:05:50'),
(103, 1, 169, 103, 'March 9, 2026', 'AM', 3, 'N/A', '2026-03-09 10:16:17', '2026-03-09 10:16:17'),
(104, 1, 139, 104, 'March 9, 2026', 'AM', 3, 'N/A', '2026-03-09 10:43:27', '2026-03-09 10:43:27'),
(105, 1, 187, 105, 'March 9, 2026', 'AM', 3, 'N/A', '2026-03-09 11:07:21', '2026-03-09 11:07:21'),
(106, 1, 129, 106, 'March 9, 2026', 'AM', 3, 'N/A', '2026-03-09 11:48:03', '2026-03-09 11:48:03'),
(107, 1, 12, 107, 'March 9, 2026', 'AM', 3, 'N/A', '2026-03-09 11:50:42', '2026-03-09 11:50:42'),
(108, 1, 43, 108, 'March 9, 2026', 'AM', 3, 'N/A', '2026-03-09 11:59:49', '2026-03-09 11:59:49'),
(109, 1, 120, 109, 'March 9, 2026', 'AM', 3, 'N/A', '2026-03-09 12:03:23', '2026-03-09 12:03:23'),
(110, 1, 132, 110, 'March 9, 2026', 'AM', 3, 'N/A', '2026-03-09 12:19:22', '2026-03-09 12:19:22'),
(111, 1, 176, 111, 'March 9, 2026', 'AM', 3, 'N/A', '2026-03-09 12:23:51', '2026-03-09 12:23:51'),
(112, 1, 8, 112, 'March 9, 2026', 'AM', 3, 'N/A', '2026-03-09 12:28:11', '2026-03-09 12:28:11'),
(113, 1, 3, 113, 'March 9, 2026', 'AM', 3, 'N/A', '2026-03-09 12:43:40', '2026-03-09 12:43:40'),
(114, 1, 13, 114, 'March 9, 2026', 'AM', 3, 'N/A', '2026-03-09 12:50:34', '2026-03-09 12:50:34'),
(115, 1, 130, 115, 'March 9, 2026', 'AM', 3, 'N/A', '2026-03-09 12:54:27', '2026-03-09 12:54:27'),
(116, 1, 10, 116, 'March 9, 2026', 'AM', 3, 'N/A', '2026-03-09 12:59:08', '2026-03-09 12:59:08'),
(117, 1, 17, 117, 'March 9, 2026', 'AM', 3, 'N/A', '2026-03-09 13:04:35', '2026-03-09 13:04:35'),
(118, 1, 84, 118, 'March 9, 2026', 'AM', 3, 'N/A', '2026-03-09 13:17:02', '2026-03-09 13:17:02'),
(119, 1, 62, 119, 'March 9, 2026', 'AM', 3, 'N/A', '2026-03-09 13:19:06', '2026-03-09 13:19:06'),
(120, 1, 61, 120, 'March 9, 2026', 'AM', 3, 'N/A', '2026-03-09 13:21:55', '2026-03-09 13:21:55'),
(121, 1, 34, 121, 'March 9, 2026', 'AM', 3, 'N/A', '2026-03-09 13:25:03', '2026-03-09 13:25:03'),
(122, 1, 20, 122, 'March 9, 2026', 'AM', 3, 'N/A', '2026-03-09 13:25:36', '2026-03-09 13:25:36'),
(123, 1, 50, 123, 'March 9, 2026', 'AM', 3, 'N/A', '2026-03-09 13:26:21', '2026-03-09 13:26:21'),
(124, 1, 6, 124, 'March 9, 2026', 'AM', 3, 'N/A', '2026-03-09 13:29:12', '2026-03-09 13:29:12'),
(125, 1, 44, 125, 'March 9, 2026', 'AM', 3, 'N/A', '2026-03-09 13:36:07', '2026-03-09 13:36:07'),
(126, 1, 85, 126, 'March 9, 2026', 'AM', 3, 'N/A', '2026-03-09 13:36:55', '2026-03-09 13:36:55'),
(127, 1, 49, 127, 'March 9, 2026', 'AM', 3, 'N/A', '2026-03-09 13:43:46', '2026-03-09 13:43:46'),
(128, 1, 83, 128, 'March 9, 2026', 'AM', 3, 'N/A', '2026-03-09 13:56:28', '2026-03-09 13:56:28'),
(129, 1, 88, 129, 'March 9, 2026', 'AM', 3, 'N/A', '2026-03-09 14:21:18', '2026-03-09 14:21:18'),
(130, 1, 115, 130, 'March 9, 2026', 'AM', 3, 'N/A', '2026-03-09 14:22:42', '2026-03-09 14:22:42'),
(131, 1, 127, 131, 'March 9, 2026', 'AM', 3, 'N/A', '2026-03-09 14:27:05', '2026-03-09 14:27:05'),
(132, 1, 178, 132, 'March 9, 2026', 'AM', 3, 'N/A', '2026-03-09 14:28:26', '2026-03-09 14:28:26'),
(133, 1, 103, 133, 'March 9, 2026', 'AM', 3, 'N/A', '2026-03-09 14:33:09', '2026-03-09 14:33:09'),
(134, 1, 11, 134, 'March 9, 2026', 'AM', 3, 'N/A', '2026-03-09 14:36:49', '2026-03-09 14:36:49'),
(135, 1, 16, 135, 'March 9, 2026', 'AM', 3, 'N/A', '2026-03-09 14:37:45', '2026-03-09 14:37:45'),
(136, 1, 55, 136, 'March 9, 2026', 'AM', 3, 'N/A', '2026-03-09 14:43:33', '2026-03-09 14:43:33'),
(137, 1, 95, 137, 'March 9, 2026', 'AM', 3, 'N/A', '2026-03-09 14:50:46', '2026-03-09 14:50:46'),
(138, 1, 4, 138, 'March 9, 2026', 'AM', 3, 'N/A', '2026-03-09 14:51:55', '2026-03-09 14:51:55'),
(139, 1, 162, 139, 'March 9, 2026', 'AM', 3, 'N/A', '2026-03-09 14:59:01', '2026-03-09 14:59:01'),
(140, 1, 149, 140, 'March 9, 2026', 'AM', 3, 'N/A', '2026-03-09 14:59:47', '2026-03-09 14:59:47'),
(141, 1, 26, 141, 'March 9, 2026', 'AM', 3, 'N/A', '2026-03-09 15:10:07', '2026-03-09 15:10:07'),
(142, 1, 174, 142, 'March 9, 2026', 'AM', 3, 'N/A', '2026-03-09 15:11:33', '2026-03-09 15:11:33'),
(143, 1, 185, 143, 'March 9, 2026', 'AM', 3, 'N/A', '2026-03-09 15:17:29', '2026-03-09 15:17:29'),
(144, 1, 93, 144, 'March 9, 2026', 'AM', 3, 'N/A', '2026-03-09 15:32:52', '2026-03-09 15:32:52'),
(145, 1, 24, 145, 'March 9, 2026', 'AM', 3, 'N/A', '2026-03-09 15:40:15', '2026-03-09 15:40:15'),
(146, 1, 46, 146, 'March 9, 2026', 'AM', 3, 'N/A', '2026-03-09 15:49:20', '2026-03-09 15:49:20'),
(147, 1, 47, 147, 'March 9, 2026', 'AM', 3, 'N/A', '2026-03-09 15:53:04', '2026-03-09 15:53:04'),
(148, 1, 92, 148, 'March 9, 2026', 'AM', 3, 'N/A', '2026-03-09 16:02:05', '2026-03-09 16:02:05');













INSERT INTO `rates` (`id`, `branch_id`, `staying_hour_id`, `type_id`, `amount`, `is_available`, `has_discount`, `created_at`, `updated_at`) VALUES
(1, 1, 1, 1, 224, 1, 0, '2026-03-08 20:02:00', '2026-03-08 20:02:00');
INSERT INTO `rates` (`id`, `branch_id`, `staying_hour_id`, `type_id`, `amount`, `is_available`, `has_discount`, `created_at`, `updated_at`) VALUES
(2, 1, 2, 1, 336, 1, 0, '2026-03-08 20:02:00', '2026-03-08 20:02:00');
INSERT INTO `rates` (`id`, `branch_id`, `staying_hour_id`, `type_id`, `amount`, `is_available`, `has_discount`, `created_at`, `updated_at`) VALUES
(3, 1, 4, 1, 560, 1, 0, '2026-03-08 20:02:00', '2026-03-08 20:02:00');
INSERT INTO `rates` (`id`, `branch_id`, `staying_hour_id`, `type_id`, `amount`, `is_available`, `has_discount`, `created_at`, `updated_at`) VALUES
(4, 1, 1, 2, 280, 1, 0, '2026-03-08 20:02:00', '2026-03-08 20:02:00'),
(5, 1, 2, 2, 392, 1, 1, '2026-03-08 20:02:00', '2026-03-08 20:02:16'),
(6, 1, 4, 2, 616, 1, 1, '2026-03-08 20:02:00', '2026-03-08 20:02:21'),
(7, 1, 1, 3, 336, 1, 0, '2026-03-08 20:02:00', '2026-03-08 20:02:00'),
(8, 1, 2, 3, 448, 1, 1, '2026-03-08 20:02:00', '2026-03-08 20:02:26'),
(9, 1, 4, 3, 672, 1, 1, '2026-03-08 20:02:00', '2026-03-08 20:02:33');



INSERT INTO `requestable_items` (`id`, `branch_id`, `name`, `price`, `created_at`, `updated_at`) VALUES
(1, 1, 'EXTRA PERSON WITH FREE PILLOW, BLANKET,TOWEL', 100, '2026-03-08 20:01:59', '2026-03-08 20:01:59');
INSERT INTO `requestable_items` (`id`, `branch_id`, `name`, `price`, `created_at`, `updated_at`) VALUES
(2, 1, 'EXTRA PILLOW', 20, '2026-03-08 20:01:59', '2026-03-08 20:01:59');
INSERT INTO `requestable_items` (`id`, `branch_id`, `name`, `price`, `created_at`, `updated_at`) VALUES
(3, 1, 'EXTRA TOWEL', 20, '2026-03-08 20:01:59', '2026-03-08 20:01:59');
INSERT INTO `requestable_items` (`id`, `branch_id`, `name`, `price`, `created_at`, `updated_at`) VALUES
(4, 1, 'EXTRA BLANKET', 20, '2026-03-08 20:01:59', '2026-03-08 20:01:59'),
(5, 1, 'EXTRA FITTED SHEET', 20, '2026-03-08 20:01:59', '2026-03-08 20:01:59'),
(6, 1, 'TOOTHBRUSH', 39, '2026-03-09 05:20:12', '2026-03-09 05:20:12'),
(7, 1, 'SHAVER', 39, '2026-03-09 05:20:28', '2026-03-09 05:20:28'),
(8, 1, 'TOOTHPASTE', 30, '2026-03-09 05:20:56', '2026-03-09 05:20:56'),
(9, 1, 'CONDITIONER', 15, '2026-03-09 05:24:05', '2026-03-09 05:24:05'),
(10, 1, 'MODESS', 15, '2026-03-09 05:24:46', '2026-03-09 05:24:46'),
(11, 1, 'SOAP', 3, '2026-03-09 05:25:00', '2026-03-09 05:25:00'),
(12, 1, 'SHAMPOO', 2, '2026-03-09 05:25:14', '2026-03-09 05:25:14');



INSERT INTO `roles` (`id`, `name`, `guard_name`, `created_at`, `updated_at`) VALUES
(1, 'superadmin', 'web', '2026-03-08 20:01:58', '2026-03-08 20:01:58');
INSERT INTO `roles` (`id`, `name`, `guard_name`, `created_at`, `updated_at`) VALUES
(2, 'admin', 'web', '2026-03-08 20:01:58', '2026-03-08 20:01:58');
INSERT INTO `roles` (`id`, `name`, `guard_name`, `created_at`, `updated_at`) VALUES
(3, 'frontdesk', 'web', '2026-03-08 20:01:58', '2026-03-08 20:01:58');
INSERT INTO `roles` (`id`, `name`, `guard_name`, `created_at`, `updated_at`) VALUES
(4, 'roomboy', 'web', '2026-03-08 20:01:58', '2026-03-08 20:01:58'),
(5, 'kitchen', 'web', '2026-03-08 20:01:58', '2026-03-08 20:01:58'),
(6, 'kiosk', 'web', '2026-03-08 20:01:58', '2026-03-08 20:01:58'),
(7, 'back_office', 'web', '2026-03-08 20:01:58', '2026-03-08 20:01:58'),
(8, 'pub_kitchen', 'web', '2026-03-08 20:02:00', '2026-03-08 20:02:00');

INSERT INTO `room_boy_reports` (`id`, `branch_id`, `room_id`, `checkin_details_id`, `roomboy_id`, `cleaning_start`, `cleaning_end`, `total_hours_spent`, `interval`, `shift`, `is_cleaned`, `created_at`, `updated_at`) VALUES
(1, 1, 97, 34, 13, '2026-03-09 01:58:58', '2026-03-09 02:17:32', 19, 0, 'PM', 1, '2026-03-09 01:58:58', '2026-03-09 02:17:32');
INSERT INTO `room_boy_reports` (`id`, `branch_id`, `room_id`, `checkin_details_id`, `roomboy_id`, `cleaning_start`, `cleaning_end`, `total_hours_spent`, `interval`, `shift`, `is_cleaned`, `created_at`, `updated_at`) VALUES
(2, 1, 55, 30, 13, '2026-03-09 02:58:32', '2026-03-09 03:13:59', 16, 41, 'PM', 1, '2026-03-09 02:58:32', '2026-03-09 03:13:59');
INSERT INTO `room_boy_reports` (`id`, `branch_id`, `room_id`, `checkin_details_id`, `roomboy_id`, `cleaning_start`, `cleaning_end`, `total_hours_spent`, `interval`, `shift`, `is_cleaned`, `created_at`, `updated_at`) VALUES
(3, 1, 216, 24, 14, '2026-03-09 03:08:27', '2026-03-09 03:24:08', 16, 0, 'PM', 1, '2026-03-09 03:08:27', '2026-03-09 03:24:08');
INSERT INTO `room_boy_reports` (`id`, `branch_id`, `room_id`, `checkin_details_id`, `roomboy_id`, `cleaning_start`, `cleaning_end`, `total_hours_spent`, `interval`, `shift`, `is_cleaned`, `created_at`, `updated_at`) VALUES
(4, 1, 85, 23, 13, '2026-03-09 03:14:09', '2026-03-09 03:29:28', 16, 0, 'PM', 1, '2026-03-09 03:14:09', '2026-03-09 03:29:28'),
(5, 1, 10, 53, 13, '2026-03-09 04:03:15', '2026-03-09 04:21:33', 19, 33, 'PM', 1, '2026-03-09 04:03:15', '2026-03-09 04:21:33'),
(6, 1, 20, 54, 13, '2026-03-09 04:21:39', '2026-03-09 04:37:32', 16, 0, 'PM', 1, '2026-03-09 04:21:39', '2026-03-09 04:37:32'),
(7, 1, 49, 45, 13, '2026-03-09 04:37:50', '2026-03-09 04:59:20', 22, 0, 'PM', 1, '2026-03-09 04:37:50', '2026-03-09 04:59:20'),
(8, 1, 110, 38, 13, '2026-03-09 04:59:53', '2026-03-09 05:15:02', 16, 0, 'PM', 1, '2026-03-09 04:59:53', '2026-03-09 05:15:02'),
(9, 1, 112, 43, 14, '2026-03-09 05:02:14', '2026-03-09 05:20:19', 19, 98, 'PM', 1, '2026-03-09 05:02:14', '2026-03-09 05:20:19'),
(10, 1, 61, 57, 13, '2026-03-09 05:15:19', '2026-03-09 05:31:19', 16, 0, 'PM', 1, '2026-03-09 05:15:19', '2026-03-09 05:31:19'),
(11, 1, 117, 50, 14, '2026-03-09 05:20:24', '2026-03-09 05:37:29', 18, 0, 'PM', 1, '2026-03-09 05:20:24', '2026-03-09 05:37:29'),
(12, 1, 1, 7, 13, '2026-03-09 05:31:30', '2026-03-09 05:48:05', 17, 0, 'PM', 1, '2026-03-09 05:31:30', '2026-03-09 05:48:05'),
(13, 1, 136, 62, 14, '2026-03-09 05:38:04', '2026-03-09 05:55:16', 18, 0, 'PM', 1, '2026-03-09 05:38:04', '2026-03-09 05:55:16'),
(14, 1, 62, 19, 13, '2026-03-09 05:48:33', '2026-03-09 06:08:56', 21, 0, 'PM', 1, '2026-03-09 05:48:33', '2026-03-09 06:08:56'),
(15, 1, 116, 49, 14, '2026-03-09 05:55:41', '2026-03-09 06:18:07', 23, 0, 'PM', 1, '2026-03-09 05:55:41', '2026-03-09 06:18:07'),
(16, 1, 3, 11, 13, '2026-03-09 06:09:03', '2026-03-09 06:26:46', 18, 0, 'PM', 1, '2026-03-09 06:09:03', '2026-03-09 06:26:46'),
(17, 1, 208, 83, 14, '2026-03-09 06:18:19', '2026-03-09 06:39:52', 22, 0, 'PM', 1, '2026-03-09 06:18:19', '2026-03-09 06:39:52'),
(18, 1, 6, 39, 13, '2026-03-09 06:26:50', '2026-03-09 06:35:56', 10, 0, 'PM', 1, '2026-03-09 06:26:50', '2026-03-09 06:35:56'),
(19, 1, 143, 56, 18, '2026-03-09 06:28:59', '2026-03-09 06:54:50', 26, 0, 'PM', 1, '2026-03-09 06:28:59', '2026-03-09 06:54:50'),
(20, 1, 2, 76, 13, '2026-03-09 06:36:16', '2026-03-09 06:36:36', 1, 0, 'PM', 1, '2026-03-09 06:36:16', '2026-03-09 06:36:36'),
(21, 1, 118, 59, 13, '2026-03-09 06:37:44', '2026-03-09 06:38:00', 1, 1, 'PM', 1, '2026-03-09 06:37:44', '2026-03-09 06:38:00'),
(22, 1, 113, 58, 13, '2026-03-09 06:38:57', '2026-03-09 06:39:07', 1, 0, 'PM', 1, '2026-03-09 06:38:57', '2026-03-09 06:39:07'),
(23, 1, 89, 52, 13, '2026-03-09 06:39:22', '2026-03-09 06:39:30', 1, 0, 'PM', 1, '2026-03-09 06:39:22', '2026-03-09 06:39:30'),
(24, 1, 96, 42, 13, '2026-03-09 06:39:52', '2026-03-09 06:39:59', 1, 0, 'PM', 1, '2026-03-09 06:39:52', '2026-03-09 06:39:59'),
(25, 1, 107, 41, 13, '2026-03-09 06:40:18', '2026-03-09 06:40:30', 1, 0, 'PM', 1, '2026-03-09 06:40:18', '2026-03-09 06:40:30'),
(26, 1, 202, 69, 14, '2026-03-09 06:40:26', '2026-03-09 06:56:18', 16, 0, 'PM', 1, '2026-03-09 06:40:26', '2026-03-09 06:56:18'),
(27, 1, 175, 55, 18, '2026-03-09 06:55:08', '2026-03-09 07:11:23', 17, 0, 'PM', 1, '2026-03-09 06:55:08', '2026-03-09 07:11:23'),
(28, 1, 43, 6, 16, '2026-03-09 07:09:16', '2026-03-09 07:24:35', 16, 0, 'PM', 1, '2026-03-09 07:09:16', '2026-03-09 07:24:35'),
(29, 1, 178, 3, 18, '2026-03-09 07:12:07', '2026-03-09 07:27:26', 16, 0, 'PM', 1, '2026-03-09 07:12:07', '2026-03-09 07:27:26'),
(30, 1, 125, 64, 20, '2026-03-09 07:12:13', '2026-03-09 07:28:03', 16, 0, 'PM', 1, '2026-03-09 07:12:13', '2026-03-09 07:28:03'),
(31, 1, 174, 26, 18, '2026-03-09 07:27:30', '2026-03-09 08:01:57', 35, 0, 'PM', 1, '2026-03-09 07:27:30', '2026-03-09 08:01:57'),
(32, 1, 92, 17, 20, '2026-03-09 07:29:32', '2026-03-09 07:47:02', 18, 1, 'PM', 1, '2026-03-09 07:29:32', '2026-03-09 07:47:02'),
(33, 1, 18, 47, 15, '2026-03-09 07:37:01', '2026-03-09 08:13:20', 37, 0, 'PM', 1, '2026-03-09 07:37:01', '2026-03-09 08:13:20'),
(34, 1, 84, 1, 16, '2026-03-09 08:07:35', '2026-03-09 08:23:43', 17, 43, 'AM', 1, '2026-03-09 08:07:35', '2026-03-09 08:23:43'),
(35, 1, 139, 28, 18, '2026-03-09 08:15:19', '2026-03-09 08:30:27', 16, 13, 'AM', 1, '2026-03-09 08:15:19', '2026-03-09 08:30:27'),
(36, 1, 7, 37, 15, '2026-03-09 08:15:31', '2026-03-09 08:37:52', 23, 2, 'AM', 1, '2026-03-09 08:15:31', '2026-03-09 08:37:52'),
(37, 1, 229, 48, 19, '2026-03-09 08:22:13', '2026-03-09 08:48:13', 26, 0, 'AM', 1, '2026-03-09 08:22:13', '2026-03-09 08:48:13'),
(38, 1, 132, 4, 20, '2026-03-09 08:26:10', '2026-03-09 08:49:57', 24, 39, 'AM', 1, '2026-03-09 08:26:10', '2026-03-09 08:49:57'),
(39, 1, 147, 32, 18, '2026-03-09 08:30:32', '2026-03-09 08:47:06', 17, 0, 'AM', 1, '2026-03-09 08:30:32', '2026-03-09 08:47:06'),
(40, 1, 200, 73, 19, '2026-03-09 08:48:30', '2026-03-09 09:16:26', 28, 0, 'AM', 1, '2026-03-09 08:48:30', '2026-03-09 09:16:26'),
(41, 1, 162, 13, 18, '2026-03-09 08:56:16', '2026-03-09 09:14:56', 19, 9, 'AM', 1, '2026-03-09 08:56:16', '2026-03-09 09:14:56'),
(42, 1, 9, 36, 15, '2026-03-09 09:02:49', '2026-03-09 09:29:18', 27, 24, 'AM', 1, '2026-03-09 09:02:49', '2026-03-09 09:29:18'),
(43, 1, 103, 29, 20, '2026-03-09 09:03:16', '2026-03-09 09:20:04', 17, 13, 'AM', 1, '2026-03-09 09:03:16', '2026-03-09 09:20:04'),
(44, 1, 55, 84, 16, '2026-03-09 09:08:47', '2026-03-09 09:26:17', 18, 45, 'AM', 1, '2026-03-09 09:08:47', '2026-03-09 09:26:17'),
(45, 1, 50, 68, 16, '2026-03-09 09:26:59', '2026-03-09 09:42:34', 16, 0, 'AM', 1, '2026-03-09 09:26:59', '2026-03-09 09:42:34'),
(46, 1, 97, 75, 20, '2026-03-09 09:32:29', '2026-03-09 09:49:23', 17, 12, 'AM', 1, '2026-03-09 09:32:29', '2026-03-09 09:49:23'),
(47, 1, 83, 21, 16, '2026-03-09 09:42:42', '2026-03-09 09:58:05', 16, 0, 'AM', 1, '2026-03-09 09:42:42', '2026-03-09 09:58:05'),
(48, 1, 120, 25, 20, '2026-03-09 09:49:28', '2026-03-09 10:12:36', 24, 0, 'AM', 1, '2026-03-09 09:49:28', '2026-03-09 10:12:36'),
(49, 1, 17, 15, 15, '2026-03-09 09:50:47', '2026-03-09 10:08:26', 18, 21, 'AM', 1, '2026-03-09 09:50:47', '2026-03-09 10:08:26'),
(50, 1, 70, 20, 16, '2026-03-09 10:02:59', '2026-03-09 10:18:33', 16, 4, 'AM', 1, '2026-03-09 10:02:59', '2026-03-09 10:18:33'),
(51, 1, 123, 60, 20, '2026-03-09 10:12:42', '2026-03-09 10:28:55', 17, 0, 'AM', 1, '2026-03-09 10:12:42', '2026-03-09 10:28:55'),
(52, 1, 75, 22, 16, '2026-03-09 10:19:02', '2026-03-09 10:34:26', 16, 0, 'AM', 1, '2026-03-09 10:19:02', '2026-03-09 10:34:26'),
(53, 1, 85, 80, 20, '2026-03-09 10:29:04', '2026-03-09 10:46:03', 17, 0, 'AM', 1, '2026-03-09 10:29:04', '2026-03-09 10:46:03'),
(54, 1, 185, 65, 19, '2026-03-09 10:33:07', '2026-03-09 10:58:34', 26, 76, 'AM', 1, '2026-03-09 10:33:07', '2026-03-09 10:58:34'),
(55, 1, 53, 33, 16, '2026-03-09 10:34:35', '2026-03-09 10:49:51', 16, 0, 'AM', 1, '2026-03-09 10:34:35', '2026-03-09 10:49:51'),
(56, 1, 34, 18, 15, '2026-03-09 10:49:38', '2026-03-09 11:08:08', 19, 41, 'AM', 1, '2026-03-09 10:49:38', '2026-03-09 11:08:08'),
(57, 1, 207, 81, 19, '2026-03-09 10:58:42', '2026-03-09 11:25:44', 28, 0, 'AM', 1, '2026-03-09 10:58:42', '2026-03-09 11:25:44'),
(58, 1, 12, 9, 15, '2026-03-09 11:08:12', '2026-03-09 11:38:59', 31, 0, 'AM', 1, '2026-03-09 11:08:12', '2026-03-09 11:38:59'),
(59, 1, 216, 82, 19, '2026-03-09 11:25:52', '2026-03-09 11:50:27', 25, 0, 'AM', 1, '2026-03-09 11:25:52', '2026-03-09 11:50:27'),
(60, 1, 124, 63, 20, '2026-03-09 11:29:54', '2026-03-09 11:45:56', 17, 43, 'AM', 1, '2026-03-09 11:29:54', '2026-03-09 11:45:56'),
(61, 1, 8, 12, 15, '2026-03-09 11:39:09', '2026-03-09 11:56:18', 18, 0, 'AM', 1, '2026-03-09 11:39:09', '2026-03-09 11:56:18'),
(62, 1, 215, 66, 19, '2026-03-09 11:50:41', '2026-03-09 12:11:09', 21, 0, 'AM', 1, '2026-03-09 11:50:41', '2026-03-09 12:11:09'),
(63, 1, 130, 88, 20, '2026-03-09 11:54:37', '2026-03-09 12:24:45', 31, 8, 'AM', 1, '2026-03-09 11:54:37', '2026-03-09 12:24:45'),
(64, 1, 32, 31, 15, '2026-03-09 11:56:22', '2026-03-09 12:13:54', 18, 0, 'AM', 1, '2026-03-09 11:56:22', '2026-03-09 12:13:54'),
(65, 1, 115, 90, 20, '2026-03-09 12:24:53', '2026-03-09 12:43:13', 19, 0, 'AM', 1, '2026-03-09 12:24:53', '2026-03-09 12:43:13'),
(66, 1, 179, 44, 18, '2026-03-09 12:27:45', '2026-03-09 12:44:25', 17, 192, 'AM', 1, '2026-03-09 12:27:45', '2026-03-09 12:44:25'),
(67, 1, 10, 87, 15, '2026-03-09 12:32:14', '2026-03-09 12:56:09', 24, 18, 'AM', 1, '2026-03-09 12:32:14', '2026-03-09 12:56:09'),
(68, 1, 204, 77, 19, '2026-03-09 12:41:05', '2026-03-09 12:59:10', 19, 29, 'AM', 1, '2026-03-09 12:41:05', '2026-03-09 12:59:10'),
(69, 1, 120, 25, 20, '2026-03-09 12:43:18', '2026-03-09 13:12:26', 30, 0, 'AM', 1, '2026-03-09 12:43:18', '2026-03-09 13:12:26'),
(70, 1, 199, 71, 19, '2026-03-09 12:59:17', '2026-03-09 13:24:52', 26, 0, 'AM', 1, '2026-03-09 12:59:17', '2026-03-09 13:24:52'),
(71, 1, 126, 40, 20, '2026-03-09 13:12:31', '2026-03-09 13:27:53', 16, 0, 'AM', 1, '2026-03-09 13:12:31', '2026-03-09 13:27:53'),
(72, 1, 16, 35, 15, '2026-03-09 13:21:54', '2026-03-09 13:39:28', 18, 25, 'AM', 1, '2026-03-09 13:21:54', '2026-03-09 13:39:28'),
(73, 1, 136, 100, 18, '2026-03-09 13:22:24', '2026-03-09 13:38:06', 16, 37, 'AM', 1, '2026-03-09 13:22:24', '2026-03-09 13:38:06'),
(74, 1, 211, 61, 19, '2026-03-09 13:25:02', '2026-03-09 13:51:53', 27, 0, 'AM', 1, '2026-03-09 13:25:02', '2026-03-09 13:51:53'),
(75, 1, 122, 70, 20, '2026-03-09 13:28:00', '2026-03-09 13:43:34', 16, 0, 'AM', 1, '2026-03-09 13:28:00', '2026-03-09 13:43:34'),
(76, 1, 83, 102, 16, '2026-03-09 13:33:28', '2026-03-09 13:48:42', 16, 163, 'AM', 1, '2026-03-09 13:33:28', '2026-03-09 13:48:42'),
(77, 1, 19, 8, 15, '2026-03-09 13:39:32', '2026-03-09 14:06:20', 27, 0, 'AM', 1, '2026-03-09 13:39:32', '2026-03-09 14:06:20'),
(78, 1, 26, 51, 15, '2026-03-09 14:06:24', '2026-03-09 14:23:02', 17, 0, 'AM', 1, '2026-03-09 14:06:24', '2026-03-09 14:23:02'),
(79, 1, 187, 105, 11, '2026-03-09 15:42:03', '2026-03-09 15:57:32', 16, 0, 'AM', 1, '2026-03-09 15:42:03', '2026-03-09 15:57:32'),
(80, 1, 169, 103, 10, '2026-03-09 15:50:38', '2026-03-09 16:05:38', 0, 0, 'AM', 0, '2026-03-09 15:50:38', '2026-03-09 15:50:38'),
(81, 1, 206, 78, 11, '2026-03-09 15:57:41', '2026-03-09 16:12:41', 0, 0, 'AM', 0, '2026-03-09 15:57:41', '2026-03-09 15:57:41');

INSERT INTO `rooms` (`id`, `branch_id`, `floor_id`, `number`, `area`, `status`, `type_id`, `is_priority`, `last_checkin_at`, `last_checkout_at`, `time_to_terminate_queue`, `check_out_time`, `time_to_clean`, `started_cleaning_at`, `created_at`, `updated_at`) VALUES
(1, 1, 1, '1', 'Main', 'Occupied', 2, 1, '2026-03-08 20:28:17', '2026-03-09 04:56:27', NULL, '2026-03-09 04:56:27', NULL, NULL, '2026-03-08 20:01:59', '2026-03-09 09:21:13');
INSERT INTO `rooms` (`id`, `branch_id`, `floor_id`, `number`, `area`, `status`, `type_id`, `is_priority`, `last_checkin_at`, `last_checkout_at`, `time_to_terminate_queue`, `check_out_time`, `time_to_clean`, `started_cleaning_at`, `created_at`, `updated_at`) VALUES
(2, 1, 1, '2', 'Main', 'Occupied', 2, 1, '2026-03-09 02:56:04', '2026-03-09 05:35:53', NULL, '2026-03-09 05:35:53', NULL, NULL, '2026-03-08 20:01:59', '2026-03-09 08:13:17');
INSERT INTO `rooms` (`id`, `branch_id`, `floor_id`, `number`, `area`, `status`, `type_id`, `is_priority`, `last_checkin_at`, `last_checkout_at`, `time_to_terminate_queue`, `check_out_time`, `time_to_clean`, `started_cleaning_at`, `created_at`, `updated_at`) VALUES
(3, 1, 1, '3', 'Main', 'Occupied', 2, 1, '2026-03-08 20:36:12', '2026-03-09 05:03:24', NULL, '2026-03-09 05:03:24', NULL, NULL, '2026-03-08 20:01:59', '2026-03-09 12:43:40');
INSERT INTO `rooms` (`id`, `branch_id`, `floor_id`, `number`, `area`, `status`, `type_id`, `is_priority`, `last_checkin_at`, `last_checkout_at`, `time_to_terminate_queue`, `check_out_time`, `time_to_clean`, `started_cleaning_at`, `created_at`, `updated_at`) VALUES
(4, 1, 1, '4', 'Main', 'Occupied', 1, 1, NULL, NULL, NULL, NULL, NULL, NULL, '2026-03-08 20:01:59', '2026-03-09 14:51:55'),
(5, 1, 1, '5', 'Main', 'Available', 1, 0, NULL, NULL, NULL, NULL, NULL, NULL, '2026-03-08 20:01:59', '2026-03-08 20:01:59'),
(6, 1, 1, '6', 'Main', 'Uncleaned', 2, 1, '2026-03-09 13:29:12', '2026-03-09 15:44:17', NULL, '2026-03-09 15:44:17', '2026-03-09 18:44:17', NULL, '2026-03-08 20:01:59', '2026-03-09 15:44:17'),
(7, 1, 1, '7', 'Main', 'Occupied', 2, 1, '2026-03-08 22:02:57', '2026-03-09 06:08:29', NULL, '2026-03-09 06:08:29', NULL, NULL, '2026-03-08 20:01:59', '2026-03-09 09:32:47'),
(8, 1, 1, '8', 'Main', 'Uncleaned', 2, 1, '2026-03-09 12:28:11', '2026-03-09 15:56:17', NULL, '2026-03-09 15:56:17', '2026-03-09 18:56:17', NULL, '2026-03-08 20:01:59', '2026-03-09 15:56:17'),
(9, 1, 1, '9', 'Main', 'Available', 2, 1, '2026-03-08 21:58:45', '2026-03-09 06:08:53', NULL, '2026-03-09 06:08:53', NULL, NULL, '2026-03-08 20:01:59', '2026-03-09 09:29:18'),
(10, 1, 1, '10', 'Main', 'Occupied', 2, 1, '2026-03-09 04:32:59', '2026-03-09 09:33:44', NULL, '2026-03-09 09:33:44', NULL, NULL, '2026-03-08 20:01:59', '2026-03-09 12:59:08'),
(11, 1, 1, '11', 'Main', 'Occupied', 3, 1, NULL, NULL, NULL, NULL, NULL, NULL, '2026-03-08 20:01:59', '2026-03-09 14:36:49'),
(12, 1, 1, '12', 'Main', 'Occupied', 2, 1, '2026-03-08 20:31:17', '2026-03-09 07:49:21', NULL, '2026-03-09 07:49:21', NULL, NULL, '2026-03-08 20:01:59', '2026-03-09 11:50:42'),
(13, 1, 1, '14', 'Main', 'Occupied', 2, 1, NULL, NULL, NULL, NULL, NULL, NULL, '2026-03-08 20:01:59', '2026-03-09 12:50:34'),
(14, 1, 1, '15', 'Main', 'Occupied', 3, 1, NULL, NULL, NULL, NULL, NULL, NULL, '2026-03-08 20:01:59', '2026-03-08 20:11:33'),
(15, 1, 1, '16', 'Main', 'Available', 3, 1, NULL, NULL, NULL, NULL, NULL, NULL, '2026-03-08 20:01:59', '2026-03-09 04:06:06'),
(16, 1, 1, '17', 'Main', 'Uncleaned', 2, 1, '2026-03-09 14:37:45', '2026-03-09 15:34:24', NULL, '2026-03-09 15:34:24', '2026-03-09 18:34:24', NULL, '2026-03-08 20:01:59', '2026-03-09 15:34:24'),
(17, 1, 1, '18', 'Main', 'Uncleaned', 2, 1, '2026-03-09 13:04:35', '2026-03-09 15:26:16', NULL, '2026-03-09 15:26:16', '2026-03-09 18:26:16', NULL, '2026-03-08 20:01:59', '2026-03-09 15:26:16'),
(18, 1, 1, '19', 'Main', 'Available', 3, 1, '2026-03-08 22:45:03', '2026-03-09 05:58:46', NULL, '2026-03-09 05:58:46', NULL, NULL, '2026-03-08 20:01:59', '2026-03-09 08:13:20'),
(19, 1, 1, '20', 'Main', 'Available', 2, 1, '2026-03-08 20:30:40', '2026-03-09 09:53:57', NULL, '2026-03-09 09:53:57', NULL, NULL, '2026-03-08 20:01:59', '2026-03-09 14:06:20'),
(20, 1, 1, '21', 'Main', 'Occupied', 2, 1, '2026-03-08 23:22:09', '2026-03-09 03:48:36', NULL, '2026-03-09 03:48:36', NULL, NULL, '2026-03-08 20:01:59', '2026-03-09 13:25:36'),
(21, 1, 1, '22', 'Main', 'Available', 2, 0, NULL, NULL, NULL, NULL, NULL, NULL, '2026-03-08 20:01:59', '2026-03-08 20:01:59'),
(22, 1, 1, '23', 'Main', 'Available', 3, 0, NULL, NULL, NULL, NULL, NULL, NULL, '2026-03-08 20:01:59', '2026-03-08 20:01:59'),
(23, 1, 1, '24', 'Main', 'Available', 2, 0, NULL, NULL, NULL, NULL, NULL, NULL, '2026-03-08 20:01:59', '2026-03-08 20:01:59'),
(24, 1, 1, '25', 'Main', 'Occupied', 2, 1, NULL, NULL, NULL, NULL, NULL, NULL, '2026-03-08 20:01:59', '2026-03-09 15:40:15'),
(25, 1, 1, '26', 'Main', 'Available', 3, 0, NULL, NULL, NULL, NULL, NULL, NULL, '2026-03-08 20:01:59', '2026-03-08 20:01:59'),
(26, 1, 1, '27', 'Main', 'Occupied', 2, 1, '2026-03-08 22:59:59', '2026-03-09 11:24:13', NULL, '2026-03-09 11:24:13', NULL, NULL, '2026-03-08 20:01:59', '2026-03-09 15:10:07'),
(27, 1, 1, '28', 'Main', 'Occupied', 2, 1, NULL, NULL, NULL, NULL, NULL, NULL, '2026-03-08 20:01:59', '2026-03-08 23:46:56'),
(28, 1, 1, '29', 'Main', 'Occupied', 2, 1, NULL, NULL, NULL, NULL, NULL, NULL, '2026-03-08 20:01:59', '2026-03-09 12:07:20'),
(29, 1, 1, '30', 'Main', 'Occupied', 2, 0, NULL, NULL, NULL, NULL, NULL, NULL, '2026-03-08 20:01:59', '2026-03-09 13:22:52'),
(30, 1, 1, '31', 'Main', 'Occupied', 2, 0, NULL, NULL, NULL, NULL, NULL, NULL, '2026-03-08 20:01:59', '2026-03-09 13:20:39'),
(31, 1, 1, '32', 'Main', 'Available', 2, 0, NULL, NULL, NULL, NULL, NULL, NULL, '2026-03-08 20:01:59', '2026-03-08 20:01:59'),
(32, 1, 1, '33', 'Main', 'Available', 2, 1, '2026-03-08 21:46:36', '2026-03-09 09:19:41', NULL, '2026-03-09 09:19:41', NULL, NULL, '2026-03-08 20:01:59', '2026-03-09 12:13:54'),
(33, 1, 1, '34', 'Main', 'Available', 2, 0, NULL, NULL, NULL, NULL, NULL, NULL, '2026-03-08 20:01:59', '2026-03-08 20:01:59'),
(34, 1, 1, '35', 'Main', 'Occupied', 2, 1, '2026-03-08 21:07:23', '2026-03-09 07:18:20', NULL, '2026-03-09 07:18:20', NULL, NULL, '2026-03-08 20:01:59', '2026-03-09 13:25:03'),
(35, 1, 1, '36', 'Main', 'Available', 2, 0, NULL, NULL, NULL, NULL, NULL, NULL, '2026-03-08 20:01:59', '2026-03-08 20:01:59'),
(36, 1, 1, '37', 'Main', 'Available', 2, 0, NULL, NULL, NULL, NULL, NULL, NULL, '2026-03-08 20:01:59', '2026-03-08 20:01:59'),
(37, 1, 1, '38', 'Main', 'Available', 2, 0, NULL, NULL, NULL, NULL, NULL, NULL, '2026-03-08 20:01:59', '2026-03-08 20:01:59'),
(38, 1, 1, '39', 'Main', 'Available', 2, 0, NULL, NULL, NULL, NULL, NULL, NULL, '2026-03-08 20:01:59', '2026-03-08 20:01:59'),
(39, 1, 1, '50', 'Main', 'Available', 2, 0, NULL, NULL, NULL, NULL, NULL, NULL, '2026-03-08 20:01:59', '2026-03-08 20:01:59'),
(40, 1, 1, '51', 'Main', 'Available', 2, 0, NULL, NULL, NULL, NULL, NULL, NULL, '2026-03-08 20:01:59', '2026-03-08 20:01:59'),
(41, 1, 1, '52', 'Main', 'Available', 2, 1, NULL, NULL, NULL, NULL, NULL, NULL, '2026-03-08 20:01:59', '2026-03-09 04:02:29'),
(42, 1, 1, '53', 'Main', 'Available', 2, 0, NULL, NULL, NULL, NULL, NULL, NULL, '2026-03-08 20:01:59', '2026-03-08 20:01:59'),
(43, 1, 2, '60', 'Main', 'Uncleaned', 2, 1, '2026-03-09 11:59:49', '2026-03-09 15:35:43', NULL, '2026-03-09 15:35:43', '2026-03-09 18:35:43', NULL, '2026-03-08 20:01:59', '2026-03-09 15:35:43'),
(44, 1, 2, '61', 'Main', 'Occupied', 2, 1, NULL, NULL, NULL, NULL, NULL, NULL, '2026-03-08 20:01:59', '2026-03-09 13:36:07'),
(45, 1, 2, '62', 'Main', 'Occupied', 2, 1, NULL, NULL, NULL, NULL, NULL, NULL, '2026-03-08 20:01:59', '2026-03-08 22:43:25'),
(46, 1, 2, '63', 'Main', 'Occupied', 1, 1, NULL, NULL, NULL, NULL, NULL, NULL, '2026-03-08 20:01:59', '2026-03-09 15:49:20'),
(47, 1, 2, '64', 'Main', 'Cleaned', 1, 1, NULL, NULL, NULL, NULL, NULL, NULL, '2026-03-08 20:01:59', '2026-03-09 16:00:26'),
(48, 1, 2, '65', 'Main', 'Available', 2, 0, NULL, NULL, NULL, NULL, NULL, NULL, '2026-03-08 20:01:59', '2026-03-08 20:01:59'),
(49, 1, 2, '66', 'Main', 'Uncleaned', 2, 1, '2026-03-09 13:43:46', '2026-03-09 14:56:10', NULL, '2026-03-09 14:56:10', '2026-03-09 17:56:10', NULL, '2026-03-08 20:01:59', '2026-03-09 14:56:10'),
(50, 1, 2, '67', 'Main', 'Occupied', 2, 1, '2026-03-09 01:03:52', '2026-03-09 08:51:14', NULL, '2026-03-09 08:51:14', NULL, NULL, '2026-03-08 20:01:59', '2026-03-09 13:26:21'),
(51, 1, 2, '68', 'Main', 'Available', 2, 0, NULL, NULL, NULL, NULL, NULL, NULL, '2026-03-08 20:01:59', '2026-03-08 20:01:59'),
(52, 1, 2, '69', 'Main', 'Available', 2, 0, NULL, NULL, NULL, NULL, NULL, NULL, '2026-03-08 20:01:59', '2026-03-08 20:01:59'),
(53, 1, 2, '70', 'Main', 'Available', 3, 1, '2026-03-08 21:50:38', '2026-03-09 09:35:50', NULL, '2026-03-09 09:35:50', NULL, NULL, '2026-03-08 20:01:59', '2026-03-09 10:49:51'),
(54, 1, 2, '71', 'Main', 'Available', 2, 0, NULL, NULL, NULL, NULL, NULL, NULL, '2026-03-08 20:01:59', '2026-03-08 20:01:59'),
(55, 1, 2, '72', 'Main', 'Occupied', 2, 1, '2026-03-09 04:00:08', '2026-03-09 08:49:57', NULL, '2026-03-09 08:49:57', NULL, NULL, '2026-03-08 20:01:59', '2026-03-09 14:43:33'),
(56, 1, 2, '73', 'Main', 'Available', 3, 1, NULL, NULL, NULL, NULL, NULL, NULL, '2026-03-08 20:01:59', '2026-03-08 20:05:57'),
(57, 1, 2, '74', 'Main', 'Available', 3, 1, NULL, NULL, NULL, NULL, NULL, NULL, '2026-03-08 20:01:59', '2026-03-08 20:09:50'),
(58, 1, 2, '75', 'Main', 'Occupied', 2, 1, NULL, NULL, NULL, NULL, NULL, NULL, '2026-03-08 20:01:59', '2026-03-08 20:32:05'),
(59, 1, 2, '76', 'Main', 'Available', 2, 0, NULL, NULL, NULL, NULL, NULL, NULL, '2026-03-08 20:01:59', '2026-03-08 20:01:59'),
(60, 1, 2, '77', 'Main', 'Available', 3, 0, NULL, NULL, NULL, NULL, NULL, NULL, '2026-03-08 20:01:59', '2026-03-08 20:01:59'),
(61, 1, 2, '78', 'Main', 'Cleaned', 2, 1, '2026-03-08 23:44:18', '2026-03-09 04:50:44', NULL, '2026-03-09 04:50:44', NULL, NULL, '2026-03-08 20:01:59', '2026-03-09 13:22:52'),
(62, 1, 2, '79', 'Main', 'Cleaned', 2, 1, '2026-03-08 21:09:41', '2026-03-09 04:59:15', NULL, '2026-03-09 04:59:15', NULL, NULL, '2026-03-08 20:01:59', '2026-03-09 13:20:39'),
(63, 1, 2, '80', 'Main', 'Available', 2, 0, NULL, NULL, NULL, NULL, NULL, NULL, '2026-03-08 20:01:59', '2026-03-08 20:01:59'),
(64, 1, 2, '81', 'Main', 'Available', 3, 1, NULL, NULL, NULL, NULL, NULL, NULL, '2026-03-08 20:01:59', '2026-03-09 05:11:32'),
(65, 1, 2, '82', 'Main', 'Uncleaned', 2, 1, '2026-03-09 10:00:48', '2026-03-09 15:53:36', NULL, '2026-03-09 15:53:36', '2026-03-09 18:53:36', NULL, '2026-03-08 20:01:59', '2026-03-09 15:53:36'),
(66, 1, 2, '83', 'Main', 'Available', 2, 0, NULL, NULL, NULL, NULL, NULL, NULL, '2026-03-08 20:01:59', '2026-03-08 20:01:59'),
(67, 1, 2, '84', 'Main', 'Available', 3, 1, NULL, NULL, NULL, NULL, NULL, NULL, '2026-03-08 20:01:59', '2026-03-08 20:05:51'),
(68, 1, 2, '85', 'Main', 'Available', 2, 0, NULL, NULL, NULL, NULL, NULL, NULL, '2026-03-08 20:01:59', '2026-03-08 20:01:59'),
(69, 1, 2, '86', 'Main', 'Available', 2, 0, NULL, NULL, NULL, NULL, NULL, NULL, '2026-03-08 20:01:59', '2026-03-08 20:01:59'),
(70, 1, 2, '87', 'Main', 'Available', 2, 1, '2026-03-08 21:10:38', '2026-03-09 08:53:42', NULL, '2026-03-09 08:53:42', NULL, NULL, '2026-03-08 20:01:59', '2026-03-09 10:18:33'),
(71, 1, 2, '88', 'Main', 'Available', 2, 0, NULL, NULL, NULL, NULL, NULL, NULL, '2026-03-08 20:01:59', '2026-03-08 20:01:59'),
(72, 1, 2, '89', 'Main', 'Available', 2, 0, NULL, NULL, NULL, NULL, NULL, NULL, '2026-03-08 20:01:59', '2026-03-08 20:01:59'),
(73, 1, 2, '90', 'Main', 'Available', 2, 0, NULL, NULL, NULL, NULL, NULL, NULL, '2026-03-08 20:01:59', '2026-03-08 20:01:59'),
(74, 1, 2, '91', 'Main', 'Available', 2, 0, NULL, NULL, NULL, NULL, NULL, NULL, '2026-03-08 20:01:59', '2026-03-08 20:01:59'),
(75, 1, 2, '92', 'Main', 'Available', 2, 1, '2026-03-08 21:24:27', '2026-03-09 09:05:22', NULL, '2026-03-09 09:05:22', NULL, NULL, '2026-03-08 20:01:59', '2026-03-09 10:34:26'),
(76, 1, 2, '93', 'Main', 'Available', 2, 0, NULL, NULL, NULL, NULL, NULL, NULL, '2026-03-08 20:01:59', '2026-03-08 20:01:59'),
(77, 1, 2, '94', 'Main', 'Available', 2, 0, NULL, NULL, NULL, NULL, NULL, NULL, '2026-03-08 20:01:59', '2026-03-08 20:01:59'),
(78, 1, 2, '95', 'Main', 'Available', 2, 0, NULL, NULL, NULL, NULL, NULL, NULL, '2026-03-08 20:01:59', '2026-03-08 20:01:59'),
(79, 1, 2, '96', 'Main', 'Available', 2, 0, NULL, NULL, NULL, NULL, NULL, NULL, '2026-03-08 20:01:59', '2026-03-08 20:01:59'),
(80, 1, 2, '97', 'Main', 'Available', 2, 0, NULL, NULL, NULL, NULL, NULL, NULL, '2026-03-08 20:01:59', '2026-03-08 20:01:59'),
(81, 1, 2, '98', 'Main', 'Available', 2, 0, NULL, NULL, NULL, NULL, NULL, NULL, '2026-03-08 20:01:59', '2026-03-08 20:01:59'),
(82, 1, 2, '99', 'Main', 'Available', 2, 0, NULL, NULL, NULL, NULL, NULL, NULL, '2026-03-08 20:01:59', '2026-03-08 20:01:59'),
(83, 1, 2, '100', 'Main', 'Occupied', 2, 1, '2026-03-09 10:05:50', '2026-03-09 13:16:06', NULL, '2026-03-09 13:16:06', NULL, NULL, '2026-03-08 20:01:59', '2026-03-09 13:56:28'),
(84, 1, 2, '101', 'Main', 'Uncleaned', 2, 1, '2026-03-09 13:17:02', '2026-03-09 15:33:02', NULL, '2026-03-09 15:33:02', '2026-03-09 18:33:02', NULL, '2026-03-08 20:01:59', '2026-03-09 15:33:02'),
(85, 1, 3, '120', 'Main', 'Occupied', 2, 1, '2026-03-09 03:48:04', '2026-03-09 09:30:58', NULL, '2026-03-09 09:30:58', NULL, NULL, '2026-03-08 20:01:59', '2026-03-09 13:36:55'),
(86, 1, 3, '121', 'Main', 'Available', 2, 1, NULL, NULL, NULL, NULL, NULL, NULL, '2026-03-08 20:01:59', '2026-03-09 06:35:27'),
(87, 1, 3, '122', 'Main', 'Occupied', 2, 1, NULL, NULL, NULL, NULL, NULL, NULL, '2026-03-08 20:01:59', '2026-03-09 08:04:19'),
(88, 1, 3, '123', 'Main', 'Occupied', 1, 1, NULL, NULL, NULL, NULL, NULL, NULL, '2026-03-08 20:01:59', '2026-03-09 14:21:18'),
(89, 1, 3, '124', 'Main', 'Occupied', 1, 1, '2026-03-08 23:07:43', '2026-03-09 05:21:57', NULL, '2026-03-09 05:21:57', NULL, NULL, '2026-03-08 20:01:59', '2026-03-09 09:16:45'),
(90, 1, 3, '125', 'Main', 'Available', 2, 0, NULL, NULL, NULL, NULL, NULL, NULL, '2026-03-08 20:01:59', '2026-03-08 20:01:59'),
(91, 1, 3, '126', 'Main', 'Available', 2, 1, NULL, NULL, NULL, NULL, NULL, NULL, '2026-03-08 20:01:59', '2026-03-09 11:41:20'),
(92, 1, 3, '127', 'Main', 'Occupied', 2, 1, '2026-03-08 21:04:26', '2026-03-09 06:14:53', NULL, '2026-03-09 06:14:53', NULL, NULL, '2026-03-08 20:01:59', '2026-03-09 16:02:05'),
(93, 1, 3, '128', 'Main', 'Occupied', 2, 1, NULL, NULL, NULL, NULL, NULL, NULL, '2026-03-08 20:01:59', '2026-03-09 15:32:52'),
(94, 1, 3, '129', 'Main', 'Available', 2, 0, NULL, NULL, NULL, NULL, NULL, NULL, '2026-03-08 20:01:59', '2026-03-08 20:01:59'),
(95, 1, 3, '130', 'Main', 'Occupied', 3, 1, NULL, NULL, NULL, NULL, NULL, NULL, '2026-03-08 20:01:59', '2026-03-09 14:50:46'),
(96, 1, 3, '131', 'Main', 'Available', 2, 1, '2026-03-08 22:37:28', '2026-03-09 05:34:52', NULL, '2026-03-09 05:34:52', NULL, NULL, '2026-03-08 20:01:59', '2026-03-09 07:42:33'),
(97, 1, 3, '132', 'Main', 'Available', 2, 1, '2026-03-09 02:49:25', '2026-03-09 08:08:55', NULL, '2026-03-09 08:08:55', NULL, NULL, '2026-03-08 20:01:59', '2026-03-09 09:49:23'),
(98, 1, 3, '133', 'Main', 'Available', 3, 1, NULL, NULL, NULL, NULL, NULL, NULL, '2026-03-08 20:01:59', '2026-03-09 11:43:02'),
(99, 1, 3, '134', 'Main', 'Available', 3, 1, NULL, NULL, NULL, NULL, NULL, NULL, '2026-03-08 20:01:59', '2026-03-09 02:15:43'),
(100, 1, 3, '135', 'Main', 'Available', 2, 1, NULL, NULL, NULL, NULL, NULL, NULL, '2026-03-08 20:01:59', '2026-03-09 05:12:19'),
(101, 1, 3, '136', 'Main', 'Occupied', 2, 0, NULL, NULL, NULL, NULL, NULL, NULL, '2026-03-08 20:01:59', '2026-03-09 01:51:51'),
(102, 1, 3, '137', 'Main', 'Available', 3, 0, NULL, NULL, NULL, NULL, NULL, NULL, '2026-03-08 20:01:59', '2026-03-08 20:01:59'),
(103, 1, 3, '138', 'Main', 'Occupied', 2, 1, '2026-03-08 21:35:18', '2026-03-09 07:35:00', NULL, '2026-03-09 07:35:00', NULL, NULL, '2026-03-08 20:01:59', '2026-03-09 14:33:09'),
(104, 1, 3, '139', 'Main', 'Available', 2, 0, NULL, NULL, NULL, NULL, NULL, NULL, '2026-03-08 20:01:59', '2026-03-08 20:01:59'),
(105, 1, 3, '150', 'Main', 'Available', 2, 0, NULL, NULL, NULL, NULL, NULL, NULL, '2026-03-08 20:01:59', '2026-03-08 20:01:59'),
(106, 1, 3, '151', 'Main', 'Available', 3, 1, NULL, NULL, NULL, NULL, NULL, NULL, '2026-03-08 20:01:59', '2026-03-09 14:31:29'),
(107, 1, 3, '152', 'Main', 'Available', 2, 1, '2026-03-08 22:36:57', '2026-03-09 05:52:43', NULL, '2026-03-09 05:52:43', NULL, NULL, '2026-03-08 20:01:59', '2026-03-09 06:40:30'),
(108, 1, 3, '153', 'Main', 'Available', 2, 1, NULL, NULL, NULL, NULL, NULL, NULL, '2026-03-08 20:01:59', '2026-03-09 11:02:03'),
(109, 1, 3, '154', 'Main', 'Available', 3, 1, NULL, NULL, NULL, NULL, NULL, NULL, '2026-03-08 20:01:59', '2026-03-09 14:31:34'),
(110, 1, 3, '155', 'Main', 'Available', 2, 1, '2026-03-08 22:06:05', '2026-03-09 03:53:57', NULL, '2026-03-09 03:53:57', NULL, NULL, '2026-03-08 20:01:59', '2026-03-09 05:15:02'),
(111, 1, 3, '156', 'Main', 'Available', 2, 1, NULL, NULL, NULL, NULL, NULL, NULL, '2026-03-08 20:01:59', '2026-03-09 05:45:18'),
(112, 1, 3, '157', 'Main', 'Available', 2, 1, '2026-03-08 22:40:11', '2026-03-09 04:12:55', NULL, '2026-03-09 04:12:55', NULL, NULL, '2026-03-08 20:01:59', '2026-03-09 05:20:19'),
(113, 1, 3, '158', 'Main', 'Available', 2, 1, '2026-03-08 23:46:02', '2026-03-09 05:18:57', NULL, '2026-03-09 05:18:57', NULL, NULL, '2026-03-08 20:01:59', '2026-03-09 06:39:07'),
(114, 1, 3, '159', 'Main', 'Available', 2, 0, NULL, NULL, NULL, NULL, NULL, NULL, '2026-03-08 20:01:59', '2026-03-08 20:01:59'),
(115, 1, 3, '160', 'Main', 'Uncleaned', 2, 1, '2026-03-09 14:22:42', '2026-03-09 15:46:48', NULL, '2026-03-09 15:46:48', '2026-03-09 18:46:48', NULL, '2026-03-08 20:01:59', '2026-03-09 15:46:48'),
(116, 1, 3, '161', 'Main', 'Occupied', 2, 1, '2026-03-08 22:58:28', '2026-03-09 04:57:10', NULL, '2026-03-09 04:57:10', NULL, NULL, '2026-03-08 20:01:59', '2026-03-09 06:55:11'),
(117, 1, 3, '162', 'Main', 'Available', 2, 1, '2026-03-08 22:59:16', '2026-03-09 04:37:07', NULL, '2026-03-09 04:37:07', NULL, NULL, '2026-03-08 20:01:59', '2026-03-09 05:37:29'),
(118, 1, 3, '163', 'Main', 'Available', 2, 1, '2026-03-08 23:53:45', '2026-03-09 05:05:20', NULL, '2026-03-09 05:05:20', NULL, NULL, '2026-03-08 20:01:59', '2026-03-09 06:38:00'),
(119, 1, 3, '164', 'Main', 'Available', 2, 1, NULL, NULL, NULL, NULL, NULL, NULL, '2026-03-08 20:01:59', '2026-03-09 11:42:03'),
(120, 1, 3, '165', 'Main', 'Available', 2, 1, '2026-03-08 21:30:12', '2026-03-09 08:39:01', NULL, '2026-03-09 08:39:01', NULL, NULL, '2026-03-08 20:01:59', '2026-03-09 13:12:26'),
(121, 1, 3, '166', 'Main', 'Occupied', 2, 1, NULL, NULL, NULL, NULL, NULL, NULL, '2026-03-08 20:01:59', '2026-03-08 20:50:45'),
(122, 1, 3, '167', 'Main', 'Available', 2, 1, '2026-03-09 01:22:10', '2026-03-09 13:00:39', NULL, '2026-03-09 13:00:39', NULL, NULL, '2026-03-08 20:01:59', '2026-03-09 13:43:34'),
(123, 1, 3, '168', 'Main', 'Available', 2, 1, '2026-03-08 23:57:35', '2026-03-09 09:11:51', NULL, '2026-03-09 09:11:51', NULL, NULL, '2026-03-08 20:01:59', '2026-03-09 10:28:55'),
(124, 1, 3, '169', 'Main', 'Available', 2, 1, '2026-03-09 00:14:57', '2026-03-09 09:55:48', NULL, '2026-03-09 09:55:48', NULL, NULL, '2026-03-08 20:01:59', '2026-03-09 11:45:56'),
(125, 1, 3, '170', 'Main', 'Available', 2, 1, '2026-03-09 00:16:53', '2026-03-09 06:09:55', NULL, '2026-03-09 06:09:55', NULL, NULL, '2026-03-08 20:01:59', '2026-03-09 07:28:03'),
(126, 1, 3, '171', 'Main', 'Available', 2, 1, '2026-03-08 22:29:20', '2026-03-09 12:15:00', NULL, '2026-03-09 12:15:00', NULL, NULL, '2026-03-08 20:01:59', '2026-03-09 13:27:53'),
(127, 1, 3, '3A', 'Main', 'Occupied', 1, 1, NULL, NULL, NULL, NULL, NULL, NULL, '2026-03-08 20:01:59', '2026-03-09 14:27:05'),
(128, 1, 3, '3B', 'Main', 'Occupied', 1, 1, NULL, NULL, NULL, NULL, NULL, NULL, '2026-03-08 20:01:59', '2026-03-09 09:19:16'),
(129, 1, 3, '3C', 'Main', 'Occupied', 1, 1, NULL, NULL, NULL, NULL, NULL, NULL, '2026-03-08 20:01:59', '2026-03-09 11:48:03'),
(130, 1, 3, '3D', 'Main', 'Occupied', 1, 1, '2026-03-09 05:07:25', '2026-03-09 10:47:39', NULL, '2026-03-09 10:47:39', NULL, NULL, '2026-03-08 20:01:59', '2026-03-09 12:54:27'),
(131, 1, 3, '3E', 'Main', 'Occupied', 1, 1, NULL, NULL, NULL, NULL, NULL, NULL, '2026-03-08 20:01:59', '2026-03-09 05:42:14'),
(132, 1, 3, '3F', 'Main', 'Occupied', 1, 1, '2026-03-08 20:23:04', '2026-03-09 06:25:51', NULL, '2026-03-09 06:25:51', NULL, NULL, '2026-03-08 20:01:59', '2026-03-09 12:19:22'),
(133, 1, 3, '3G', 'Main', 'Available', 1, 0, NULL, NULL, NULL, NULL, NULL, NULL, '2026-03-08 20:01:59', '2026-03-08 20:01:59'),
(134, 1, 4, '200', 'Main', 'Available', 2, 0, NULL, NULL, NULL, NULL, NULL, NULL, '2026-03-08 20:01:59', '2026-03-08 20:01:59'),
(135, 1, 4, '201', 'Main', 'Uncleaned', 2, 1, '2026-03-09 04:12:30', '2026-03-09 15:54:18', NULL, '2026-03-09 15:54:18', '2026-03-09 18:54:18', NULL, '2026-03-08 20:01:59', '2026-03-09 15:54:18'),
(136, 1, 4, '202', 'Main', 'Available', 2, 1, '2026-03-09 09:57:15', '2026-03-09 12:04:24', NULL, '2026-03-09 12:04:24', NULL, NULL, '2026-03-08 20:01:59', '2026-03-09 13:38:06'),
(137, 1, 4, '203', 'Main', 'Available', 1, 0, NULL, NULL, NULL, NULL, NULL, NULL, '2026-03-08 20:01:59', '2026-03-08 20:01:59'),
(138, 1, 4, '204', 'Main', 'Available', 1, 0, NULL, NULL, NULL, NULL, NULL, NULL, '2026-03-08 20:01:59', '2026-03-08 20:01:59'),
(139, 1, 4, '205', 'Main', 'Occupied', 2, 1, '2026-03-08 21:34:20', '2026-03-09 06:04:32', NULL, '2026-03-09 06:04:32', NULL, NULL, '2026-03-08 20:01:59', '2026-03-09 10:43:27'),
(140, 1, 4, '206', 'Main', 'Maintenance', 2, 1, NULL, NULL, NULL, NULL, NULL, NULL, '2026-03-08 20:01:59', '2026-03-08 23:39:29'),
(141, 1, 4, '207', 'Main', 'Uncleaned', 2, 1, '2026-03-09 04:09:57', '2026-03-09 15:55:22', NULL, '2026-03-09 15:55:22', '2026-03-09 18:55:22', NULL, '2026-03-08 20:01:59', '2026-03-09 15:55:22'),
(142, 1, 4, '208', 'Main', 'Available', 2, 1, NULL, NULL, NULL, NULL, NULL, NULL, '2026-03-08 20:01:59', '2026-03-09 11:42:16'),
(143, 1, 4, '209', 'Main', 'Occupied', 2, 1, '2026-03-08 23:42:26', '2026-03-09 05:25:47', NULL, '2026-03-09 05:25:47', NULL, NULL, '2026-03-08 20:01:59', '2026-03-09 09:56:47'),
(144, 1, 4, '210', 'Main', 'Available', 3, 1, NULL, NULL, NULL, NULL, NULL, NULL, '2026-03-08 20:01:59', '2026-03-09 11:43:22'),
(145, 1, 4, '211', 'Main', 'Available', 2, 1, NULL, NULL, NULL, NULL, NULL, NULL, '2026-03-08 20:01:59', '2026-03-09 04:06:37'),
(146, 1, 4, '212', 'Main', 'Available', 2, 0, NULL, NULL, NULL, NULL, NULL, NULL, '2026-03-08 20:01:59', '2026-03-08 20:01:59'),
(147, 1, 4, '214', 'Main', 'Available', 3, 1, '2026-03-08 21:49:21', '2026-03-09 08:02:27', NULL, '2026-03-09 08:02:27', NULL, NULL, '2026-03-08 20:01:59', '2026-03-09 08:47:06'),
(148, 1, 4, '215', 'Main', 'Available', 3, 1, NULL, NULL, NULL, NULL, NULL, NULL, '2026-03-08 20:01:59', '2026-03-08 21:33:07'),
(149, 1, 4, '216', 'Main', 'Occupied', 2, 1, NULL, NULL, NULL, NULL, NULL, NULL, '2026-03-08 20:01:59', '2026-03-09 14:59:47'),
(150, 1, 4, '217', 'Main', 'Available', 2, 0, NULL, NULL, NULL, NULL, NULL, NULL, '2026-03-08 20:01:59', '2026-03-08 20:01:59'),
(151, 1, 4, '218', 'Main', 'Available', 3, 0, NULL, NULL, NULL, NULL, NULL, NULL, '2026-03-08 20:01:59', '2026-03-08 20:01:59'),
(152, 1, 4, '219', 'Main', 'Available', 2, 0, NULL, NULL, NULL, NULL, NULL, NULL, '2026-03-08 20:01:59', '2026-03-08 20:01:59'),
(153, 1, 4, '220', 'Main', 'Available', 2, 0, NULL, NULL, NULL, NULL, NULL, NULL, '2026-03-08 20:01:59', '2026-03-08 20:01:59'),
(154, 1, 4, '221', 'Main', 'Available', 2, 0, NULL, NULL, NULL, NULL, NULL, NULL, '2026-03-08 20:01:59', '2026-03-08 20:01:59'),
(155, 1, 4, '222', 'Main', 'Available', 3, 0, NULL, NULL, NULL, NULL, NULL, NULL, '2026-03-08 20:01:59', '2026-03-08 20:01:59'),
(156, 1, 4, '223', 'Main', 'Available', 2, 0, NULL, NULL, NULL, NULL, NULL, NULL, '2026-03-08 20:01:59', '2026-03-08 20:01:59'),
(157, 1, 4, '224', 'Main', 'Occupied', 2, 1, NULL, NULL, NULL, NULL, NULL, NULL, '2026-03-08 20:01:59', '2026-03-09 02:35:30'),
(158, 1, 4, '225', 'Main', 'Available', 3, 1, NULL, NULL, NULL, NULL, NULL, NULL, '2026-03-08 20:01:59', '2026-03-08 21:33:54'),
(159, 1, 4, '226', 'Main', 'Available', 2, 0, NULL, NULL, NULL, NULL, NULL, NULL, '2026-03-08 20:01:59', '2026-03-08 20:01:59'),
(160, 1, 4, '227', 'Main', 'Available', 2, 0, NULL, NULL, NULL, NULL, NULL, NULL, '2026-03-08 20:01:59', '2026-03-08 20:01:59'),
(161, 1, 4, '228', 'Main', 'Available', 2, 0, NULL, NULL, NULL, NULL, NULL, NULL, '2026-03-08 20:01:59', '2026-03-08 20:01:59'),
(162, 1, 4, '229', 'Main', 'Occupied', 2, 1, '2026-03-08 20:50:17', '2026-03-09 08:08:29', NULL, '2026-03-09 08:08:29', NULL, NULL, '2026-03-08 20:01:59', '2026-03-09 14:59:01'),
(163, 1, 4, '230', 'Main', 'Occupied', 2, 1, NULL, NULL, NULL, NULL, NULL, NULL, '2026-03-08 20:01:59', '2026-03-09 07:39:34'),
(164, 1, 4, '231', 'Main', 'Available', 2, 0, NULL, NULL, NULL, NULL, NULL, NULL, '2026-03-08 20:01:59', '2026-03-08 20:01:59'),
(165, 1, 4, '232', 'Main', 'Available', 2, 0, NULL, NULL, NULL, NULL, NULL, NULL, '2026-03-08 20:01:59', '2026-03-08 20:01:59'),
(166, 1, 4, '233', 'Main', 'Available', 2, 0, NULL, NULL, NULL, NULL, NULL, NULL, '2026-03-08 20:01:59', '2026-03-08 20:01:59'),
(167, 1, 4, '234', 'Main', 'Occupied', 2, 1, NULL, NULL, NULL, NULL, NULL, NULL, '2026-03-08 20:01:59', '2026-03-08 20:24:16'),
(168, 1, 4, '235', 'Main', 'Available', 2, 0, NULL, NULL, NULL, NULL, NULL, NULL, '2026-03-08 20:01:59', '2026-03-08 20:01:59'),
(169, 1, 4, '236', 'Main', 'Cleaning', 2, 1, '2026-03-09 10:16:17', '2026-03-09 15:45:00', NULL, '2026-03-09 15:45:00', '2026-03-09 18:45:00', '2026-03-09 15:50:38', '2026-03-08 20:01:59', '2026-03-09 15:50:38'),
(170, 1, 4, '237', 'Main', 'Available', 2, 0, NULL, NULL, NULL, NULL, NULL, NULL, '2026-03-08 20:01:59', '2026-03-08 20:01:59'),
(171, 1, 4, '238', 'Main', 'Available', 2, 0, NULL, NULL, NULL, NULL, NULL, NULL, '2026-03-08 20:01:59', '2026-03-08 20:01:59'),
(172, 1, 4, '239', 'Main', 'Available', 2, 0, NULL, NULL, NULL, NULL, NULL, NULL, '2026-03-08 20:01:59', '2026-03-08 20:01:59'),
(173, 1, 4, '250', 'Main', 'Available', 2, 0, NULL, NULL, NULL, NULL, NULL, NULL, '2026-03-08 20:01:59', '2026-03-08 20:01:59'),
(174, 1, 4, '251', 'Main', 'Occupied', 2, 1, '2026-03-08 21:32:28', '2026-03-09 06:03:56', NULL, '2026-03-09 06:03:56', NULL, NULL, '2026-03-08 20:01:59', '2026-03-09 15:11:33'),
(175, 1, 4, '252', 'Main', 'Cleaned', 2, 1, '2026-03-08 23:32:12', '2026-03-09 05:32:38', NULL, '2026-03-09 05:32:38', NULL, NULL, '2026-03-08 20:01:59', '2026-03-09 11:02:14'),
(176, 1, 4, '4A', 'Main', 'Occupied', 1, 1, NULL, NULL, NULL, NULL, NULL, NULL, '2026-03-08 20:01:59', '2026-03-09 12:23:51'),
(177, 1, 4, '4B', 'Main', 'Available', 1, 0, NULL, NULL, NULL, NULL, NULL, NULL, '2026-03-08 20:01:59', '2026-03-08 20:01:59');
INSERT INTO `rooms` (`id`, `branch_id`, `floor_id`, `number`, `area`, `status`, `type_id`, `is_priority`, `last_checkin_at`, `last_checkout_at`, `time_to_terminate_queue`, `check_out_time`, `time_to_clean`, `started_cleaning_at`, `created_at`, `updated_at`) VALUES
(178, 1, 4, '4C', 'Main', 'Occupied', 1, 1, '2026-03-08 20:14:57', '2026-03-09 06:03:25', NULL, '2026-03-09 06:03:25', NULL, NULL, '2026-03-08 20:01:59', '2026-03-09 14:28:26'),
(179, 1, 4, '4D', 'Main', 'Available', 1, 1, '2026-03-08 22:41:04', '2026-03-09 10:35:27', NULL, '2026-03-09 10:35:27', NULL, NULL, '2026-03-08 20:01:59', '2026-03-09 12:44:25'),
(180, 1, 4, '4E', 'Main', 'Available', 1, 0, NULL, NULL, NULL, NULL, NULL, NULL, '2026-03-08 20:01:59', '2026-03-08 20:01:59'),
(181, 1, 4, '4F', 'Main', 'Available', 1, 0, NULL, NULL, NULL, NULL, NULL, NULL, '2026-03-08 20:01:59', '2026-03-08 20:01:59'),
(182, 1, 4, '4G', 'Main', 'Available', 1, 0, NULL, NULL, NULL, NULL, NULL, NULL, '2026-03-08 20:01:59', '2026-03-08 20:01:59'),
(183, 1, 5, '253', 'Main', 'Available', 2, 0, NULL, NULL, NULL, NULL, NULL, NULL, '2026-03-08 20:01:59', '2026-03-08 20:01:59'),
(184, 1, 5, '254', 'Main', 'Available', 2, 0, NULL, NULL, NULL, NULL, NULL, NULL, '2026-03-08 20:01:59', '2026-03-08 20:01:59'),
(185, 1, 5, '255', 'Main', 'Occupied', 2, 1, '2026-03-09 00:26:31', '2026-03-09 09:30:00', NULL, '2026-03-09 09:30:00', NULL, NULL, '2026-03-08 20:01:59', '2026-03-09 15:17:29'),
(186, 1, 5, '256', 'Main', 'Maintenance', 1, 0, NULL, NULL, NULL, NULL, NULL, NULL, '2026-03-08 20:01:59', '2026-03-08 23:40:04'),
(187, 1, 5, '257', 'Main', 'Available', 1, 1, '2026-03-09 11:07:21', '2026-03-09 14:37:56', NULL, '2026-03-09 14:37:56', NULL, NULL, '2026-03-08 20:01:59', '2026-03-09 15:57:32'),
(188, 1, 5, '258', 'Main', 'Available', 2, 0, NULL, NULL, NULL, NULL, NULL, NULL, '2026-03-08 20:01:59', '2026-03-08 20:01:59'),
(189, 1, 5, '259', 'Main', 'Available', 2, 0, NULL, NULL, NULL, NULL, NULL, NULL, '2026-03-08 20:01:59', '2026-03-08 20:01:59'),
(190, 1, 5, '260', 'Main', 'Maintenance', 2, 1, NULL, NULL, NULL, NULL, NULL, NULL, '2026-03-08 20:01:59', '2026-03-08 23:37:33'),
(191, 1, 5, '261', 'Main', 'Available', 2, 0, NULL, NULL, NULL, NULL, NULL, NULL, '2026-03-08 20:01:59', '2026-03-08 20:01:59'),
(192, 1, 5, '262', 'Main', 'Available', 2, 0, NULL, NULL, NULL, NULL, NULL, NULL, '2026-03-08 20:01:59', '2026-03-08 20:01:59'),
(193, 1, 5, '263', 'Main', 'Occupied', 2, 1, NULL, NULL, NULL, NULL, NULL, NULL, '2026-03-08 20:01:59', '2026-03-09 00:28:22'),
(194, 1, 5, '264', 'Main', 'Available', 2, 0, NULL, NULL, NULL, NULL, NULL, NULL, '2026-03-08 20:01:59', '2026-03-08 20:01:59'),
(195, 1, 5, '265', 'Main', 'Available', 2, 0, NULL, NULL, NULL, NULL, NULL, NULL, '2026-03-08 20:01:59', '2026-03-08 20:01:59'),
(196, 1, 5, '266', 'Main', 'Available', 2, 1, NULL, NULL, NULL, NULL, NULL, NULL, '2026-03-08 20:01:59', '2026-03-09 10:58:33'),
(197, 1, 5, '267', 'Main', 'Available', 2, 0, NULL, NULL, NULL, NULL, NULL, NULL, '2026-03-08 20:01:59', '2026-03-08 20:01:59'),
(198, 1, 5, '268', 'Main', 'Maintenance', 2, 1, NULL, NULL, NULL, NULL, NULL, NULL, '2026-03-08 20:01:59', '2026-03-08 23:39:44'),
(199, 1, 5, '269', 'Main', 'Available', 2, 1, '2026-03-09 01:36:39', '2026-03-09 11:34:36', NULL, '2026-03-09 11:34:36', NULL, NULL, '2026-03-08 20:01:59', '2026-03-09 13:24:52'),
(200, 1, 5, '270', 'Main', 'Available', 2, 1, '2026-03-09 02:02:14', '2026-03-09 07:48:05', NULL, '2026-03-09 07:48:05', NULL, NULL, '2026-03-08 20:01:59', '2026-03-09 09:16:26'),
(201, 1, 5, '271', 'Main', 'Available', 2, 0, NULL, NULL, NULL, NULL, NULL, NULL, '2026-03-08 20:01:59', '2026-03-08 20:01:59'),
(202, 1, 5, '272', 'Main', 'Available', 2, 1, '2026-03-09 01:11:20', '2026-03-09 05:01:32', NULL, '2026-03-09 05:01:32', NULL, NULL, '2026-03-08 20:01:59', '2026-03-09 06:56:18'),
(203, 1, 5, '273', 'Main', 'Available', 2, 0, NULL, NULL, NULL, NULL, NULL, NULL, '2026-03-08 20:01:59', '2026-03-08 20:01:59'),
(204, 1, 5, '274', 'Main', 'Available', 2, 1, '2026-03-09 02:59:55', '2026-03-09 09:49:10', NULL, '2026-03-09 09:49:10', NULL, NULL, '2026-03-08 20:01:59', '2026-03-09 12:59:10'),
(205, 1, 5, '275', 'Main', 'Available', 2, 0, NULL, NULL, NULL, NULL, NULL, NULL, '2026-03-08 20:01:59', '2026-03-08 20:01:59'),
(206, 1, 5, '276', 'Main', 'Cleaning', 2, 1, '2026-03-09 03:01:19', '2026-03-09 15:05:50', NULL, '2026-03-09 15:05:50', '2026-03-09 18:05:50', '2026-03-09 15:57:41', '2026-03-08 20:01:59', '2026-03-09 15:57:41'),
(207, 1, 5, '277', 'Main', 'Available', 2, 1, '2026-03-09 03:48:51', '2026-03-09 09:31:33', NULL, '2026-03-09 09:31:33', NULL, NULL, '2026-03-08 20:01:59', '2026-03-09 11:25:44'),
(208, 1, 5, '278', 'Main', 'Available', 2, 1, '2026-03-09 03:58:44', '2026-03-09 04:57:55', NULL, '2026-03-09 04:57:55', NULL, NULL, '2026-03-08 20:01:59', '2026-03-09 06:39:52'),
(209, 1, 5, '279', 'Main', 'Occupied', 2, 1, NULL, NULL, NULL, NULL, NULL, NULL, '2026-03-08 20:01:59', '2026-03-08 21:02:16'),
(210, 1, 5, '280', 'Main', 'Available', 2, 0, NULL, NULL, NULL, NULL, NULL, NULL, '2026-03-08 20:01:59', '2026-03-08 20:01:59'),
(211, 1, 5, '281', 'Main', 'Available', 2, 1, '2026-03-08 23:58:11', '2026-03-09 11:43:11', NULL, '2026-03-09 11:43:11', NULL, NULL, '2026-03-08 20:01:59', '2026-03-09 13:51:53'),
(212, 1, 5, '282', 'Main', 'Occupied', 2, 0, NULL, NULL, NULL, NULL, NULL, NULL, '2026-03-08 20:01:59', '2026-03-09 16:00:26'),
(213, 1, 5, '283', 'Main', 'Available', 2, 0, NULL, NULL, NULL, NULL, NULL, NULL, '2026-03-08 20:01:59', '2026-03-08 20:01:59'),
(214, 1, 5, '284', 'Main', 'Available', 2, 0, NULL, NULL, NULL, NULL, NULL, NULL, '2026-03-08 20:01:59', '2026-03-08 20:01:59'),
(215, 1, 5, '285', 'Main', 'Available', 2, 1, '2026-03-09 00:26:56', '2026-03-09 09:41:48', NULL, '2026-03-09 09:41:48', NULL, NULL, '2026-03-08 20:01:59', '2026-03-09 12:11:09'),
(216, 1, 5, '286', 'Main', 'Available', 2, 1, '2026-03-09 03:49:00', '2026-03-09 09:31:41', NULL, '2026-03-09 09:31:41', NULL, NULL, '2026-03-08 20:01:59', '2026-03-09 11:50:27'),
(217, 1, 5, '287', 'Main', 'Maintenance', 2, 1, NULL, NULL, NULL, NULL, NULL, NULL, '2026-03-08 20:01:59', '2026-03-09 00:28:25'),
(218, 1, 5, '288', 'Main', 'Available', 2, 1, NULL, NULL, NULL, NULL, NULL, NULL, '2026-03-08 20:01:59', '2026-03-09 02:15:19'),
(219, 1, 5, '289', 'Main', 'Available', 2, 0, NULL, NULL, NULL, NULL, NULL, NULL, '2026-03-08 20:01:59', '2026-03-08 20:01:59'),
(220, 1, 5, '290', 'Main', 'Available', 1, 0, NULL, NULL, NULL, NULL, NULL, NULL, '2026-03-08 20:01:59', '2026-03-08 20:01:59'),
(221, 1, 5, '291', 'Main', 'Available', 2, 0, NULL, NULL, NULL, NULL, NULL, NULL, '2026-03-08 20:01:59', '2026-03-08 20:01:59'),
(222, 1, 5, '292', 'Main', 'Available', 1, 0, NULL, NULL, NULL, NULL, NULL, NULL, '2026-03-08 20:01:59', '2026-03-08 20:01:59'),
(223, 1, 5, '293', 'Main', 'Available', 1, 1, NULL, NULL, NULL, NULL, NULL, NULL, '2026-03-08 20:01:59', '2026-03-09 11:31:02'),
(224, 1, 5, '294', 'Main', 'Maintenance', 2, 1, NULL, NULL, NULL, NULL, '2026-03-09 04:51:51', NULL, '2026-03-08 20:01:59', '2026-03-09 01:52:22'),
(225, 1, 5, '5A', 'Main', 'Uncleaned', 1, 1, '2026-03-09 03:39:04', '2026-03-09 15:22:59', NULL, '2026-03-09 15:22:59', '2026-03-09 18:22:59', NULL, '2026-03-08 20:01:59', '2026-03-09 15:22:59'),
(226, 1, 5, '5B', 'Main', 'Available', 1, 0, NULL, NULL, NULL, NULL, NULL, NULL, '2026-03-08 20:01:59', '2026-03-08 20:01:59'),
(227, 1, 5, '5C', 'Main', 'Available', 1, 1, NULL, NULL, NULL, NULL, NULL, NULL, '2026-03-08 20:01:59', '2026-03-09 14:41:22'),
(228, 1, 5, '5D', 'Main', 'Available', 1, 1, NULL, NULL, NULL, NULL, NULL, NULL, '2026-03-08 20:01:59', '2026-03-09 14:41:29'),
(229, 1, 5, '5E', 'Main', 'Available', 1, 1, '2026-03-08 22:45:11', '2026-03-09 05:56:02', NULL, '2026-03-09 05:56:02', NULL, NULL, '2026-03-08 20:01:59', '2026-03-09 08:48:13'),
(230, 1, 5, '5F', 'Main', 'Available', 1, 0, NULL, NULL, NULL, NULL, NULL, NULL, '2026-03-08 20:01:59', '2026-03-08 20:01:59'),
(231, 1, 5, '5G', 'Main', 'Available', 1, 0, NULL, NULL, NULL, NULL, NULL, NULL, '2026-03-08 20:01:59', '2026-03-08 20:01:59');

INSERT INTO `sessions` (`id`, `user_id`, `ip_address`, `user_agent`, `payload`, `last_activity`) VALUES
('0LrJ7QsrbBoEFvZXqYeOPENwTKSMrHivtPNtQV4z', NULL, '87.121.84.76', 'Mozilla/5.0', 'YTozOntzOjY6Il90b2tlbiI7czo0MDoidFlBejdZc3hhRGFDOXJGNGhjR1U3QkxFSEtnNmZJbk5WbzJZc1hrbiI7czo5OiJfcHJldmlvdXMiO2E6MTp7czozOiJ1cmwiO3M6MjE6Imh0dHA6Ly8xMzkuNTkuMjUyLjEwMCI7fXM6NjoiX2ZsYXNoIjthOjI6e3M6Mzoib2xkIjthOjA6e31zOjM6Im5ldyI7YTowOnt9fX0=', 1773038418);
INSERT INTO `sessions` (`id`, `user_id`, `ip_address`, `user_agent`, `payload`, `last_activity`) VALUES
('4kokZ5mE4uVEkj2m4hyZl8NSjmO6QNQyo2SkQ9e8', NULL, '204.76.203.206', 'Mozilla/5.0 (Windows NT 10.0; Win64; x64) AppleWebKit/537.36 (KHTML, like Gecko) Chrome/90.0.4430.85 Safari/537.36 Edg/90.0.818.46', 'YToyOntzOjY6Il90b2tlbiI7czo0MDoiZFk0WVNCbUdsdUVJd09oNlNZbnROeDNMNVN6ZWNSRjlTSzZYdU9RMyI7czo2OiJfZmxhc2giO2E6Mjp7czozOiJvbGQiO2E6MDp7fXM6MzoibmV3IjthOjA6e319fQ==', 1773038591);
INSERT INTO `sessions` (`id`, `user_id`, `ip_address`, `user_agent`, `payload`, `last_activity`) VALUES
('72JyLtzBSc46dMfn9s4IO2FWm76HhRdlSvEzLM9w', NULL, '170.64.221.200', 'Mozilla/5.0', 'YTozOntzOjY6Il90b2tlbiI7czo0MDoiSk9PelJGbk9RaHJJZ2djeXFuVVZUSmJpbjdORkFrT2owcWEwMkJrRiI7czo5OiJfcHJldmlvdXMiO2E6MTp7czozOiJ1cmwiO3M6MTQ0OiJodHRwOi8vMTM5LjU5LjI1Mi4xMDAvP2Z1bmN0aW9uPWNhbGxfdXNlcl9mdW5jX2FycmF5JnM9JTJGSW5kZXglMkYlNUN0aGluayU1Q2FwcCUyRmludm9rZWZ1bmN0aW9uJnZhcnMlNUIwJTVEPXN5c3RlbSZ2YXJzJTVCMSU1RCU1QjAlNUQ9cHJpbnRlbnYiO31zOjY6Il9mbGFzaCI7YToyOntzOjM6Im9sZCI7YTowOnt9czozOiJuZXciO2E6MDp7fX19', 1773042257);
INSERT INTO `sessions` (`id`, `user_id`, `ip_address`, `user_agent`, `payload`, `last_activity`) VALUES
('7VSJ9RO0Iu0sIO3nr8Z904QP3Y8BQ3cuxA3XAE5U', NULL, '170.64.221.200', 'Mozilla/5.0', 'YTozOntzOjY6Il90b2tlbiI7czo0MDoienhZUmhDNklpU0pnY0o4UUpJWm92ZFV2MVFpd1RDbnhndVJCdFZDQSI7czo5OiJfcHJldmlvdXMiO2E6MTp7czozOiJ1cmwiO3M6MjE6Imh0dHA6Ly8xMzkuNTkuMjUyLjEwMCI7fXM6NjoiX2ZsYXNoIjthOjI6e3M6Mzoib2xkIjthOjA6e31zOjM6Im5ldyI7YTowOnt9fX0=', 1773042252),
('aLFjCWIq59kUkujMH9xuRO9FL15J7N5DlZGLco3n', 2, '49.149.37.236', 'Mozilla/5.0 (Windows NT 10.0; Win64; x64) AppleWebKit/537.36 (KHTML, like Gecko) Chrome/145.0.0.0 Safari/537.36 Edg/145.0.0.0', 'YTo2OntzOjY6Il90b2tlbiI7czo0MDoiREhxWHlLd1RPY2NlZ3ltUllpUTR1M1JwQll1RGJxbGx0NkRXYTc0eiI7czozOiJ1cmwiO2E6MDp7fXM6OToiX3ByZXZpb3VzIjthOjE6e3M6MzoidXJsIjtzOjMzOiJodHRwOi8vMTM5LjU5LjI1Mi4xMDAvYWRtaW4vdXNlcnMiO31zOjY6Il9mbGFzaCI7YToyOntzOjM6Im9sZCI7YTowOnt9czozOiJuZXciO2E6MDp7fX1zOjUwOiJsb2dpbl93ZWJfNTliYTM2YWRkYzJiMmY5NDAxNTgwZjAxNGM3ZjU4ZWE0ZTMwOTg5ZCI7aToyO3M6MjE6InBhc3N3b3JkX2hhc2hfc2FuY3R1bSI7czo2MDoiJDJ5JDEwJDE3RTRheFdybjFCb2IvcFYzeHpxME91eXNHLjZaTzMwYWcvTTViL2VTMk5mYVU0QWtLMkRLIjt9', 1773038832),
('avIcMMFdNHGkpKbobUPvOVdILsOB4Cy9Usiac7wQ', NULL, '222.127.171.27', 'Mozilla/5.0 (Windows NT 10.0; Win64; x64) AppleWebKit/537.36 (KHTML, like Gecko) Chrome/145.0.0.0 Safari/537.36', 'YTozOntzOjY6Il90b2tlbiI7czo0MDoiQm1jRVVDeGlSc2ROTG95aFc1ZFZRWU5BRjI3Y3o2RmVRTHJrV3F1ayI7czo2OiJfZmxhc2giO2E6Mjp7czozOiJvbGQiO2E6MDp7fXM6MzoibmV3IjthOjA6e319czo5OiJfcHJldmlvdXMiO2E6MTp7czozOiJ1cmwiO3M6MjE6Imh0dHA6Ly8xMzkuNTkuMjUyLjEwMCI7fX0=', 1773042535),
('awT05qk5lygWoQ5RARPaNVT2NmtuEV4enc2omAHa', 6, '49.149.37.236', 'Mozilla/5.0 (Windows NT 10.0; Win64; x64) AppleWebKit/537.36 (KHTML, like Gecko) Chrome/145.0.0.0 Safari/537.36', 'YTo1OntzOjY6Il90b2tlbiI7czo0MDoidVFIQ1dKSDRDWWpUbVF1eEg5Zm5IT2FKNTdkZ2dqMFN3Wkx2RVRUayI7czo2OiJfZmxhc2giO2E6Mjp7czozOiJvbGQiO2E6MDp7fXM6MzoibmV3IjthOjA6e319czo5OiJfcHJldmlvdXMiO2E6MTp7czozOiJ1cmwiO3M6NDQ6Imh0dHA6Ly8xMzkuNTkuMjUyLjEwMC9iYWNrLW9mZmljZS9yZXBvcnQtaHViIjt9czo1MDoibG9naW5fd2ViXzU5YmEzNmFkZGMyYjJmOTQwMTU4MGYwMTRjN2Y1OGVhNGUzMDk4OWQiO2k6NjtzOjIxOiJwYXNzd29yZF9oYXNoX3NhbmN0dW0iO3M6NjA6IiQyeSQxMCRaenJzRjY4dldRU2FxSlFNaE94VkYud1EvWUZabmJLRDBFemZVRTIySXJZT0kuN2l2R0FUTyI7fQ==', 1773041396),
('BlYN4SIB9zWdbbJbIpsqeqRhWTN3a1RV77TtH8T0', 2, '49.145.211.174', 'Mozilla/5.0 (Windows NT 10.0; Win64; x64) AppleWebKit/537.36 (KHTML, like Gecko) Chrome/145.0.0.0 Safari/537.36', 'YTo1OntzOjY6Il90b2tlbiI7czo0MDoicGRLYXI1UkVwbDVpZG40MnYzY1JuOUJjZ3BkdTBnQ2hXZ2VVbTlCMSI7czo2OiJfZmxhc2giO2E6Mjp7czozOiJvbGQiO2E6MDp7fXM6MzoibmV3IjthOjA6e319czo5OiJfcHJldmlvdXMiO2E6MTp7czozOiJ1cmwiO3M6MzM6Imh0dHA6Ly8xMzkuNTkuMjUyLjEwMC9hZG1pbi91c2VycyI7fXM6NTA6ImxvZ2luX3dlYl81OWJhMzZhZGRjMmIyZjk0MDE1ODBmMDE0YzdmNThlYTRlMzA5ODlkIjtpOjI7czoyMToicGFzc3dvcmRfaGFzaF9zYW5jdHVtIjtzOjYwOiIkMnkkMTAkMTdFNGF4V3JuMUJvYi9wVjN4enEwT3V5c0cuNlpPMzBhZy9NNWIvZVMyTmZhVTRBa0syREsiO30=', 1773043200),
('cGPWN7mGEB2TChZ9Lxg9vOXNYAXQuYXnvbaM7XJ0', NULL, '222.127.171.27', 'Mozilla/5.0 (Linux; Android 10; K) AppleWebKit/537.36 (KHTML, like Gecko) Chrome/145.0.0.0 Mobile Safari/537.36', 'YTo0OntzOjY6Il90b2tlbiI7czo0MDoianFhMUFzZGVZTTlyZ2dvQnp6RHUzaThkcEpveE55TGNFc2wxbjVWYSI7czozOiJ1cmwiO2E6MTp7czo4OiJpbnRlbmRlZCI7czozOToiaHR0cDovLzEzOS41OS4yNTIuMTAwL3Jvb21ib3kvZGFzaGJvYXJkIjt9czo5OiJfcHJldmlvdXMiO2E6MTp7czozOiJ1cmwiO3M6Mjc6Imh0dHA6Ly8xMzkuNTkuMjUyLjEwMC9sb2dpbiI7fXM6NjoiX2ZsYXNoIjthOjI6e3M6Mzoib2xkIjthOjA6e31zOjM6Im5ldyI7YTowOnt9fX0=', 1773043419),
('D5Vja6i3Wcbm8oxlLfbn4FuqY9gEJNYgD5LDgw4M', 11, '222.127.171.27', 'Mozilla/5.0 (Windows NT 10.0; Win64; x64) AppleWebKit/537.36 (KHTML, like Gecko) Chrome/146.0.0.0 Safari/537.36', 'YTo1OntzOjY6Il90b2tlbiI7czo0MDoiWmxSRXdNUmt2WWZ5ajNHdkV3a2hsWHlnVDE5VkwyVkJ0bFYwRTlRNyI7czo2OiJfZmxhc2giO2E6Mjp7czozOiJvbGQiO2E6MDp7fXM6MzoibmV3IjthOjA6e319czo5OiJfcHJldmlvdXMiO2E6MTp7czozOiJ1cmwiO3M6Mzk6Imh0dHA6Ly8xMzkuNTkuMjUyLjEwMC9yb29tYm95L2Rhc2hib2FyZCI7fXM6NTA6ImxvZ2luX3dlYl81OWJhMzZhZGRjMmIyZjk0MDE1ODBmMDE0YzdmNThlYTRlMzA5ODlkIjtpOjExO3M6MjE6InBhc3N3b3JkX2hhc2hfc2FuY3R1bSI7czo2MDoiJDJ5JDEwJC45NzRvbDA0cHd6ZDRTVXJyaFdLZXVCU3BKMFlVZHJsdzB2SGtkNHppWUZoaS9LVjdLSEtTIjt9', 1773043423),
('DF3zc2HjOL81E5yuBCVJcHZDLSFaenjM4SSvVNgS', NULL, '170.64.221.200', 'Mozilla/5.0', 'YTozOntzOjY6Il90b2tlbiI7czo0MDoiUHFXRHpSREVhMTNmTXVFQWZ5REJSS3c3VHhwbzByN3l1eXNrNUJQdiI7czo5OiJfcHJldmlvdXMiO2E6MTp7czozOiJ1cmwiO3M6MTQ0OiJodHRwOi8vMTM5LjU5LjI1Mi4xMDAvP2Z1bmN0aW9uPWNhbGxfdXNlcl9mdW5jX2FycmF5JnM9JTJGSW5kZXglMkYlNUN0aGluayU1Q2FwcCUyRmludm9rZWZ1bmN0aW9uJnZhcnMlNUIwJTVEPXN5c3RlbSZ2YXJzJTVCMSU1RCU1QjAlNUQ9cHJpbnRlbnYiO31zOjY6Il9mbGFzaCI7YToyOntzOjM6Im9sZCI7YTowOnt9czozOiJuZXciO2E6MDp7fX19', 1773042254),
('ErB4Isi4X7wGZ5LdzfB2ZpVXTqNMrT8HOXRsYEy1', 6, '143.44.185.170', 'Mozilla/5.0 (Macintosh; Intel Mac OS X 10_15_7) AppleWebKit/605.1.15 (KHTML, like Gecko) Version/18.6 Safari/605.1.15', 'YTo1OntzOjY6Il90b2tlbiI7czo0MDoiNUpxME9tWlh2SHVDZE5FUHNybmdzTVN0WWZ6U1ZOT2U3MndrVTVlYiI7czo2OiJfZmxhc2giO2E6Mjp7czozOiJvbGQiO2E6MDp7fXM6MzoibmV3IjthOjA6e319czo5OiJfcHJldmlvdXMiO2E6MTp7czozOiJ1cmwiO3M6NDQ6Imh0dHA6Ly8xMzkuNTkuMjUyLjEwMC9iYWNrLW9mZmljZS9yZXBvcnQtaHViIjt9czo1MDoibG9naW5fd2ViXzU5YmEzNmFkZGMyYjJmOTQwMTU4MGYwMTRjN2Y1OGVhNGUzMDk4OWQiO2k6NjtzOjIxOiJwYXNzd29yZF9oYXNoX3NhbmN0dW0iO3M6NjA6IiQyeSQxMCRaenJzRjY4dldRU2FxSlFNaE94VkYud1EvWUZabmJLRDBFemZVRTIySXJZT0kuN2l2R0FUTyI7fQ==', 1773042838),
('esZ1sHN2P3G3yYL5GzutbzHLM4DUzaebUvgAUzE3', NULL, '172.104.11.51', 'Mozilla/5.0 (Macintosh; Intel Mac OS X 13_1) AppleWebKit/537.36 (KHTML, like Gecko) Chrome/108.0.0.0 Safari/537.36', 'YTozOntzOjY6Il90b2tlbiI7czo0MDoicVR0MHpXWFhYcEpudEZTUVpwdVp5MFIySUhWSGdneDhGTG9JcmJHZSI7czo5OiJfcHJldmlvdXMiO2E6MTp7czozOiJ1cmwiO3M6MjE6Imh0dHA6Ly8xMzkuNTkuMjUyLjEwMCI7fXM6NjoiX2ZsYXNoIjthOjI6e3M6Mzoib2xkIjthOjA6e31zOjM6Im5ldyI7YTowOnt9fX0=', 1773039411),
('f1FnD5j0ZftDJmTvBPUJHmrOAWwlrqTchjztrCdc', 4, '143.44.185.170', 'Mozilla/5.0 (Linux; Android 10; K) AppleWebKit/537.36 (KHTML, like Gecko) Chrome/145.0.0.0 Safari/537.36', 'YTo1OntzOjY6Il90b2tlbiI7czo0MDoiVnNqQkh6aDgyQWRvcThPSWhPUnBIaEswdE54a1M1ZUdTZ3hTbXNiQSI7czo2OiJfZmxhc2giO2E6Mjp7czozOiJvbGQiO2E6MDp7fXM6MzoibmV3IjthOjA6e319czozOiJ1cmwiO2E6MDp7fXM6OToiX3ByZXZpb3VzIjthOjE6e3M6MzoidXJsIjtzOjM3OiJodHRwOi8vMTM5LjU5LjI1Mi4xMDAva2lvc2svZGFzaGJvYXJkIjt9czo1MDoibG9naW5fd2ViXzU5YmEzNmFkZGMyYjJmOTQwMTU4MGYwMTRjN2Y1OGVhNGUzMDk4OWQiO2k6NDt9', 1773043220),
('F37kAU391vAVIRTK37NMZPgBUiGNp0rQahnFORiz', NULL, '170.64.221.200', 'Mozilla/5.0', 'YTozOntzOjY6Il90b2tlbiI7czo0MDoiSUVhMUJKeWhQVmxRaVQyWldJaEk0eW9meVBiOEVrZlN6MFdCVW9GSiI7czo5OiJfcHJldmlvdXMiO2E6MTp7czozOiJ1cmwiO3M6MjE6Imh0dHA6Ly8xMzkuNTkuMjUyLjEwMCI7fXM6NjoiX2ZsYXNoIjthOjI6e3M6Mzoib2xkIjthOjA6e31zOjM6Im5ldyI7YTowOnt9fX0=', 1773042249),
('fPp2uTFZTe6IbwzJCyCcs6sJA6Vxj3nx43Gcj0l8', NULL, '222.127.171.27', 'Mozilla/5.0 (Windows NT 10.0; Win64; x64) AppleWebKit/537.36 (KHTML, like Gecko) Chrome/145.0.0.0 Safari/537.36', 'YToyOntzOjY6Il90b2tlbiI7czo0MDoiQ091anpwRG5FbURGU2RFMXh3d1JBaDBFVHB3YTdIeHV2M3Zod2RuaSI7czo2OiJfZmxhc2giO2E6Mjp7czozOiJvbGQiO2E6MDp7fXM6MzoibmV3IjthOjA6e319fQ==', 1773042400),
('G2AH7sQHiGPe0qoJHFlWZ6jSzVh5ouJHTjNLbVu1', NULL, '143.44.185.170', 'Mozilla/5.0 (Windows NT 10.0; Win64; x64) AppleWebKit/537.36 (KHTML, like Gecko) Chrome/145.0.0.0 Safari/537.36', 'YToyOntzOjY6Il90b2tlbiI7czo0MDoiMGhpTXZuaHdHTFRiTnc4RTJueFZUUHVoR2Q1Y0hwQ2l0ZmV0RVZPbyI7czo2OiJfZmxhc2giO2E6Mjp7czozOiJvbGQiO2E6MDp7fXM6MzoibmV3IjthOjA6e319fQ==', 1773037605),
('GBLsy2SloLvrXn33MRWOIKjYusHRb1HmSy6IEjhc', NULL, '170.64.221.200', 'Mozilla/5.0 (Windows NT 10.0; Win64; x64) AppleWebKit/537.36', 'YTozOntzOjY6Il90b2tlbiI7czo0MDoiV1hXRXFneXpGQTNzTWNjaWE2NHNUbXZsVUlyQnFYUmJnZmh5bVl3YSI7czo5OiJfcHJldmlvdXMiO2E6MTp7czozOiJ1cmwiO3M6MjE6Imh0dHA6Ly8xMzkuNTkuMjUyLjEwMCI7fXM6NjoiX2ZsYXNoIjthOjI6e3M6Mzoib2xkIjthOjA6e31zOjM6Im5ldyI7YTowOnt9fX0=', 1773042239),
('h3jLOXyQwgLKnBgHVyKD7rb0B07N0oKljNscFSDy', 4, '49.145.211.174', 'Mozilla/5.0 (Linux; Android 10; K) AppleWebKit/537.36 (KHTML, like Gecko) Chrome/145.0.0.0 Safari/537.36', 'YTo1OntzOjY6Il90b2tlbiI7czo0MDoieHVKWThQSnFHNHh5WVpHNjJXT1pKMHRYazQ2YWJzWHlHbzF5WWR5UCI7czozOiJ1cmwiO2E6MDp7fXM6OToiX3ByZXZpb3VzIjthOjE6e3M6MzoidXJsIjtzOjM3OiJodHRwOi8vMTM5LjU5LjI1Mi4xMDAva2lvc2svZGFzaGJvYXJkIjt9czo2OiJfZmxhc2giO2E6Mjp7czozOiJvbGQiO2E6MDp7fXM6MzoibmV3IjthOjA6e319czo1MDoibG9naW5fd2ViXzU5YmEzNmFkZGMyYjJmOTQwMTU4MGYwMTRjN2Y1OGVhNGUzMDk4OWQiO2k6NDt9', 1773043022),
('HhRPMc4J7CE8IFGjoKjuKrnsYhCUnEp8UfV1qbpC', 21, '49.145.211.174', 'Mozilla/5.0 (Windows NT 10.0; Win64; x64) AppleWebKit/537.36 (KHTML, like Gecko) Chrome/145.0.0.0 Safari/537.36 Edg/145.0.0.0', 'YTo1OntzOjY6Il90b2tlbiI7czo0MDoiVWNLZW9MdmlqNXFDeUY1enhPN3FRMUxqNHE3QXZuZkp1b21qZnpIdCI7czo2OiJfZmxhc2giO2E6Mjp7czozOiJvbGQiO2E6MDp7fXM6MzoibmV3IjthOjA6e319czo5OiJfcHJldmlvdXMiO2E6MTp7czozOiJ1cmwiO3M6NTM6Imh0dHA6Ly8xMzkuNTkuMjUyLjEwMC9mcm9udGRlc2svZ3Vlc3QtdHJhbnNhY3Rpb24vMTM5Ijt9czo1MDoibG9naW5fd2ViXzU5YmEzNmFkZGMyYjJmOTQwMTU4MGYwMTRjN2Y1OGVhNGUzMDk4OWQiO2k6MjE7czoyMToicGFzc3dvcmRfaGFzaF9zYW5jdHVtIjtzOjYwOiIkMnkkMTAkeUZrSktTaWx1YUpvdHZGRXJINEZlT1VXS1FISWtIRzFvRXVtNFk0UW5mck10Umw3TjlkNTIiO30=', 1773043423),
('hQRU286CGiGcHhtDUfF9s0aV4j76yGuJfgQGEB2G', 6, '103.216.221.98', 'Mozilla/5.0 (Windows NT 10.0; Win64; x64) AppleWebKit/537.36 (KHTML, like Gecko) Chrome/145.0.0.0 Safari/537.36', 'YTo1OntzOjY6Il90b2tlbiI7czo0MDoia25ick5TWjMwWUZ2R29pSVhqNnFOSUFtZjl6Tk1qMnBjMXFXUGJZNiI7czo5OiJfcHJldmlvdXMiO2E6MTp7czozOiJ1cmwiO3M6NDQ6Imh0dHA6Ly8xMzkuNTkuMjUyLjEwMC9iYWNrLW9mZmljZS9yZXBvcnQtaHViIjt9czo2OiJfZmxhc2giO2E6Mjp7czozOiJvbGQiO2E6MDp7fXM6MzoibmV3IjthOjA6e319czo1MDoibG9naW5fd2ViXzU5YmEzNmFkZGMyYjJmOTQwMTU4MGYwMTRjN2Y1OGVhNGUzMDk4OWQiO2k6NjtzOjIxOiJwYXNzd29yZF9oYXNoX3NhbmN0dW0iO3M6NjA6IiQyeSQxMCRaenJzRjY4dldRU2FxSlFNaE94VkYud1EvWUZabmJLRDBFemZVRTIySXJZT0kuN2l2R0FUTyI7fQ==', 1773042493),
('IOlXZffPeZKJjpJftOinKp904LJIOqF9abB8Yyig', 2, '143.44.185.170', 'Mozilla/5.0 (Windows NT 10.0; Win64; x64) AppleWebKit/537.36 (KHTML, like Gecko) Chrome/145.0.0.0 Safari/537.36', 'YTo1OntzOjY6Il90b2tlbiI7czo0MDoibHlHN1VLaU5CUmRMdk1rOTc2Q2dyZ2p6aHluM0o4SUZ0d1pENjFvMyI7czo2OiJfZmxhc2giO2E6Mjp7czozOiJvbGQiO2E6MDp7fXM6MzoibmV3IjthOjA6e319czozOiJ1cmwiO2E6MDp7fXM6OToiX3ByZXZpb3VzIjthOjE6e3M6MzoidXJsIjtzOjQxOiJodHRwOi8vMTM5LjU5LjI1Mi4xMDAvYWRtaW4vcHJpb3JpdHktcm9vbSI7fXM6NTA6ImxvZ2luX3dlYl81OWJhMzZhZGRjMmIyZjk0MDE1ODBmMDE0YzdmNThlYTRlMzA5ODlkIjtpOjI7fQ==', 1773040866),
('kb9tTMpqYSXOAwcncivld7hkYaxsIvkuW2SNtOg5', NULL, '61.78.8.35', '', 'YTozOntzOjY6Il90b2tlbiI7czo0MDoiWm13ZHpOTUprZ1pvemxaYzE1NGhsTzBCZkY0aFk1SXlyRkN1cU1ieCI7czo5OiJfcHJldmlvdXMiO2E6MTp7czozOiJ1cmwiO3M6MjE6Imh0dHA6Ly8xMzkuNTkuMjUyLjEwMCI7fXM6NjoiX2ZsYXNoIjthOjI6e3M6Mzoib2xkIjthOjA6e31zOjM6Im5ldyI7YTowOnt9fX0=', 1773037602),
('kiDL87niFZiTquF4Td64yM782KN5QKRWTaY1yy3Y', 19, '49.145.211.174', 'Mozilla/5.0 (Linux; Android 10; K) AppleWebKit/537.36 (KHTML, like Gecko) Chrome/145.0.0.0 Mobile Safari/537.36', 'YTo1OntzOjY6Il90b2tlbiI7czo0MDoiSlNkVlhncEQ2cERlTVhNNTFjdVREa3k2bkZPOWZBVENQZXF2VUpuVyI7czo5OiJfcHJldmlvdXMiO2E6MTp7czozOiJ1cmwiO3M6Mzk6Imh0dHA6Ly8xMzkuNTkuMjUyLjEwMC9yb29tYm95L2Rhc2hib2FyZCI7fXM6NjoiX2ZsYXNoIjthOjI6e3M6Mzoib2xkIjthOjA6e31zOjM6Im5ldyI7YTowOnt9fXM6NTA6ImxvZ2luX3dlYl81OWJhMzZhZGRjMmIyZjk0MDE1ODBmMDE0YzdmNThlYTRlMzA5ODlkIjtpOjE5O3M6MjE6InBhc3N3b3JkX2hhc2hfc2FuY3R1bSI7czo2MDoiJDJ5JDEwJFg1ZGxSNHU1b0VoRXdCdFlGM24wWC4zaG5xSmxnb0ouYnBBOEd5OWZ0Z1pFbkRjMXFQZ0lDIjt9', 1773036350),
('kz6Wg9h2nNjDgDBb3QSKabXHaBtYgE9kKXQLu5wX', 18, '180.190.45.170', 'Mozilla/5.0 (Linux; Android 10; K) AppleWebKit/537.36 (KHTML, like Gecko) Chrome/145.0.0.0 Mobile Safari/537.36', 'YTo1OntzOjY6Il90b2tlbiI7czo0MDoiVUgyZkxhM0ZNTE5aUFF3ODNYTjNmQWJrOEVLcGl1RVM5U3ZnU0t5ViI7czo5OiJfcHJldmlvdXMiO2E6MTp7czozOiJ1cmwiO3M6Mzk6Imh0dHA6Ly8xMzkuNTkuMjUyLjEwMC9yb29tYm95L2Rhc2hib2FyZCI7fXM6NjoiX2ZsYXNoIjthOjI6e3M6Mzoib2xkIjthOjA6e31zOjM6Im5ldyI7YTowOnt9fXM6NTA6ImxvZ2luX3dlYl81OWJhMzZhZGRjMmIyZjk0MDE1ODBmMDE0YzdmNThlYTRlMzA5ODlkIjtpOjE4O3M6MjE6InBhc3N3b3JkX2hhc2hfc2FuY3R1bSI7czo2MDoiJDJ5JDEwJGdQS3FGdjY5OVRPVW12Vy5jRXN4Ni5HYzdjUjVRSDBQV091RHl3cmkxaUM5a2hkRGxlLnBXIjt9', 1773040214),
('MgXFiq1dXj992tp24tg24uggkjVuU9cZ8Ix1BJuN', 6, '49.149.37.236', 'Mozilla/5.0 (Windows NT 10.0; Win64; x64) AppleWebKit/537.36 (KHTML, like Gecko) Chrome/145.0.0.0 Safari/537.36 Edg/145.0.0.0', 'YTo1OntzOjY6Il90b2tlbiI7czo0MDoia3hveXRJckpoVkUyeXlpN2hOSVFVZHRYdWQ5aTZiZmQwRXdHQTNtbSI7czo5OiJfcHJldmlvdXMiO2E6MTp7czozOiJ1cmwiO3M6NDQ6Imh0dHA6Ly8xMzkuNTkuMjUyLjEwMC9iYWNrLW9mZmljZS9yZXBvcnQtaHViIjt9czo2OiJfZmxhc2giO2E6Mjp7czozOiJvbGQiO2E6MDp7fXM6MzoibmV3IjthOjA6e319czo1MDoibG9naW5fd2ViXzU5YmEzNmFkZGMyYjJmOTQwMTU4MGYwMTRjN2Y1OGVhNGUzMDk4OWQiO2k6NjtzOjIxOiJwYXNzd29yZF9oYXNoX3NhbmN0dW0iO3M6NjA6IiQyeSQxMCRaenJzRjY4dldRU2FxSlFNaE94VkYud1EvWUZabmJLRDBFemZVRTIySXJZT0kuN2l2R0FUTyI7fQ==', 1773036421),
('N98NLSxAoW9z4xlJpmwtXAjNeJEGPB4HY10yGIk3', NULL, '43.200.46.150', 'Go-http-client/1.1', 'YTozOntzOjY6Il90b2tlbiI7czo0MDoiSWJ1SGVCRnF4VDFvamJOT0hrOGlHWmFZemNUWHNGcUhoOE1hTWxrUSI7czo5OiJfcHJldmlvdXMiO2E6MTp7czozOiJ1cmwiO3M6MjE6Imh0dHA6Ly8xMzkuNTkuMjUyLjEwMCI7fXM6NjoiX2ZsYXNoIjthOjI6e3M6Mzoib2xkIjthOjA6e31zOjM6Im5ldyI7YTowOnt9fX0=', 1773037807),
('Q9GiLx4wBLirkDJD89wu2MzJvYNdDqaJR4BqHzCO', NULL, '222.127.171.27', 'Mozilla/5.0 (Windows NT 10.0; Win64; x64) AppleWebKit/537.36 (KHTML, like Gecko) Chrome/145.0.0.0 Safari/537.36', 'YTozOntzOjY6Il90b2tlbiI7czo0MDoicTNrUzR6WlpBcFVlZERJNlJhekVUOHk0a0oyRGVTWWVoczY1S0FVNCI7czo2OiJfZmxhc2giO2E6Mjp7czozOiJvbGQiO2E6MDp7fXM6MzoibmV3IjthOjA6e319czo5OiJfcHJldmlvdXMiO2E6MTp7czozOiJ1cmwiO3M6Mjc6Imh0dHA6Ly8xMzkuNTkuMjUyLjEwMC9sb2dpbiI7fX0=', 1773043393),
('Qn6U0gr7JmnAYyfgm5bSTdTBAgCD0Q9hFvD3ZeEH', NULL, '170.64.221.200', 'Mozilla/5.0 (Windows NT 10.0; Win64; x64) AppleWebKit/537.36 (KHTML, like Gecko) Chrome/91.0.4472.124 Safari/537.36', 'YTozOntzOjY6Il90b2tlbiI7czo0MDoicHRnY2hZeklhUFU0bkprNTVBYTJPMGNkdzdNcUVBUU0waUU0Rm5iViI7czo5OiJfcHJldmlvdXMiO2E6MTp7czozOiJ1cmwiO3M6MjE6Imh0dHA6Ly8xMzkuNTkuMjUyLjEwMCI7fXM6NjoiX2ZsYXNoIjthOjI6e3M6Mzoib2xkIjthOjA6e31zOjM6Im5ldyI7YTowOnt9fX0=', 1773042246),
('RJJunCi1OoGUOAPbSJiklYAQT83nZLszk0p5dMCH', 6, '49.149.37.236', 'Mozilla/5.0 (Macintosh; Intel Mac OS X 10_15_7) AppleWebKit/605.1.15 (KHTML, like Gecko) Version/26.2 Safari/605.1.15', 'YTo1OntzOjY6Il90b2tlbiI7czo0MDoiMXRsdnEyRXQydmFMVG5qbGlYOVY5R2trT1ExanU4clhSV0UzZm5OViI7czo5OiJfcHJldmlvdXMiO2E6MTp7czozOiJ1cmwiO3M6NDQ6Imh0dHA6Ly8xMzkuNTkuMjUyLjEwMC9iYWNrLW9mZmljZS9yZXBvcnQtaHViIjt9czo2OiJfZmxhc2giO2E6Mjp7czozOiJvbGQiO2E6MDp7fXM6MzoibmV3IjthOjA6e319czo1MDoibG9naW5fd2ViXzU5YmEzNmFkZGMyYjJmOTQwMTU4MGYwMTRjN2Y1OGVhNGUzMDk4OWQiO2k6NjtzOjIxOiJwYXNzd29yZF9oYXNoX3NhbmN0dW0iO3M6NjA6IiQyeSQxMCRaenJzRjY4dldRU2FxSlFNaE94VkYud1EvWUZabmJLRDBFemZVRTIySXJZT0kuN2l2R0FUTyI7fQ==', 1773042103),
('Sa1WQojAZ7KcOLCUoMpnRQqyuyFKwHNnJ4h7bM4g', 6, '103.216.221.98', 'Mozilla/5.0 (Windows NT 10.0; Win64; x64) AppleWebKit/537.36 (KHTML, like Gecko) Chrome/145.0.0.0 Safari/537.36', 'YTo1OntzOjY6Il90b2tlbiI7czo0MDoiZVlUWm9nY0pVamFqeWszRzliNk00eUpLSDJSN0xrUEhxWjNKSFh4aCI7czo5OiJfcHJldmlvdXMiO2E6MTp7czozOiJ1cmwiO3M6NDQ6Imh0dHA6Ly8xMzkuNTkuMjUyLjEwMC9iYWNrLW9mZmljZS9yZXBvcnQtaHViIjt9czo2OiJfZmxhc2giO2E6Mjp7czozOiJvbGQiO2E6MDp7fXM6MzoibmV3IjthOjA6e319czo1MDoibG9naW5fd2ViXzU5YmEzNmFkZGMyYjJmOTQwMTU4MGYwMTRjN2Y1OGVhNGUzMDk4OWQiO2k6NjtzOjIxOiJwYXNzd29yZF9oYXNoX3NhbmN0dW0iO3M6NjA6IiQyeSQxMCRaenJzRjY4dldRU2FxSlFNaE94VkYud1EvWUZabmJLRDBFemZVRTIySXJZT0kuN2l2R0FUTyI7fQ==', 1773042277),
('VFRdbJsaUS8p9wnmIgaMukIPOU3Dq52MI5HB5t9M', NULL, '170.64.221.200', 'Mozilla/5.0 (Windows NT 10.0; Win64; x64) AppleWebKit/537.36 (KHTML, like Gecko) Chrome/91.0.4472.124 Safari/537.36', 'YTozOntzOjY6Il90b2tlbiI7czo0MDoiNXp0TzNvNWxYcThVTTV2QmJvMTRoWEVUVTNQMmZwRjltalhuMXVqdSI7czo5OiJfcHJldmlvdXMiO2E6MTp7czozOiJ1cmwiO3M6MjE6Imh0dHA6Ly8xMzkuNTkuMjUyLjEwMCI7fXM6NjoiX2ZsYXNoIjthOjI6e3M6Mzoib2xkIjthOjA6e31zOjM6Im5ldyI7YTowOnt9fX0=', 1773042244),
('wvMIH9doMhHpEtim1xHaT0DF5x47sk5LLO9pn8Ws', 10, '143.44.185.170', 'Mozilla/5.0 (Windows NT 10.0; Win64; x64) AppleWebKit/537.36 (KHTML, like Gecko) Chrome/140.0.0.0 Safari/537.36 Edg/140.0.0.0', 'YTo1OntzOjY6Il90b2tlbiI7czo0MDoiZGFVUGFBYWN4bndrdmhIWFFpV3FGdTVPNGxjTlJEMmRMdFRmUTdYTiI7czo5OiJfcHJldmlvdXMiO2E6MTp7czozOiJ1cmwiO3M6Mzk6Imh0dHA6Ly8xMzkuNTkuMjUyLjEwMC9yb29tYm95L2Rhc2hib2FyZCI7fXM6NjoiX2ZsYXNoIjthOjI6e3M6Mzoib2xkIjthOjA6e31zOjM6Im5ldyI7YTowOnt9fXM6NTA6ImxvZ2luX3dlYl81OWJhMzZhZGRjMmIyZjk0MDE1ODBmMDE0YzdmNThlYTRlMzA5ODlkIjtpOjEwO3M6MjE6InBhc3N3b3JkX2hhc2hfc2FuY3R1bSI7czo2MDoiJDJ5JDEwJFdMcVVobkJnOHhOcDVpRy9FblZkLk9pdUxpbmVDdWR1SEI3U0hZb3pLa1V0V3RDTk1nemhHIjt9', 1773043423),
('wW2a8lvXycZvJCLnrEMuSrsciSW4YYgT7EJDJUwN', NULL, '43.133.187.11', 'Mozilla/5.0 (iPhone; CPU iPhone OS 13_2_3 like Mac OS X) AppleWebKit/605.1.15 (KHTML, like Gecko) Version/13.0.3 Mobile/15E148 Safari/604.1', 'YTozOntzOjY6Il90b2tlbiI7czo0MDoieEczdndESmQyMU1TazVxaDZTM0tYaHZPazFVVjJLaVI2bE5uOFpIOSI7czo5OiJfcHJldmlvdXMiO2E6MTp7czozOiJ1cmwiO3M6MjE6Imh0dHA6Ly8xMzkuNTkuMjUyLjEwMCI7fXM6NjoiX2ZsYXNoIjthOjI6e3M6Mzoib2xkIjthOjA6e31zOjM6Im5ldyI7YTowOnt9fX0=', 1773039708),
('YkP0i8GRbZIRAJZCdVachUi0dgaSemg0MnHfgdZm', 20, '49.145.211.174', 'Mozilla/5.0 (iPhone; CPU iPhone OS 18_7 like Mac OS X) AppleWebKit/605.1.15 (KHTML, like Gecko) Version/26.3 Mobile/15E148 Safari/604.1', 'YTo1OntzOjY6Il90b2tlbiI7czo0MDoiR0l4clQ5Z3FwNHRON1FSMDAzNjF2aEVMem03OUVBWm9HM1dOSWFQYiI7czo2OiJfZmxhc2giO2E6Mjp7czozOiJvbGQiO2E6MDp7fXM6MzoibmV3IjthOjA6e319czo5OiJfcHJldmlvdXMiO2E6MTp7czozOiJ1cmwiO3M6Mzk6Imh0dHA6Ly8xMzkuNTkuMjUyLjEwMC9yb29tYm95L2Rhc2hib2FyZCI7fXM6NTA6ImxvZ2luX3dlYl81OWJhMzZhZGRjMmIyZjk0MDE1ODBmMDE0YzdmNThlYTRlMzA5ODlkIjtpOjIwO3M6MjE6InBhc3N3b3JkX2hhc2hfc2FuY3R1bSI7czo2MDoiJDJ5JDEwJHlOQUQzUmF4M2NJT0pMRGNZRzNkcC5hTjI2Slp0ekszbXJKYzJpOG9UVEZESS9wTkhEeHIyIjt9', 1773038262),
('z0Vp7dZrtsynPHIPxM4yC1QzggLk9pdDjl300upR', NULL, '170.64.221.200', 'Mozilla/5.0 (Windows NT 10.0; Win64; x64) AppleWebKit/537.36', 'YTozOntzOjY6Il90b2tlbiI7czo0MDoiSzdCMXNNQlc5RTZRekhhaHRVb1N0bE1RSTFlTUNjTVcwWjBLQnNBWSI7czo5OiJfcHJldmlvdXMiO2E6MTp7czozOiJ1cmwiO3M6MjE6Imh0dHA6Ly8xMzkuNTkuMjUyLjEwMCI7fXM6NjoiX2ZsYXNoIjthOjI6e3M6Mzoib2xkIjthOjA6e31zOjM6Im5ldyI7YTowOnt9fX0=', 1773042241);

INSERT INTO `shift_logs` (`id`, `frontdesk_id`, `cash_drawer_id`, `beginning_cash`, `end_cash`, `description`, `total_expenses`, `total_remittances`, `time_in`, `time_out`, `frontdesk_ids`, `shift`, `created_at`, `updated_at`) VALUES
(1, 9, 1, '1.00', '45716.00', NULL, '0.00', '0.00', '2026-03-08 20:03:41', '2026-03-09 07:27:16', '[2, \"N/A\"]', 'PM', '2026-03-08 20:03:41', '2026-03-09 07:27:16');
INSERT INTO `shift_logs` (`id`, `frontdesk_id`, `cash_drawer_id`, `beginning_cash`, `end_cash`, `description`, `total_expenses`, `total_remittances`, `time_in`, `time_out`, `frontdesk_ids`, `shift`, `created_at`, `updated_at`) VALUES
(2, 21, 1, '45716.00', '0.00', NULL, '0.00', '0.00', '2026-03-09 07:28:20', NULL, '[3, \"N/A\"]', 'PM', '2026-03-09 07:28:20', '2026-03-09 07:29:41');


INSERT INTO `stay_extensions` (`id`, `guest_id`, `extension_id`, `hours`, `amount`, `frontdesk_ids`, `created_at`, `updated_at`) VALUES
(1, 26, 1, '6', '112', '\"[2,\\\"N\\\\/A\\\"]\"', '2026-03-09 02:34:21', '2026-03-09 02:34:21');
INSERT INTO `stay_extensions` (`id`, `guest_id`, `extension_id`, `hours`, `amount`, `frontdesk_ids`, `created_at`, `updated_at`) VALUES
(2, 48, 1, '6', '112', '\"[2,\\\"N\\\\/A\\\"]\"', '2026-03-09 04:10:26', '2026-03-09 04:10:26');
INSERT INTO `stay_extensions` (`id`, `guest_id`, `extension_id`, `hours`, `amount`, `frontdesk_ids`, `created_at`, `updated_at`) VALUES
(3, 49, 1, '6', '112', '\"[2,\\\"N\\\\/A\\\"]\"', '2026-03-09 04:11:03', '2026-03-09 04:11:03');
INSERT INTO `stay_extensions` (`id`, `guest_id`, `extension_id`, `hours`, `amount`, `frontdesk_ids`, `created_at`, `updated_at`) VALUES
(4, 67, 1, '6', '112', '\"[2,\\\"N\\\\/A\\\"]\"', '2026-03-09 05:45:56', '2026-03-09 05:45:56'),
(5, 62, 1, '6', '112', '\"[2,\\\"N\\\\/A\\\"]\"', '2026-03-09 06:16:07', '2026-03-09 06:16:07'),
(6, 75, 1, '6', '112', '\"[3,\\\"N\\\\/A\\\"]\"', '2026-03-09 07:33:02', '2026-03-09 07:33:02'),
(7, 5, 1, '6', '112', '\"[3,\\\"N\\\\/A\\\"]\"', '2026-03-09 07:56:03', '2026-03-09 07:56:03'),
(8, 8, 1, '6', '112', '\"[3,\\\"N\\\\/A\\\"]\"', '2026-03-09 07:57:46', '2026-03-09 07:57:46'),
(9, 17, 2, '12', '224', '\"[3,\\\"N\\\\/A\\\"]\"', '2026-03-09 08:29:29', '2026-03-09 08:29:29'),
(10, 41, 1, '6', '112', '\"[3,\\\"N\\\\/A\\\"]\"', '2026-03-09 09:55:06', '2026-03-09 09:55:06'),
(11, 89, 1, '6', '112', '\"[3,\\\"N\\\\/A\\\"]\"', '2026-03-09 10:18:24', '2026-03-09 10:18:24'),
(12, 70, 1, '6', '112', '\"[3,\\\"N\\\\/A\\\"]\"', '2026-03-09 10:25:31', '2026-03-09 10:25:31'),
(13, 51, 1, '6', '112', '\"[3,\\\"N\\\\/A\\\"]\"', '2026-03-09 11:20:51', '2026-03-09 11:20:51'),
(14, 75, 1, '6', '112', '\"[3,\\\"N\\\\/A\\\"]\"', '2026-03-09 13:26:38', '2026-03-09 13:26:38'),
(15, 104, 1, '6', '112', '\"[3,\\\"N\\\\/A\\\"]\"', '2026-03-09 15:01:07', '2026-03-09 15:01:07'),
(16, 5, 1, '6', '112', '\"[3,\\\"N\\\\/A\\\"]\"', '2026-03-09 15:03:37', '2026-03-09 15:03:37'),
(17, 13, 4, '24', '616', '\"[3,\\\"N\\\\/A\\\"]\"', '2026-03-09 15:24:47', '2026-03-09 15:24:47');

INSERT INTO `staying_hours` (`id`, `branch_id`, `number`, `created_at`, `updated_at`) VALUES
(1, 1, 6, '2026-03-08 20:01:59', '2026-03-08 20:01:59');
INSERT INTO `staying_hours` (`id`, `branch_id`, `number`, `created_at`, `updated_at`) VALUES
(2, 1, 12, '2026-03-08 20:01:59', '2026-03-08 20:01:59');
INSERT INTO `staying_hours` (`id`, `branch_id`, `number`, `created_at`, `updated_at`) VALUES
(3, 1, 18, '2026-03-08 20:01:59', '2026-03-08 20:01:59');
INSERT INTO `staying_hours` (`id`, `branch_id`, `number`, `created_at`, `updated_at`) VALUES
(4, 1, 24, '2026-03-08 20:01:59', '2026-03-08 20:01:59');





INSERT INTO `transaction_types` (`id`, `name`, `position`, `created_at`, `updated_at`) VALUES
(1, 'Check In', '1', '2026-03-08 20:01:59', '2026-03-08 20:01:59');
INSERT INTO `transaction_types` (`id`, `name`, `position`, `created_at`, `updated_at`) VALUES
(2, 'Deposit', '2', '2026-03-08 20:01:59', '2026-03-08 20:01:59');
INSERT INTO `transaction_types` (`id`, `name`, `position`, `created_at`, `updated_at`) VALUES
(3, 'Kitchen Order', '3', '2026-03-08 20:01:59', '2026-03-08 20:01:59');
INSERT INTO `transaction_types` (`id`, `name`, `position`, `created_at`, `updated_at`) VALUES
(4, 'Damage Charges', '4', '2026-03-08 20:01:59', '2026-03-08 20:01:59'),
(5, 'Cashout', '5', '2026-03-08 20:01:59', '2026-03-08 20:01:59'),
(6, 'Extend', '6', '2026-03-08 20:01:59', '2026-03-08 20:01:59'),
(7, 'Transfer Room', '7', '2026-03-08 20:01:59', '2026-03-08 20:01:59'),
(8, 'Amenities', '8', '2026-03-08 20:02:00', '2026-03-08 20:02:00'),
(9, 'Food and Beverages', '8', '2026-03-08 20:02:00', '2026-03-08 20:02:00');

INSERT INTO `transactions` (`id`, `branch_id`, `shift_log_id`, `checkin_detail_id`, `cash_drawer_id`, `room_id`, `guest_id`, `floor_id`, `transaction_type_id`, `assigned_frontdesk_id`, `description`, `payable_amount`, `paid_amount`, `change_amount`, `deposit_amount`, `paid_at`, `override_at`, `remarks`, `transfer_reason_id`, `is_co`, `shift`, `is_override`, `created_at`, `updated_at`) VALUES
(1, 1, 1, 1, 1, 84, 1, 2, 1, '\"[2,\\\"N\\\\/A\\\"]\"', 'Guest Check In', 392, 592, 0, 0, '2026-03-08 20:05:49', NULL, 'Guest Checked In at room #101', NULL, 0, 'PM', 0, '2026-03-08 20:05:49', '2026-03-08 20:05:49');
INSERT INTO `transactions` (`id`, `branch_id`, `shift_log_id`, `checkin_detail_id`, `cash_drawer_id`, `room_id`, `guest_id`, `floor_id`, `transaction_type_id`, `assigned_frontdesk_id`, `description`, `payable_amount`, `paid_amount`, `change_amount`, `deposit_amount`, `paid_at`, `override_at`, `remarks`, `transfer_reason_id`, `is_co`, `shift`, `is_override`, `created_at`, `updated_at`) VALUES
(2, 1, 1, 1, 1, 84, 1, 2, 2, '\"[2,\\\"N\\\\/A\\\"]\"', 'Deposit', 200, 592, 0, 200, '2026-03-08 20:05:49', NULL, 'Deposit From Check In (Room Key & TV Remote)', NULL, 0, 'PM', 0, '2026-03-08 20:05:49', '2026-03-08 20:05:49');
INSERT INTO `transactions` (`id`, `branch_id`, `shift_log_id`, `checkin_detail_id`, `cash_drawer_id`, `room_id`, `guest_id`, `floor_id`, `transaction_type_id`, `assigned_frontdesk_id`, `description`, `payable_amount`, `paid_amount`, `change_amount`, `deposit_amount`, `paid_at`, `override_at`, `remarks`, `transfer_reason_id`, `is_co`, `shift`, `is_override`, `created_at`, `updated_at`) VALUES
(3, 1, 1, 2, 1, 14, 2, 1, 1, '\"[2,\\\"N\\\\/A\\\"]\"', 'Guest Check In', 672, 875, 3, 0, '2026-03-08 20:11:33', NULL, 'Guest Checked In at room #15', NULL, 0, 'PM', 0, '2026-03-08 20:11:33', '2026-03-08 20:11:33');
INSERT INTO `transactions` (`id`, `branch_id`, `shift_log_id`, `checkin_detail_id`, `cash_drawer_id`, `room_id`, `guest_id`, `floor_id`, `transaction_type_id`, `assigned_frontdesk_id`, `description`, `payable_amount`, `paid_amount`, `change_amount`, `deposit_amount`, `paid_at`, `override_at`, `remarks`, `transfer_reason_id`, `is_co`, `shift`, `is_override`, `created_at`, `updated_at`) VALUES
(4, 1, 1, 2, 1, 14, 2, 1, 2, '\"[2,\\\"N\\\\/A\\\"]\"', 'Deposit', 200, 875, 3, 200, '2026-03-08 20:11:33', NULL, 'Deposit From Check In (Room Key & TV Remote)', NULL, 0, 'PM', 0, '2026-03-08 20:11:33', '2026-03-08 20:11:33'),
(5, 1, 1, 2, 1, 14, 2, 1, 2, '\"[2,\\\"N\\\\/A\\\"]\"', 'Deposit', 3, 875, 0, 3, '2026-03-08 20:11:33', NULL, 'Deposit From Check In (Excess Amount)', NULL, 0, 'PM', 0, '2026-03-08 20:11:33', '2026-03-08 20:11:33'),
(6, 1, 1, 3, 1, 178, 3, 4, 1, '\"[2,\\\"N\\\\/A\\\"]\"', 'Guest Check In', 336, 550, 14, 0, '2026-03-08 20:14:57', NULL, 'Guest Checked In at room #4C', NULL, 0, 'PM', 0, '2026-03-08 20:14:57', '2026-03-08 20:14:57'),
(7, 1, 1, 3, 1, 178, 3, 4, 2, '\"[2,\\\"N\\\\/A\\\"]\"', 'Deposit', 200, 550, 14, 200, '2026-03-08 20:14:57', NULL, 'Deposit From Check In (Room Key & TV Remote)', NULL, 0, 'PM', 0, '2026-03-08 20:14:57', '2026-03-08 20:14:57'),
(8, 1, 1, 3, 1, 178, 3, 4, 2, '\"[2,\\\"N\\\\/A\\\"]\"', 'Deposit', 14, 550, 0, 14, '2026-03-08 20:14:57', NULL, 'Deposit From Check In (Excess Amount)', NULL, 0, 'PM', 0, '2026-03-08 20:14:57', '2026-03-08 20:14:57'),
(9, 1, 1, 4, 1, 132, 4, 3, 1, '\"[2,\\\"N\\\\/A\\\"]\"', 'Guest Check In', 336, 550, 14, 0, '2026-03-08 20:23:04', NULL, 'Guest Checked In at room #3F', NULL, 0, 'PM', 0, '2026-03-08 20:23:04', '2026-03-08 20:23:04'),
(10, 1, 1, 4, 1, 132, 4, 3, 2, '\"[2,\\\"N\\\\/A\\\"]\"', 'Deposit', 200, 550, 14, 200, '2026-03-08 20:23:04', NULL, 'Deposit From Check In (Room Key & TV Remote)', NULL, 0, 'PM', 0, '2026-03-08 20:23:04', '2026-03-08 20:23:04'),
(11, 1, 1, 4, 1, 132, 4, 3, 2, '\"[2,\\\"N\\\\/A\\\"]\"', 'Deposit', 14, 550, 0, 14, '2026-03-08 20:23:04', NULL, 'Deposit From Check In (Excess Amount)', NULL, 0, 'PM', 0, '2026-03-08 20:23:04', '2026-03-08 20:23:04'),
(12, 1, 1, 5, 1, 167, 5, 4, 1, '\"[2,\\\"N\\\\/A\\\"]\"', 'Guest Check In', 392, 600, 8, 0, '2026-03-08 20:24:16', NULL, 'Guest Checked In at room #234', NULL, 0, 'PM', 0, '2026-03-08 20:24:16', '2026-03-08 20:24:16'),
(13, 1, 1, 5, 1, 167, 5, 4, 2, '\"[2,\\\"N\\\\/A\\\"]\"', 'Deposit', 200, 600, 8, 200, '2026-03-08 20:24:16', NULL, 'Deposit From Check In (Room Key & TV Remote)', NULL, 0, 'PM', 0, '2026-03-08 20:24:16', '2026-03-08 20:24:16'),
(14, 1, 1, 5, 1, 167, 5, 4, 2, '\"[2,\\\"N\\\\/A\\\"]\"', 'Deposit', 8, 600, 0, 8, '2026-03-08 20:24:16', NULL, 'Deposit From Check In (Excess Amount)', NULL, 0, 'PM', 0, '2026-03-08 20:24:16', '2026-03-08 20:24:16'),
(15, 1, 1, 6, 1, 43, 6, 2, 1, '\"[2,\\\"N\\\\/A\\\"]\"', 'Guest Check In', 392, 600, 8, 0, '2026-03-08 20:24:48', NULL, 'Guest Checked In at room #60', NULL, 0, 'PM', 0, '2026-03-08 20:24:48', '2026-03-08 20:24:48'),
(16, 1, 1, 6, 1, 43, 6, 2, 2, '\"[2,\\\"N\\\\/A\\\"]\"', 'Deposit', 200, 600, 8, 200, '2026-03-08 20:24:48', NULL, 'Deposit From Check In (Room Key & TV Remote)', NULL, 0, 'PM', 0, '2026-03-08 20:24:48', '2026-03-08 20:24:48'),
(17, 1, 1, 6, 1, 43, 6, 2, 2, '\"[2,\\\"N\\\\/A\\\"]\"', 'Deposit', 8, 600, 0, 8, '2026-03-08 20:24:48', NULL, 'Deposit From Check In (Excess Amount)', NULL, 0, 'PM', 0, '2026-03-08 20:24:48', '2026-03-08 20:24:48'),
(18, 1, 1, 7, 1, 1, 7, 1, 1, '\"[2,\\\"N\\\\/A\\\"]\"', 'Guest Check In', 392, 598, 6, 0, '2026-03-08 20:28:17', NULL, 'Guest Checked In at room #1', NULL, 0, 'PM', 0, '2026-03-08 20:28:17', '2026-03-08 20:28:17'),
(19, 1, 1, 7, 1, 1, 7, 1, 2, '\"[2,\\\"N\\\\/A\\\"]\"', 'Deposit', 200, 598, 6, 200, '2026-03-08 20:28:17', NULL, 'Deposit From Check In (Room Key & TV Remote)', NULL, 0, 'PM', 0, '2026-03-08 20:28:17', '2026-03-08 20:28:17'),
(20, 1, 1, 7, 1, 1, 7, 1, 2, '\"[2,\\\"N\\\\/A\\\"]\"', 'Deposit', 6, 598, 0, 6, '2026-03-08 20:28:17', NULL, 'Deposit From Check In (Excess Amount)', NULL, 0, 'PM', 0, '2026-03-08 20:28:17', '2026-03-08 20:28:17'),
(21, 1, 1, 8, 1, 19, 8, 1, 1, '\"[2,\\\"N\\\\/A\\\"]\"', 'Guest Check In', 392, 600, 8, 0, '2026-03-08 20:30:40', NULL, 'Guest Checked In at room #20', NULL, 0, 'PM', 0, '2026-03-08 20:30:40', '2026-03-08 20:30:40'),
(22, 1, 1, 8, 1, 19, 8, 1, 2, '\"[2,\\\"N\\\\/A\\\"]\"', 'Deposit', 200, 600, 8, 200, '2026-03-08 20:30:40', NULL, 'Deposit From Check In (Room Key & TV Remote)', NULL, 0, 'PM', 0, '2026-03-08 20:30:40', '2026-03-08 20:30:40'),
(23, 1, 1, 8, 1, 19, 8, 1, 2, '\"[2,\\\"N\\\\/A\\\"]\"', 'Deposit', 8, 600, 0, 8, '2026-03-08 20:30:40', NULL, 'Deposit From Check In (Excess Amount)', NULL, 0, 'PM', 0, '2026-03-08 20:30:40', '2026-03-08 20:30:40'),
(24, 1, 1, 9, 1, 12, 9, 1, 1, '\"[2,\\\"N\\\\/A\\\"]\"', 'Guest Check In', 392, 600, 8, 0, '2026-03-08 20:31:17', NULL, 'Guest Checked In at room #12', NULL, 0, 'PM', 0, '2026-03-08 20:31:17', '2026-03-08 20:31:17'),
(25, 1, 1, 9, 1, 12, 9, 1, 2, '\"[2,\\\"N\\\\/A\\\"]\"', 'Deposit', 200, 600, 8, 200, '2026-03-08 20:31:17', NULL, 'Deposit From Check In (Room Key & TV Remote)', NULL, 0, 'PM', 0, '2026-03-08 20:31:17', '2026-03-08 20:31:17'),
(26, 1, 1, 9, 1, 12, 9, 1, 2, '\"[2,\\\"N\\\\/A\\\"]\"', 'Deposit', 8, 600, 0, 8, '2026-03-08 20:31:17', NULL, 'Deposit From Check In (Excess Amount)', NULL, 0, 'PM', 0, '2026-03-08 20:31:17', '2026-03-08 20:31:17'),
(27, 1, 1, 10, 1, 58, 10, 2, 1, '\"[2,\\\"N\\\\/A\\\"]\"', 'Guest Check In', 616, 1000, 184, 0, '2026-03-08 20:32:05', NULL, 'Guest Checked In at room #75', NULL, 0, 'PM', 0, '2026-03-08 20:32:05', '2026-03-08 20:32:05'),
(28, 1, 1, 10, 1, 58, 10, 2, 2, '\"[2,\\\"N\\\\/A\\\"]\"', 'Deposit', 200, 1000, 184, 200, '2026-03-08 20:32:05', NULL, 'Deposit From Check In (Room Key & TV Remote)', NULL, 0, 'PM', 0, '2026-03-08 20:32:05', '2026-03-08 20:32:05'),
(29, 1, 1, 10, 1, 58, 10, 2, 2, '\"[2,\\\"N\\\\/A\\\"]\"', 'Deposit', 184, 1000, 0, 184, '2026-03-08 20:32:05', NULL, 'Deposit From Check In (Excess Amount)', NULL, 0, 'PM', 0, '2026-03-08 20:32:05', '2026-03-08 20:32:05'),
(30, 1, 1, 11, 1, 3, 11, 1, 1, '\"[2,\\\"N\\\\/A\\\"]\"', 'Guest Check In', 392, 600, 8, 0, '2026-03-08 20:36:12', NULL, 'Guest Checked In at room #3', NULL, 0, 'PM', 0, '2026-03-08 20:36:12', '2026-03-08 20:36:12'),
(31, 1, 1, 11, 1, 3, 11, 1, 2, '\"[2,\\\"N\\\\/A\\\"]\"', 'Deposit', 200, 600, 8, 200, '2026-03-08 20:36:12', NULL, 'Deposit From Check In (Room Key & TV Remote)', NULL, 0, 'PM', 0, '2026-03-08 20:36:12', '2026-03-08 20:36:12'),
(32, 1, 1, 11, 1, 3, 11, 1, 2, '\"[2,\\\"N\\\\/A\\\"]\"', 'Deposit', 8, 600, 0, 8, '2026-03-08 20:36:12', NULL, 'Deposit From Check In (Excess Amount)', NULL, 0, 'PM', 0, '2026-03-08 20:36:12', '2026-03-08 20:36:12'),
(33, 1, 1, 12, 1, 8, 14, 1, 1, '\"[2,\\\"N\\\\/A\\\"]\"', 'Guest Check In', 392, 1000, 408, 0, '2026-03-08 20:46:55', NULL, 'Guest Checked In at room #8', NULL, 0, 'PM', 0, '2026-03-08 20:46:55', '2026-03-08 20:46:55'),
(34, 1, 1, 12, 1, 8, 14, 1, 2, '\"[2,\\\"N\\\\/A\\\"]\"', 'Deposit', 200, 1000, 408, 200, '2026-03-08 20:46:55', NULL, 'Deposit From Check In (Room Key & TV Remote)', NULL, 0, 'PM', 0, '2026-03-08 20:46:55', '2026-03-08 20:46:55'),
(35, 1, 1, 12, 1, 8, 14, 1, 2, '\"[2,\\\"N\\\\/A\\\"]\"', 'Deposit', 408, 1000, 0, 408, '2026-03-08 20:46:55', NULL, 'Deposit From Check In (Excess Amount)', NULL, 0, 'PM', 0, '2026-03-08 20:46:55', '2026-03-08 20:46:55'),
(36, 1, 1, 13, 1, 162, 15, 4, 1, '\"[2,\\\"N\\\\/A\\\"]\"', 'Guest Check In', 392, 600, 8, 0, '2026-03-08 20:50:17', NULL, 'Guest Checked In at room #229', NULL, 0, 'PM', 0, '2026-03-08 20:50:17', '2026-03-08 20:50:17'),
(37, 1, 1, 13, 1, 162, 15, 4, 2, '\"[2,\\\"N\\\\/A\\\"]\"', 'Deposit', 200, 600, 8, 200, '2026-03-08 20:50:17', NULL, 'Deposit From Check In (Room Key & TV Remote)', NULL, 0, 'PM', 0, '2026-03-08 20:50:17', '2026-03-08 20:50:17'),
(38, 1, 1, 13, 1, 162, 15, 4, 2, '\"[2,\\\"N\\\\/A\\\"]\"', 'Deposit', 8, 600, 0, 8, '2026-03-08 20:50:17', NULL, 'Deposit From Check In (Excess Amount)', NULL, 0, 'PM', 0, '2026-03-08 20:50:17', '2026-03-08 20:50:17'),
(39, 1, 1, 14, 1, 121, 13, 3, 1, '\"[2,\\\"N\\\\/A\\\"]\"', 'Guest Check In', 616, 816, 0, 0, '2026-03-08 20:50:45', NULL, 'Guest Checked In at room #166', NULL, 0, 'PM', 0, '2026-03-08 20:50:45', '2026-03-08 20:50:45'),
(40, 1, 1, 14, 1, 121, 13, 3, 2, '\"[2,\\\"N\\\\/A\\\"]\"', 'Deposit', 200, 816, 0, 200, '2026-03-08 20:50:45', NULL, 'Deposit From Check In (Room Key & TV Remote)', NULL, 0, 'PM', 0, '2026-03-08 20:50:45', '2026-03-08 20:50:45'),
(41, 1, 1, 15, 1, 17, 16, 1, 1, '\"[2,\\\"N\\\\/A\\\"]\"', 'Guest Check In', 392, 542, 0, 0, '2026-03-08 21:01:09', NULL, 'Guest Checked In at room #18', NULL, 0, 'PM', 0, '2026-03-08 21:01:09', '2026-03-08 21:01:09'),
(42, 1, 1, 15, 1, 17, 16, 1, 2, '\"[2,\\\"N\\\\/A\\\"]\"', 'Deposit', 200, 542, 0, 200, '2026-03-08 21:01:09', NULL, 'Deposit From Check In (Room Key & TV Remote)', NULL, 0, 'PM', 0, '2026-03-08 21:01:09', '2026-03-08 21:01:09'),
(43, 1, 1, 16, 1, 209, 17, 5, 1, '\"[2,\\\"N\\\\/A\\\"]\"', 'Guest Check In', 392, 1000, 408, 0, '2026-03-08 21:02:16', NULL, 'Guest Checked In at room #279', NULL, 0, 'PM', 0, '2026-03-08 21:02:16', '2026-03-08 21:02:16'),
(44, 1, 1, 16, 1, 209, 17, 5, 2, '\"[2,\\\"N\\\\/A\\\"]\"', 'Deposit', 200, 1000, 408, 200, '2026-03-08 21:02:16', NULL, 'Deposit From Check In (Room Key & TV Remote)', NULL, 0, 'PM', 0, '2026-03-08 21:02:16', '2026-03-08 21:02:16'),
(45, 1, 1, 16, 1, 209, 17, 5, 2, '\"[2,\\\"N\\\\/A\\\"]\"', 'Deposit', 408, 1000, 0, 408, '2026-03-08 21:02:16', NULL, 'Deposit From Check In (Excess Amount)', NULL, 0, 'PM', 0, '2026-03-08 21:02:16', '2026-03-08 21:02:16'),
(46, 1, 1, 17, 1, 92, 18, 3, 1, '\"[2,\\\"N\\\\/A\\\"]\"', 'Guest Check In', 392, 600, 8, 0, '2026-03-08 21:04:26', NULL, 'Guest Checked In at room #127', NULL, 0, 'PM', 0, '2026-03-08 21:04:26', '2026-03-08 21:04:26'),
(47, 1, 1, 17, 1, 92, 18, 3, 2, '\"[2,\\\"N\\\\/A\\\"]\"', 'Deposit', 200, 600, 8, 200, '2026-03-08 21:04:26', NULL, 'Deposit From Check In (Room Key & TV Remote)', NULL, 0, 'PM', 0, '2026-03-08 21:04:26', '2026-03-08 21:04:26'),
(48, 1, 1, 17, 1, 92, 18, 3, 2, '\"[2,\\\"N\\\\/A\\\"]\"', 'Deposit', 8, 600, 0, 8, '2026-03-08 21:04:26', NULL, 'Deposit From Check In (Excess Amount)', NULL, 0, 'PM', 0, '2026-03-08 21:04:26', '2026-03-08 21:04:26'),
(49, 1, 1, 14, 1, 121, 13, 3, 9, '\"[2,\\\"N\\\\/A\\\"]\"', 'Food and Beverages', 45, 45, 0, 0, '2026-03-08 21:05:41', NULL, 'Guest Added Food and Beverages: (Front Desk) (1) 1 LITER MINERAL', NULL, 0, 'PM', 0, '2026-03-08 21:05:35', '2026-03-08 21:05:41'),
(50, 1, 1, 18, 1, 34, 19, 1, 1, '\"[2,\\\"N\\\\/A\\\"]\"', 'Guest Check In', 392, 600, 8, 0, '2026-03-08 21:07:23', NULL, 'Guest Checked In at room #35', NULL, 0, 'PM', 0, '2026-03-08 21:07:23', '2026-03-08 21:07:23'),
(51, 1, 1, 18, 1, 34, 19, 1, 2, '\"[2,\\\"N\\\\/A\\\"]\"', 'Deposit', 200, 600, 8, 200, '2026-03-08 21:07:23', NULL, 'Deposit From Check In (Room Key & TV Remote)', NULL, 0, 'PM', 0, '2026-03-08 21:07:23', '2026-03-08 21:07:23'),
(52, 1, 1, 18, 1, 34, 19, 1, 2, '\"[2,\\\"N\\\\/A\\\"]\"', 'Deposit', 8, 0, 0, 8, '2026-03-08 21:07:44', NULL, 'Guest Deposit: change', NULL, 0, 'PM', 0, '2026-03-08 21:07:44', '2026-03-08 21:07:44'),
(53, 1, 1, 19, 1, 62, 20, 2, 1, '\"[2,\\\"N\\\\/A\\\"]\"', 'Guest Check In', 392, 600, 8, 0, '2026-03-08 21:09:41', NULL, 'Guest Checked In at room #79', NULL, 0, 'PM', 0, '2026-03-08 21:09:41', '2026-03-08 21:09:41'),
(54, 1, 1, 19, 1, 62, 20, 2, 2, '\"[2,\\\"N\\\\/A\\\"]\"', 'Deposit', 200, 600, 8, 200, '2026-03-08 21:09:41', NULL, 'Deposit From Check In (Room Key & TV Remote)', NULL, 0, 'PM', 0, '2026-03-08 21:09:41', '2026-03-08 21:09:41'),
(55, 1, 1, 19, 1, 62, 20, 2, 2, '\"[2,\\\"N\\\\/A\\\"]\"', 'Deposit', 8, 600, 0, 8, '2026-03-08 21:09:41', NULL, 'Deposit From Check In (Excess Amount)', NULL, 0, 'PM', 0, '2026-03-08 21:09:41', '2026-03-08 21:09:41');
INSERT INTO `transactions` (`id`, `branch_id`, `shift_log_id`, `checkin_detail_id`, `cash_drawer_id`, `room_id`, `guest_id`, `floor_id`, `transaction_type_id`, `assigned_frontdesk_id`, `description`, `payable_amount`, `paid_amount`, `change_amount`, `deposit_amount`, `paid_at`, `override_at`, `remarks`, `transfer_reason_id`, `is_co`, `shift`, `is_override`, `created_at`, `updated_at`) VALUES
(56, 1, 1, 20, 1, 70, 21, 2, 1, '\"[2,\\\"N\\\\/A\\\"]\"', 'Guest Check In', 392, 600, 8, 0, '2026-03-08 21:10:38', NULL, 'Guest Checked In at room #87', NULL, 0, 'PM', 0, '2026-03-08 21:10:38', '2026-03-08 21:10:38'),
(57, 1, 1, 20, 1, 70, 21, 2, 2, '\"[2,\\\"N\\\\/A\\\"]\"', 'Deposit', 200, 600, 8, 200, '2026-03-08 21:10:38', NULL, 'Deposit From Check In (Room Key & TV Remote)', NULL, 0, 'PM', 0, '2026-03-08 21:10:38', '2026-03-08 21:10:38'),
(58, 1, 1, 20, 1, 70, 21, 2, 2, '\"[2,\\\"N\\\\/A\\\"]\"', 'Deposit', 8, 600, 0, 8, '2026-03-08 21:10:38', NULL, 'Deposit From Check In (Excess Amount)', NULL, 0, 'PM', 0, '2026-03-08 21:10:38', '2026-03-08 21:10:38'),
(59, 1, 1, 21, 1, 83, 22, 2, 1, '\"[2,\\\"N\\\\/A\\\"]\"', 'Guest Check In', 392, 595, 3, 0, '2026-03-08 21:20:13', NULL, 'Guest Checked In at room #100', NULL, 0, 'PM', 0, '2026-03-08 21:20:13', '2026-03-08 21:20:13'),
(60, 1, 1, 21, 1, 83, 22, 2, 2, '\"[2,\\\"N\\\\/A\\\"]\"', 'Deposit', 200, 595, 3, 200, '2026-03-08 21:20:13', NULL, 'Deposit From Check In (Room Key & TV Remote)', NULL, 0, 'PM', 0, '2026-03-08 21:20:13', '2026-03-08 21:20:13'),
(61, 1, 1, 21, 1, 83, 22, 2, 2, '\"[2,\\\"N\\\\/A\\\"]\"', 'Deposit', 3, 595, 0, 3, '2026-03-08 21:20:13', NULL, 'Deposit From Check In (Excess Amount)', NULL, 0, 'PM', 0, '2026-03-08 21:20:13', '2026-03-08 21:20:13'),
(62, 1, 1, 22, 1, 75, 23, 2, 1, '\"[2,\\\"N\\\\/A\\\"]\"', 'Guest Check In', 392, 600, 8, 0, '2026-03-08 21:24:27', NULL, 'Guest Checked In at room #92', NULL, 0, 'PM', 0, '2026-03-08 21:24:27', '2026-03-08 21:24:27'),
(63, 1, 1, 22, 1, 75, 23, 2, 2, '\"[2,\\\"N\\\\/A\\\"]\"', 'Deposit', 200, 600, 8, 200, '2026-03-08 21:24:27', NULL, 'Deposit From Check In (Room Key & TV Remote)', NULL, 0, 'PM', 0, '2026-03-08 21:24:27', '2026-03-08 21:24:27'),
(64, 1, 1, 22, 1, 75, 23, 2, 2, '\"[2,\\\"N\\\\/A\\\"]\"', 'Deposit', 8, 600, 0, 8, '2026-03-08 21:24:27', NULL, 'Deposit From Check In (Excess Amount)', NULL, 0, 'PM', 0, '2026-03-08 21:24:27', '2026-03-08 21:24:27'),
(65, 1, 1, 23, 1, 85, 24, 3, 1, '\"[2,\\\"N\\\\/A\\\"]\"', 'Guest Check In', 280, 480, 0, 0, '2026-03-08 21:25:00', NULL, 'Guest Checked In at room #120', NULL, 0, 'PM', 0, '2026-03-08 21:25:00', '2026-03-08 21:25:00'),
(66, 1, 1, 23, 1, 85, 24, 3, 2, '\"[2,\\\"N\\\\/A\\\"]\"', 'Deposit', 200, 480, 0, 200, '2026-03-08 21:25:00', NULL, 'Deposit From Check In (Room Key & TV Remote)', NULL, 0, 'PM', 0, '2026-03-08 21:25:00', '2026-03-08 21:25:00'),
(67, 1, 1, 24, 1, 216, 25, 5, 1, '\"[2,\\\"N\\\\/A\\\"]\"', 'Guest Check In', 280, 480, 0, 0, '2026-03-08 21:25:45', NULL, 'Guest Checked In at room #286', NULL, 0, 'PM', 0, '2026-03-08 21:25:45', '2026-03-08 21:25:45'),
(68, 1, 1, 24, 1, 216, 25, 5, 2, '\"[2,\\\"N\\\\/A\\\"]\"', 'Deposit', 200, 480, 0, 200, '2026-03-08 21:25:45', NULL, 'Deposit From Check In (Room Key & TV Remote)', NULL, 0, 'PM', 0, '2026-03-08 21:25:45', '2026-03-08 21:25:45'),
(69, 1, 1, 25, 1, 120, 26, 3, 1, '\"[2,\\\"N\\\\/A\\\"]\"', 'Guest Check In', 280, 480, 0, 0, '2026-03-08 21:30:12', NULL, 'Guest Checked In at room #165', NULL, 0, 'PM', 0, '2026-03-08 21:30:12', '2026-03-08 21:30:12'),
(70, 1, 1, 25, 1, 120, 26, 3, 2, '\"[2,\\\"N\\\\/A\\\"]\"', 'Deposit', 200, 480, 0, 200, '2026-03-08 21:30:12', NULL, 'Deposit From Check In (Room Key & TV Remote)', NULL, 0, 'PM', 0, '2026-03-08 21:30:12', '2026-03-08 21:30:12'),
(71, 1, 1, 26, 1, 174, 27, 4, 1, '\"[2,\\\"N\\\\/A\\\"]\"', 'Guest Check In', 392, 600, 8, 0, '2026-03-08 21:32:28', NULL, 'Guest Checked In at room #251', NULL, 0, 'PM', 0, '2026-03-08 21:32:28', '2026-03-08 21:32:28'),
(72, 1, 1, 26, 1, 174, 27, 4, 2, '\"[2,\\\"N\\\\/A\\\"]\"', 'Deposit', 200, 600, 8, 200, '2026-03-08 21:32:28', NULL, 'Deposit From Check In (Room Key & TV Remote)', NULL, 0, 'PM', 0, '2026-03-08 21:32:28', '2026-03-08 21:32:28'),
(73, 1, 1, 26, 1, 174, 27, 4, 2, '\"[2,\\\"N\\\\/A\\\"]\"', 'Deposit', 8, 600, 0, 8, '2026-03-08 21:32:28', NULL, 'Deposit From Check In (Excess Amount)', NULL, 0, 'PM', 0, '2026-03-08 21:32:28', '2026-03-08 21:32:28'),
(74, 1, 1, 27, 1, 13, 28, 1, 1, '\"[2,\\\"N\\\\/A\\\"]\"', 'Guest Check In', 616, 616, 0, 0, '2026-03-08 23:46:56', NULL, 'Guest Checked In at room #28', NULL, 0, 'PM', 0, '2026-03-08 21:33:18', '2026-03-08 23:46:56'),
(75, 1, 1, 27, 1, 13, 28, 1, 2, '\"[2,\\\"N\\\\/A\\\"]\"', 'Deposit', 200, 1000, 184, 200, '2026-03-08 21:33:18', NULL, 'Deposit From Check In (Room Key & TV Remote)', NULL, 0, 'PM', 0, '2026-03-08 21:33:18', '2026-03-08 21:33:18'),
(76, 1, 1, 27, 1, 13, 28, 1, 2, '\"[2,\\\"N\\\\/A\\\"]\"', 'Deposit', 184, 1000, 0, 184, '2026-03-08 21:33:18', NULL, 'Deposit From Check In (Excess Amount)', NULL, 0, 'PM', 0, '2026-03-08 21:33:18', '2026-03-08 21:33:18'),
(77, 1, 1, 28, 1, 139, 29, 4, 1, '\"[2,\\\"N\\\\/A\\\"]\"', 'Guest Check In', 392, 600, 8, 0, '2026-03-08 21:34:20', NULL, 'Guest Checked In at room #205', NULL, 0, 'PM', 0, '2026-03-08 21:34:20', '2026-03-08 21:34:20'),
(78, 1, 1, 28, 1, 139, 29, 4, 2, '\"[2,\\\"N\\\\/A\\\"]\"', 'Deposit', 200, 600, 8, 200, '2026-03-08 21:34:20', NULL, 'Deposit From Check In (Room Key & TV Remote)', NULL, 0, 'PM', 0, '2026-03-08 21:34:20', '2026-03-08 21:34:20'),
(79, 1, 1, 28, 1, 139, 29, 4, 2, '\"[2,\\\"N\\\\/A\\\"]\"', 'Deposit', 8, 600, 0, 8, '2026-03-08 21:34:20', NULL, 'Deposit From Check In (Excess Amount)', NULL, 0, 'PM', 0, '2026-03-08 21:34:20', '2026-03-08 21:34:20'),
(80, 1, 1, 29, 1, 103, 30, 3, 1, '\"[2,\\\"N\\\\/A\\\"]\"', 'Guest Check In', 392, 600, 8, 0, '2026-03-08 21:35:18', NULL, 'Guest Checked In at room #138', NULL, 0, 'PM', 0, '2026-03-08 21:35:18', '2026-03-08 21:35:18'),
(81, 1, 1, 29, 1, 103, 30, 3, 2, '\"[2,\\\"N\\\\/A\\\"]\"', 'Deposit', 200, 600, 8, 200, '2026-03-08 21:35:18', NULL, 'Deposit From Check In (Room Key & TV Remote)', NULL, 0, 'PM', 0, '2026-03-08 21:35:18', '2026-03-08 21:35:18'),
(82, 1, 1, 29, 1, 103, 30, 3, 2, '\"[2,\\\"N\\\\/A\\\"]\"', 'Deposit', 8, 600, 0, 8, '2026-03-08 21:35:18', NULL, 'Deposit From Check In (Excess Amount)', NULL, 0, 'PM', 0, '2026-03-08 21:35:18', '2026-03-08 21:35:18'),
(83, 1, 1, 30, 1, 55, 31, 2, 1, '\"[2,\\\"N\\\\/A\\\"]\"', 'Guest Check In', 280, 480, 0, 0, '2026-03-08 21:36:45', NULL, 'Guest Checked In at room #72', NULL, 0, 'PM', 0, '2026-03-08 21:36:45', '2026-03-08 21:36:45'),
(84, 1, 1, 30, 1, 55, 31, 2, 2, '\"[2,\\\"N\\\\/A\\\"]\"', 'Deposit', 200, 480, 0, 200, '2026-03-08 21:36:45', NULL, 'Deposit From Check In (Room Key & TV Remote)', NULL, 0, 'PM', 0, '2026-03-08 21:36:45', '2026-03-08 21:36:45'),
(85, 1, 1, 12, 1, 8, 14, 1, 9, '\"[2,\\\"N\\\\/A\\\"]\"', 'Food and Beverages', 55, 55, 0, 0, '2026-03-08 21:41:03', NULL, 'Guest Added Food and Beverages: (Front Desk) (1) SPRITE', NULL, 0, 'PM', 0, '2026-03-08 21:40:48', '2026-03-08 21:41:03');
INSERT INTO `transactions` (`id`, `branch_id`, `shift_log_id`, `checkin_detail_id`, `cash_drawer_id`, `room_id`, `guest_id`, `floor_id`, `transaction_type_id`, `assigned_frontdesk_id`, `description`, `payable_amount`, `paid_amount`, `change_amount`, `deposit_amount`, `paid_at`, `override_at`, `remarks`, `transfer_reason_id`, `is_co`, `shift`, `is_override`, `created_at`, `updated_at`) VALUES
(86, 1, 1, 12, 1, 8, 14, 1, 5, '\"[2,\\\"N\\\\/A\\\"]\"', 'Cashout', 55, 55, 0, 0, '2026-03-08 21:41:03', NULL, 'Cashout from paying deposit (Food and Beverages)', NULL, 0, 'PM', 0, '2026-03-08 21:41:03', '2026-03-08 21:41:03');
INSERT INTO `transactions` (`id`, `branch_id`, `shift_log_id`, `checkin_detail_id`, `cash_drawer_id`, `room_id`, `guest_id`, `floor_id`, `transaction_type_id`, `assigned_frontdesk_id`, `description`, `payable_amount`, `paid_amount`, `change_amount`, `deposit_amount`, `paid_at`, `override_at`, `remarks`, `transfer_reason_id`, `is_co`, `shift`, `is_override`, `created_at`, `updated_at`) VALUES
(87, 1, 1, 17, 1, 92, 18, 3, 9, '\"[2,\\\"N\\\\/A\\\"]\"', 'Food and Beverages', 6, 6, 0, 0, '2026-03-08 21:41:55', NULL, 'Guest Added Food and Beverages: (Front Desk) (2) SOAP', NULL, 0, 'PM', 0, '2026-03-08 21:41:48', '2026-03-08 21:41:55');
INSERT INTO `transactions` (`id`, `branch_id`, `shift_log_id`, `checkin_detail_id`, `cash_drawer_id`, `room_id`, `guest_id`, `floor_id`, `transaction_type_id`, `assigned_frontdesk_id`, `description`, `payable_amount`, `paid_amount`, `change_amount`, `deposit_amount`, `paid_at`, `override_at`, `remarks`, `transfer_reason_id`, `is_co`, `shift`, `is_override`, `created_at`, `updated_at`) VALUES
(88, 1, 1, 17, 1, 92, 18, 3, 5, '\"[2,\\\"N\\\\/A\\\"]\"', 'Cashout', 6, 6, 0, 0, '2026-03-08 21:41:56', NULL, 'Cashout from paying deposit (Food and Beverages)', NULL, 0, 'PM', 0, '2026-03-08 21:41:56', '2026-03-08 21:41:56'),
(89, 1, 1, 21, 1, 83, 22, 2, 9, '\"[2,\\\"N\\\\/A\\\"]\"', 'Food and Beverages', 3, 3, 0, 0, '2026-03-08 21:44:50', NULL, 'Guest Added Food and Beverages: (Front Desk) (1) SOAP', NULL, 0, 'PM', 0, '2026-03-08 21:44:42', '2026-03-08 21:44:50'),
(90, 1, 1, 21, 1, 83, 22, 2, 9, '\"[2,\\\"N\\\\/A\\\"]\"', 'Food and Beverages', 2, 2, 0, 0, '2026-03-08 21:45:13', NULL, 'Guest Added Food and Beverages: (Front Desk) (1) SHAMPOO', NULL, 0, 'PM', 0, '2026-03-08 21:45:08', '2026-03-08 21:45:13'),
(91, 1, 1, 31, 1, 32, 32, 1, 1, '\"[2,\\\"N\\\\/A\\\"]\"', 'Guest Check In', 392, 600, 8, 0, '2026-03-08 21:46:36', NULL, 'Guest Checked In at room #33', NULL, 0, 'PM', 0, '2026-03-08 21:46:36', '2026-03-08 21:46:36'),
(92, 1, 1, 31, 1, 32, 32, 1, 2, '\"[2,\\\"N\\\\/A\\\"]\"', 'Deposit', 200, 600, 8, 200, '2026-03-08 21:46:36', NULL, 'Deposit From Check In (Room Key & TV Remote)', NULL, 0, 'PM', 0, '2026-03-08 21:46:36', '2026-03-08 21:46:36'),
(93, 1, 1, 31, 1, 32, 32, 1, 2, '\"[2,\\\"N\\\\/A\\\"]\"', 'Deposit', 8, 600, 0, 8, '2026-03-08 21:46:36', NULL, 'Deposit From Check In (Excess Amount)', NULL, 0, 'PM', 0, '2026-03-08 21:46:36', '2026-03-08 21:46:36'),
(94, 1, 1, 32, 1, 147, 33, 4, 1, '\"[2,\\\"N\\\\/A\\\"]\"', 'Guest Check In', 448, 650, 2, 0, '2026-03-08 21:49:21', NULL, 'Guest Checked In at room #214', NULL, 0, 'PM', 0, '2026-03-08 21:49:21', '2026-03-08 21:49:21'),
(95, 1, 1, 32, 1, 147, 33, 4, 2, '\"[2,\\\"N\\\\/A\\\"]\"', 'Deposit', 200, 650, 2, 200, '2026-03-08 21:49:21', NULL, 'Deposit From Check In (Room Key & TV Remote)', NULL, 0, 'PM', 0, '2026-03-08 21:49:21', '2026-03-08 21:49:21'),
(96, 1, 1, 32, 1, 147, 33, 4, 2, '\"[2,\\\"N\\\\/A\\\"]\"', 'Deposit', 2, 650, 0, 2, '2026-03-08 21:49:21', NULL, 'Deposit From Check In (Excess Amount)', NULL, 0, 'PM', 0, '2026-03-08 21:49:21', '2026-03-08 21:49:21'),
(97, 1, 1, 33, 1, 53, 34, 2, 1, '\"[2,\\\"N\\\\/A\\\"]\"', 'Guest Check In', 448, 1000, 352, 0, '2026-03-08 21:50:38', NULL, 'Guest Checked In at room #70', NULL, 0, 'PM', 0, '2026-03-08 21:50:38', '2026-03-08 21:50:38'),
(98, 1, 1, 33, 1, 53, 34, 2, 2, '\"[2,\\\"N\\\\/A\\\"]\"', 'Deposit', 200, 1000, 352, 200, '2026-03-08 21:50:38', NULL, 'Deposit From Check In (Room Key & TV Remote)', NULL, 0, 'PM', 0, '2026-03-08 21:50:38', '2026-03-08 21:50:38'),
(99, 1, 1, 33, 1, 53, 34, 2, 2, '\"[2,\\\"N\\\\/A\\\"]\"', 'Deposit', 352, 1000, 0, 352, '2026-03-08 21:50:38', NULL, 'Deposit From Check In (Excess Amount)', NULL, 0, 'PM', 0, '2026-03-08 21:50:38', '2026-03-08 21:50:38'),
(100, 1, 1, 34, 1, 97, 35, 3, 1, '\"[2,\\\"N\\\\/A\\\"]\"', 'Guest Check In', 280, 480, 0, 0, '2026-03-08 21:51:35', NULL, 'Guest Checked In at room #132', NULL, 0, 'PM', 0, '2026-03-08 21:51:35', '2026-03-08 21:51:35'),
(101, 1, 1, 34, 1, 97, 35, 3, 2, '\"[2,\\\"N\\\\/A\\\"]\"', 'Deposit', 200, 480, 0, 200, '2026-03-08 21:51:35', NULL, 'Deposit From Check In (Room Key & TV Remote)', NULL, 0, 'PM', 0, '2026-03-08 21:51:35', '2026-03-08 21:51:35'),
(102, 1, 1, 35, 1, 16, 36, 1, 1, '\"[2,\\\"N\\\\/A\\\"]\"', 'Guest Check In', 392, 600, 8, 0, '2026-03-08 21:55:36', NULL, 'Guest Checked In at room #17', NULL, 0, 'PM', 0, '2026-03-08 21:55:36', '2026-03-08 21:55:36'),
(103, 1, 1, 35, 1, 16, 36, 1, 2, '\"[2,\\\"N\\\\/A\\\"]\"', 'Deposit', 200, 600, 8, 200, '2026-03-08 21:55:36', NULL, 'Deposit From Check In (Room Key & TV Remote)', NULL, 0, 'PM', 0, '2026-03-08 21:55:36', '2026-03-08 21:55:36'),
(104, 1, 1, 35, 1, 16, 36, 1, 2, '\"[2,\\\"N\\\\/A\\\"]\"', 'Deposit', 8, 600, 0, 8, '2026-03-08 21:55:36', NULL, 'Deposit From Check In (Excess Amount)', NULL, 0, 'PM', 0, '2026-03-08 21:55:36', '2026-03-08 21:55:36'),
(105, 1, 1, 36, 1, 9, 37, 1, 1, '\"[2,\\\"N\\\\/A\\\"]\"', 'Guest Check In', 392, 600, 8, 0, '2026-03-08 21:58:45', NULL, 'Guest Checked In at room #9', NULL, 0, 'PM', 0, '2026-03-08 21:58:45', '2026-03-08 21:58:45'),
(106, 1, 1, 36, 1, 9, 37, 1, 2, '\"[2,\\\"N\\\\/A\\\"]\"', 'Deposit', 200, 600, 8, 200, '2026-03-08 21:58:45', NULL, 'Deposit From Check In (Room Key & TV Remote)', NULL, 0, 'PM', 0, '2026-03-08 21:58:45', '2026-03-08 21:58:45'),
(107, 1, 1, 36, 1, 9, 37, 1, 2, '\"[2,\\\"N\\\\/A\\\"]\"', 'Deposit', 8, 600, 0, 8, '2026-03-08 21:58:45', NULL, 'Deposit From Check In (Excess Amount)', NULL, 0, 'PM', 0, '2026-03-08 21:58:45', '2026-03-08 21:58:45'),
(108, 1, 1, 37, 1, 7, 38, 1, 1, '\"[2,\\\"N\\\\/A\\\"]\"', 'Guest Check In', 392, 600, 8, 0, '2026-03-08 22:02:57', NULL, 'Guest Checked In at room #7', NULL, 0, 'PM', 0, '2026-03-08 22:02:57', '2026-03-08 22:02:57'),
(109, 1, 1, 37, 1, 7, 38, 1, 2, '\"[2,\\\"N\\\\/A\\\"]\"', 'Deposit', 200, 600, 8, 200, '2026-03-08 22:02:57', NULL, 'Deposit From Check In (Room Key & TV Remote)', NULL, 0, 'PM', 0, '2026-03-08 22:02:57', '2026-03-08 22:02:57'),
(110, 1, 1, 37, 1, 7, 38, 1, 2, '\"[2,\\\"N\\\\/A\\\"]\"', 'Deposit', 8, 600, 0, 8, '2026-03-08 22:02:57', NULL, 'Deposit From Check In (Excess Amount)', NULL, 0, 'PM', 0, '2026-03-08 22:02:57', '2026-03-08 22:02:57'),
(111, 1, 1, 38, 1, 110, 39, 3, 1, '\"[2,\\\"N\\\\/A\\\"]\"', 'Guest Check In', 280, 480, 0, 0, '2026-03-08 22:06:05', NULL, 'Guest Checked In at room #155', NULL, 0, 'PM', 0, '2026-03-08 22:06:05', '2026-03-08 22:06:05'),
(112, 1, 1, 38, 1, 110, 39, 3, 2, '\"[2,\\\"N\\\\/A\\\"]\"', 'Deposit', 200, 480, 0, 200, '2026-03-08 22:06:05', NULL, 'Deposit From Check In (Room Key & TV Remote)', NULL, 0, 'PM', 0, '2026-03-08 22:06:05', '2026-03-08 22:06:05'),
(113, 1, 1, 39, 1, 6, 40, 1, 1, '\"[2,\\\"N\\\\/A\\\"]\"', 'Guest Check In', 392, 600, 8, 0, '2026-03-08 22:09:36', NULL, 'Guest Checked In at room #6', NULL, 0, 'PM', 0, '2026-03-08 22:09:36', '2026-03-08 22:09:36'),
(114, 1, 1, 39, 1, 6, 40, 1, 2, '\"[2,\\\"N\\\\/A\\\"]\"', 'Deposit', 200, 600, 8, 200, '2026-03-08 22:09:36', NULL, 'Deposit From Check In (Room Key & TV Remote)', NULL, 0, 'PM', 0, '2026-03-08 22:09:36', '2026-03-08 22:09:36'),
(115, 1, 1, 39, 1, 6, 40, 1, 2, '\"[2,\\\"N\\\\/A\\\"]\"', 'Deposit', 8, 600, 0, 8, '2026-03-08 22:09:36', NULL, 'Deposit From Check In (Excess Amount)', NULL, 0, 'PM', 0, '2026-03-08 22:09:36', '2026-03-08 22:09:36'),
(116, 1, 1, 27, 1, 13, 28, 1, 8, '\"[2,\\\"N\\\\/A\\\"]\"', 'Amenities', 20, 20, 0, 0, '2026-03-08 22:24:25', NULL, 'Guest Added Amenities: (1) EXTRA TOWEL', NULL, 0, 'PM', 0, '2026-03-08 22:24:23', '2026-03-08 22:24:25'),
(117, 1, 1, 27, 1, 13, 28, 1, 5, '\"[2,\\\"N\\\\/A\\\"]\"', 'Cashout', 20, 20, 0, 0, '2026-03-08 22:24:25', NULL, 'Cashout from paying deposit (Amenities)', NULL, 0, 'PM', 0, '2026-03-08 22:24:25', '2026-03-08 22:24:25'),
(118, 1, 1, 40, 1, 126, 41, 3, 1, '\"[2,\\\"N\\\\/A\\\"]\"', 'Guest Check In', 392, 1000, 408, 0, '2026-03-08 22:29:20', NULL, 'Guest Checked In at room #171', NULL, 0, 'PM', 0, '2026-03-08 22:29:20', '2026-03-08 22:29:20'),
(119, 1, 1, 40, 1, 126, 41, 3, 2, '\"[2,\\\"N\\\\/A\\\"]\"', 'Deposit', 200, 1000, 408, 200, '2026-03-08 22:29:20', NULL, 'Deposit From Check In (Room Key & TV Remote)', NULL, 0, 'PM', 0, '2026-03-08 22:29:20', '2026-03-08 22:29:20'),
(120, 1, 1, 40, 1, 126, 41, 3, 2, '\"[2,\\\"N\\\\/A\\\"]\"', 'Deposit', 408, 1000, 0, 408, '2026-03-08 22:29:20', NULL, 'Deposit From Check In (Excess Amount)', NULL, 0, 'PM', 0, '2026-03-08 22:29:20', '2026-03-08 22:29:20'),
(121, 1, 1, 40, 1, 126, 41, 3, 9, '\"[2,\\\"N\\\\/A\\\"]\"', 'Food and Beverages', 78, 78, 0, 0, '2026-03-08 22:32:14', NULL, 'Guest Added Food and Beverages: (Front Desk) (2) TOOTHBRUSH', NULL, 0, 'PM', 0, '2026-03-08 22:32:08', '2026-03-08 22:32:14'),
(122, 1, 1, 40, 1, 126, 41, 3, 5, '\"[2,\\\"N\\\\/A\\\"]\"', 'Cashout', 78, 78, 0, 0, '2026-03-08 22:32:14', NULL, 'Cashout from paying deposit (Food and Beverages)', NULL, 0, 'PM', 0, '2026-03-08 22:32:14', '2026-03-08 22:32:14'),
(123, 1, 1, 40, 1, 126, 41, 3, 9, '\"[2,\\\"N\\\\/A\\\"]\"', 'Food and Beverages', 15, 15, 0, 0, '2026-03-08 22:32:39', NULL, 'Guest Added Food and Beverages: (Front Desk) (1) CONDITIONER', NULL, 0, 'PM', 0, '2026-03-08 22:32:29', '2026-03-08 22:32:39'),
(124, 1, 1, 40, 1, 126, 41, 3, 5, '\"[2,\\\"N\\\\/A\\\"]\"', 'Cashout', 15, 15, 0, 0, '2026-03-08 22:32:39', NULL, 'Cashout from paying deposit (Food and Beverages)', NULL, 0, 'PM', 0, '2026-03-08 22:32:39', '2026-03-08 22:32:39'),
(125, 1, 1, 40, 1, 126, 41, 3, 9, '\"[2,\\\"N\\\\/A\\\"]\"', 'Food and Beverages', 12, 0, 0, 0, '2026-03-08 22:33:28', NULL, 'Guest Added Food and Beverages: (Front Desk) (4) SOAP', NULL, 0, 'PM', 0, '2026-03-08 22:33:16', '2026-03-08 22:33:28'),
(126, 1, 1, 40, 1, 126, 41, 3, 5, '\"[2,\\\"N\\\\/A\\\"]\"', 'Cashout', 12, 12, 0, 0, '2026-03-08 22:33:28', NULL, 'Cashout from paying all unpaid balances', NULL, 0, 'PM', 0, '2026-03-08 22:33:28', '2026-03-08 22:33:28'),
(127, 1, 1, 40, 1, 126, 41, 3, 9, '\"[2,\\\"N\\\\/A\\\"]\"', 'Food and Beverages', 15, 0, 0, 0, '2026-03-08 22:34:39', NULL, 'Guest Added Food and Beverages: (Front Desk) (.5) TOOTHPASTE', NULL, 0, 'PM', 0, '2026-03-08 22:34:32', '2026-03-08 22:34:39'),
(128, 1, 1, 40, 1, 126, 41, 3, 5, '\"[2,\\\"N\\\\/A\\\"]\"', 'Cashout', 15, 15, 0, 0, '2026-03-08 22:34:39', NULL, 'Cashout from paying all unpaid balances', NULL, 0, 'PM', 0, '2026-03-08 22:34:39', '2026-03-08 22:34:39'),
(129, 1, 1, 41, 1, 107, 42, 3, 1, '\"[2,\\\"N\\\\/A\\\"]\"', 'Guest Check In', 392, 542, 0, 0, '2026-03-08 22:36:57', NULL, 'Guest Checked In at room #152', NULL, 0, 'PM', 0, '2026-03-08 22:36:57', '2026-03-08 22:36:57'),
(130, 1, 1, 41, 1, 107, 42, 3, 2, '\"[2,\\\"N\\\\/A\\\"]\"', 'Deposit', 200, 542, 0, 200, '2026-03-08 22:36:57', NULL, 'Deposit From Check In (Room Key & TV Remote)', NULL, 0, 'PM', 0, '2026-03-08 22:36:57', '2026-03-08 22:36:57'),
(131, 1, 1, 42, 1, 108, 43, 3, 1, '\"[2,\\\"N\\\\/A\\\"]\"', 'Guest Check In', 392, 392, 0, 0, '2026-03-08 23:30:14', NULL, 'Guest Checked In at room #131', NULL, 0, 'PM', 0, '2026-03-08 22:37:28', '2026-03-08 23:30:14'),
(132, 1, 1, 42, 1, 108, 43, 3, 2, '\"[2,\\\"N\\\\/A\\\"]\"', 'Deposit', 200, 592, 0, 200, '2026-03-08 22:37:28', NULL, 'Deposit From Check In (Room Key & TV Remote)', NULL, 0, 'PM', 0, '2026-03-08 22:37:28', '2026-03-08 22:37:28'),
(133, 1, 1, 43, 1, 112, 44, 3, 1, '\"[2,\\\"N\\\\/A\\\"]\"', 'Guest Check In', 280, 480, 0, 0, '2026-03-08 22:40:11', NULL, 'Guest Checked In at room #157', NULL, 0, 'PM', 0, '2026-03-08 22:40:11', '2026-03-08 22:40:11'),
(134, 1, 1, 43, 1, 112, 44, 3, 2, '\"[2,\\\"N\\\\/A\\\"]\"', 'Deposit', 200, 480, 0, 200, '2026-03-08 22:40:11', NULL, 'Deposit From Check In (Room Key & TV Remote)', NULL, 0, 'PM', 0, '2026-03-08 22:40:11', '2026-03-08 22:40:11'),
(135, 1, 1, 44, 1, 179, 45, 4, 1, '\"[2,\\\"N\\\\/A\\\"]\"', 'Guest Check In', 336, 536, 0, 0, '2026-03-08 22:41:04', NULL, 'Guest Checked In at room #4D', NULL, 0, 'PM', 0, '2026-03-08 22:41:04', '2026-03-08 22:41:04'),
(136, 1, 1, 44, 1, 179, 45, 4, 2, '\"[2,\\\"N\\\\/A\\\"]\"', 'Deposit', 200, 536, 0, 200, '2026-03-08 22:41:04', NULL, 'Deposit From Check In (Room Key & TV Remote)', NULL, 0, 'PM', 0, '2026-03-08 22:41:04', '2026-03-08 22:41:04'),
(137, 1, 1, 45, 1, 49, 46, 2, 1, '\"[2,\\\"N\\\\/A\\\"]\"', 'Guest Check In', 280, 480, 0, 0, '2026-03-08 22:41:49', NULL, 'Guest Checked In at room #66', NULL, 0, 'PM', 0, '2026-03-08 22:41:49', '2026-03-08 22:41:49'),
(138, 1, 1, 45, 1, 49, 46, 2, 2, '\"[2,\\\"N\\\\/A\\\"]\"', 'Deposit', 200, 480, 0, 200, '2026-03-08 22:41:49', NULL, 'Deposit From Check In (Room Key & TV Remote)', NULL, 0, 'PM', 0, '2026-03-08 22:41:49', '2026-03-08 22:41:49'),
(139, 1, 1, 46, 1, 45, 47, 2, 1, '\"[2,\\\"N\\\\/A\\\"]\"', 'Guest Check In', 616, 949, 133, 0, '2026-03-08 22:43:25', NULL, 'Guest Checked In at room #62', NULL, 0, 'PM', 0, '2026-03-08 22:43:25', '2026-03-08 22:43:25'),
(140, 1, 1, 46, 1, 45, 47, 2, 2, '\"[2,\\\"N\\\\/A\\\"]\"', 'Deposit', 200, 949, 133, 200, '2026-03-08 22:43:25', NULL, 'Deposit From Check In (Room Key & TV Remote)', NULL, 0, 'PM', 0, '2026-03-08 22:43:25', '2026-03-08 22:43:25'),
(141, 1, 1, 46, 1, 45, 47, 2, 2, '\"[2,\\\"N\\\\/A\\\"]\"', 'Deposit', 133, 949, 0, 133, '2026-03-08 22:43:25', NULL, 'Deposit From Check In (Excess Amount)', NULL, 0, 'PM', 0, '2026-03-08 22:43:25', '2026-03-08 22:43:25'),
(142, 1, 1, 47, 1, 18, 48, 1, 1, '\"[2,\\\"N\\\\/A\\\"]\"', 'Guest Check In', 336, 536, 0, 0, '2026-03-08 22:45:03', NULL, 'Guest Checked In at room #19', NULL, 0, 'PM', 0, '2026-03-08 22:45:03', '2026-03-08 22:45:03'),
(143, 1, 1, 47, 1, 18, 48, 1, 2, '\"[2,\\\"N\\\\/A\\\"]\"', 'Deposit', 200, 536, 0, 200, '2026-03-08 22:45:03', NULL, 'Deposit From Check In (Room Key & TV Remote)', NULL, 0, 'PM', 0, '2026-03-08 22:45:03', '2026-03-08 22:45:03'),
(144, 1, 1, 48, 1, 229, 49, 5, 1, '\"[2,\\\"N\\\\/A\\\"]\"', 'Guest Check In', 224, 424, 0, 0, '2026-03-08 22:45:11', NULL, 'Guest Checked In at room #5E', NULL, 0, 'PM', 0, '2026-03-08 22:45:11', '2026-03-08 22:45:11'),
(145, 1, 1, 48, 1, 229, 49, 5, 2, '\"[2,\\\"N\\\\/A\\\"]\"', 'Deposit', 200, 424, 0, 200, '2026-03-08 22:45:11', NULL, 'Deposit From Check In (Room Key & TV Remote)', NULL, 0, 'PM', 0, '2026-03-08 22:45:11', '2026-03-08 22:45:11'),
(146, 1, 1, 49, 1, 116, 50, 3, 1, '\"[2,\\\"N\\\\/A\\\"]\"', 'Guest Check In', 392, 600, 8, 0, '2026-03-08 22:58:28', NULL, 'Guest Checked In at room #161', NULL, 0, 'PM', 0, '2026-03-08 22:58:28', '2026-03-08 22:58:28'),
(147, 1, 1, 49, 1, 116, 50, 3, 2, '\"[2,\\\"N\\\\/A\\\"]\"', 'Deposit', 200, 600, 8, 200, '2026-03-08 22:58:28', NULL, 'Deposit From Check In (Room Key & TV Remote)', NULL, 0, 'PM', 0, '2026-03-08 22:58:28', '2026-03-08 22:58:28'),
(148, 1, 1, 49, 1, 116, 50, 3, 2, '\"[2,\\\"N\\\\/A\\\"]\"', 'Deposit', 8, 600, 0, 8, '2026-03-08 22:58:28', NULL, 'Deposit From Check In (Excess Amount)', NULL, 0, 'PM', 0, '2026-03-08 22:58:28', '2026-03-08 22:58:28'),
(149, 1, 1, 50, 1, 117, 52, 3, 1, '\"[2,\\\"N\\\\/A\\\"]\"', 'Guest Check In', 280, 480, 0, 0, '2026-03-08 22:59:16', NULL, 'Guest Checked In at room #162', NULL, 0, 'PM', 0, '2026-03-08 22:59:16', '2026-03-08 22:59:16'),
(150, 1, 1, 50, 1, 117, 52, 3, 2, '\"[2,\\\"N\\\\/A\\\"]\"', 'Deposit', 200, 480, 0, 200, '2026-03-08 22:59:16', NULL, 'Deposit From Check In (Room Key & TV Remote)', NULL, 0, 'PM', 0, '2026-03-08 22:59:16', '2026-03-08 22:59:16'),
(151, 1, 1, 51, 1, 26, 51, 1, 1, '\"[2,\\\"N\\\\/A\\\"]\"', 'Guest Check In', 392, 600, 8, 0, '2026-03-08 22:59:59', NULL, 'Guest Checked In at room #27', NULL, 0, 'PM', 0, '2026-03-08 22:59:59', '2026-03-08 22:59:59'),
(152, 1, 1, 51, 1, 26, 51, 1, 2, '\"[2,\\\"N\\\\/A\\\"]\"', 'Deposit', 200, 600, 8, 200, '2026-03-08 22:59:59', NULL, 'Deposit From Check In (Room Key & TV Remote)', NULL, 0, 'PM', 0, '2026-03-08 22:59:59', '2026-03-08 22:59:59'),
(153, 1, 1, 51, 1, 26, 51, 1, 2, '\"[2,\\\"N\\\\/A\\\"]\"', 'Deposit', 8, 600, 0, 8, '2026-03-08 22:59:59', NULL, 'Deposit From Check In (Excess Amount)', NULL, 0, 'PM', 0, '2026-03-08 22:59:59', '2026-03-08 22:59:59'),
(154, 1, 1, 51, 1, 26, 51, 1, 9, '\"[2,\\\"N\\\\/A\\\"]\"', 'Food and Beverages', 45, 45, 0, 0, '2026-03-08 23:00:44', NULL, 'Guest Added Food and Beverages: (Front Desk) (1) 1 LITER MINERAL', NULL, 0, 'PM', 0, '2026-03-08 23:00:34', '2026-03-08 23:00:44'),
(155, 1, 1, 52, 1, 89, 53, 3, 1, '\"[2,\\\"N\\\\/A\\\"]\"', 'Guest Check In', 224, 424, 0, 0, '2026-03-08 23:07:43', NULL, 'Guest Checked In at room #124', NULL, 0, 'PM', 0, '2026-03-08 23:07:43', '2026-03-08 23:07:43'),
(156, 1, 1, 52, 1, 89, 53, 3, 2, '\"[2,\\\"N\\\\/A\\\"]\"', 'Deposit', 200, 424, 0, 200, '2026-03-08 23:07:43', NULL, 'Deposit From Check In (Room Key & TV Remote)', NULL, 0, 'PM', 0, '2026-03-08 23:07:43', '2026-03-08 23:07:43'),
(157, 1, 1, 53, 1, 10, 54, 1, 1, '\"[2,\\\"N\\\\/A\\\"]\"', 'Guest Check In', 280, 480, 0, 0, '2026-03-08 23:21:14', NULL, 'Guest Checked In at room #10', NULL, 0, 'PM', 0, '2026-03-08 23:21:14', '2026-03-08 23:21:14'),
(158, 1, 1, 53, 1, 10, 54, 1, 2, '\"[2,\\\"N\\\\/A\\\"]\"', 'Deposit', 200, 480, 0, 200, '2026-03-08 23:21:14', NULL, 'Deposit From Check In (Room Key & TV Remote)', NULL, 0, 'PM', 0, '2026-03-08 23:21:14', '2026-03-08 23:21:14'),
(159, 1, 1, 54, 1, 20, 55, 1, 1, '\"[2,\\\"N\\\\/A\\\"]\"', 'Guest Check In', 280, 480, 0, 0, '2026-03-08 23:22:09', NULL, 'Guest Checked In at room #21', NULL, 0, 'PM', 0, '2026-03-08 23:22:09', '2026-03-08 23:22:09'),
(160, 1, 1, 54, 1, 20, 55, 1, 2, '\"[2,\\\"N\\\\/A\\\"]\"', 'Deposit', 200, 480, 0, 200, '2026-03-08 23:22:09', NULL, 'Deposit From Check In (Room Key & TV Remote)', NULL, 0, 'PM', 0, '2026-03-08 23:22:09', '2026-03-08 23:22:09'),
(161, 1, 1, 42, 1, 96, 43, 3, 7, '\"[2,\\\"N\\\\/A\\\"]\"', 'Room Transfer', 0, 0, 0, 0, '2026-03-08 00:00:00', NULL, 'Guest Transfered from Room #153 ( Double size Bed) to Room #131 ( Double size Bed) - Reason: LEAKING', 1, 0, 'PM', 0, '2026-03-08 23:30:14', '2026-03-08 23:30:14'),
(162, 1, 1, 55, 1, 175, 56, 4, 1, '\"[2,\\\"N\\\\/A\\\"]\"', 'Guest Check In', 280, 480, 0, 0, '2026-03-08 23:32:12', NULL, 'Guest Checked In at room #252', NULL, 0, 'PM', 0, '2026-03-08 23:32:12', '2026-03-08 23:32:12'),
(163, 1, 1, 55, 1, 175, 56, 4, 2, '\"[2,\\\"N\\\\/A\\\"]\"', 'Deposit', 200, 480, 0, 200, '2026-03-08 23:32:12', NULL, 'Deposit From Check In (Room Key & TV Remote)', NULL, 0, 'PM', 0, '2026-03-08 23:32:12', '2026-03-08 23:32:12'),
(164, 1, 1, 56, 1, 143, 57, 4, 1, '\"[2,\\\"N\\\\/A\\\"]\"', 'Guest Check In', 280, 480, 0, 0, '2026-03-08 23:42:26', NULL, 'Guest Checked In at room #209', NULL, 0, 'PM', 0, '2026-03-08 23:42:26', '2026-03-08 23:42:26'),
(165, 1, 1, 56, 1, 143, 57, 4, 2, '\"[2,\\\"N\\\\/A\\\"]\"', 'Deposit', 200, 480, 0, 200, '2026-03-08 23:42:26', NULL, 'Deposit From Check In (Room Key & TV Remote)', NULL, 0, 'PM', 0, '2026-03-08 23:42:26', '2026-03-08 23:42:26'),
(166, 1, 1, 57, 1, 61, 59, 2, 1, '\"[2,\\\"N\\\\/A\\\"]\"', 'Guest Check In', 280, 480, 0, 0, '2026-03-08 23:44:18', NULL, 'Guest Checked In at room #78', NULL, 0, 'PM', 0, '2026-03-08 23:44:18', '2026-03-08 23:44:18'),
(167, 1, 1, 57, 1, 61, 59, 2, 2, '\"[2,\\\"N\\\\/A\\\"]\"', 'Deposit', 200, 480, 0, 200, '2026-03-08 23:44:18', NULL, 'Deposit From Check In (Room Key & TV Remote)', NULL, 0, 'PM', 0, '2026-03-08 23:44:18', '2026-03-08 23:44:18'),
(168, 1, 1, 58, 1, 113, 60, 3, 1, '\"[2,\\\"N\\\\/A\\\"]\"', 'Guest Check In', 280, 480, 0, 0, '2026-03-08 23:46:02', NULL, 'Guest Checked In at room #158', NULL, 0, 'PM', 0, '2026-03-08 23:46:02', '2026-03-08 23:46:02'),
(169, 1, 1, 58, 1, 113, 60, 3, 2, '\"[2,\\\"N\\\\/A\\\"]\"', 'Deposit', 200, 480, 0, 200, '2026-03-08 23:46:02', NULL, 'Deposit From Check In (Room Key & TV Remote)', NULL, 0, 'PM', 0, '2026-03-08 23:46:02', '2026-03-08 23:46:02'),
(170, 1, 1, 27, 1, 27, 28, 1, 7, '\"[2,\\\"N\\\\/A\\\"]\"', 'Room Transfer', 0, 0, 0, 0, '2026-03-08 00:00:00', NULL, 'Guest Transfered from Room #14 ( Double size Bed) to Room #28 ( Double size Bed) - Reason: LEAKING', 1, 0, 'PM', 0, '2026-03-08 23:46:56', '2026-03-08 23:46:56'),
(171, 1, 1, 59, 1, 118, 61, 3, 1, '\"[2,\\\"N\\\\/A\\\"]\"', 'Guest Check In', 280, 480, 0, 0, '2026-03-08 23:53:45', NULL, 'Guest Checked In at room #163', NULL, 0, 'PM', 0, '2026-03-08 23:53:45', '2026-03-08 23:53:45'),
(172, 1, 1, 59, 1, 118, 61, 3, 2, '\"[2,\\\"N\\\\/A\\\"]\"', 'Deposit', 200, 480, 0, 200, '2026-03-08 23:53:45', NULL, 'Deposit From Check In (Room Key & TV Remote)', NULL, 0, 'PM', 0, '2026-03-08 23:53:45', '2026-03-08 23:53:45'),
(173, 1, 1, 60, 1, 123, 62, 3, 1, '\"[2,\\\"N\\\\/A\\\"]\"', 'Guest Check In', 280, 480, 0, 0, '2026-03-08 23:57:35', NULL, 'Guest Checked In at room #168', NULL, 0, 'PM', 0, '2026-03-08 23:57:35', '2026-03-08 23:57:35'),
(174, 1, 1, 60, 1, 123, 62, 3, 2, '\"[2,\\\"N\\\\/A\\\"]\"', 'Deposit', 200, 480, 0, 200, '2026-03-08 23:57:35', NULL, 'Deposit From Check In (Room Key & TV Remote)', NULL, 0, 'PM', 0, '2026-03-08 23:57:35', '2026-03-08 23:57:35'),
(175, 1, 1, 61, 1, 211, 63, 5, 1, '\"[2,\\\"N\\\\/A\\\"]\"', 'Guest Check In', 392, 600, 8, 0, '2026-03-08 23:58:11', NULL, 'Guest Checked In at room #281', NULL, 0, 'PM', 0, '2026-03-08 23:58:11', '2026-03-08 23:58:11'),
(176, 1, 1, 61, 1, 211, 63, 5, 2, '\"[2,\\\"N\\\\/A\\\"]\"', 'Deposit', 200, 600, 8, 200, '2026-03-08 23:58:11', NULL, 'Deposit From Check In (Room Key & TV Remote)', NULL, 0, 'PM', 0, '2026-03-08 23:58:11', '2026-03-08 23:58:11'),
(177, 1, 1, 61, 1, 211, 63, 5, 2, '\"[2,\\\"N\\\\/A\\\"]\"', 'Deposit', 8, 600, 0, 8, '2026-03-08 23:58:11', NULL, 'Deposit From Check In (Excess Amount)', NULL, 0, 'PM', 0, '2026-03-08 23:58:11', '2026-03-08 23:58:11');
INSERT INTO `transactions` (`id`, `branch_id`, `shift_log_id`, `checkin_detail_id`, `cash_drawer_id`, `room_id`, `guest_id`, `floor_id`, `transaction_type_id`, `assigned_frontdesk_id`, `description`, `payable_amount`, `paid_amount`, `change_amount`, `deposit_amount`, `paid_at`, `override_at`, `remarks`, `transfer_reason_id`, `is_co`, `shift`, `is_override`, `created_at`, `updated_at`) VALUES
(178, 1, 1, 17, 1, 92, 18, 3, 8, '\"[2,\\\"N\\\\/A\\\"]\"', 'Amenities', 20, 20, 0, 0, '2026-03-09 00:06:06', NULL, 'Guest Added Amenities: (1) EXTRA TOWEL', NULL, 0, 'PM', 0, '2026-03-09 00:05:56', '2026-03-09 00:06:06');
INSERT INTO `transactions` (`id`, `branch_id`, `shift_log_id`, `checkin_detail_id`, `cash_drawer_id`, `room_id`, `guest_id`, `floor_id`, `transaction_type_id`, `assigned_frontdesk_id`, `description`, `payable_amount`, `paid_amount`, `change_amount`, `deposit_amount`, `paid_at`, `override_at`, `remarks`, `transfer_reason_id`, `is_co`, `shift`, `is_override`, `created_at`, `updated_at`) VALUES
(179, 1, 1, 62, 1, 136, 64, 4, 1, '\"[2,\\\"N\\\\/A\\\"]\"', 'Guest Check In', 280, 480, 0, 0, '2026-03-09 00:12:11', NULL, 'Guest Checked In at room #202', NULL, 0, 'PM', 0, '2026-03-09 00:12:11', '2026-03-09 00:12:11');
INSERT INTO `transactions` (`id`, `branch_id`, `shift_log_id`, `checkin_detail_id`, `cash_drawer_id`, `room_id`, `guest_id`, `floor_id`, `transaction_type_id`, `assigned_frontdesk_id`, `description`, `payable_amount`, `paid_amount`, `change_amount`, `deposit_amount`, `paid_at`, `override_at`, `remarks`, `transfer_reason_id`, `is_co`, `shift`, `is_override`, `created_at`, `updated_at`) VALUES
(180, 1, 1, 62, 1, 136, 64, 4, 2, '\"[2,\\\"N\\\\/A\\\"]\"', 'Deposit', 200, 480, 0, 200, '2026-03-09 00:12:11', NULL, 'Deposit From Check In (Room Key & TV Remote)', NULL, 0, 'PM', 0, '2026-03-09 00:12:11', '2026-03-09 00:12:11'),
(181, 1, 1, 63, 1, 124, 65, 3, 1, '\"[2,\\\"N\\\\/A\\\"]\"', 'Guest Check In', 392, 600, 8, 0, '2026-03-09 00:14:57', NULL, 'Guest Checked In at room #169', NULL, 0, 'PM', 0, '2026-03-09 00:14:57', '2026-03-09 00:14:57'),
(182, 1, 1, 63, 1, 124, 65, 3, 2, '\"[2,\\\"N\\\\/A\\\"]\"', 'Deposit', 200, 600, 8, 200, '2026-03-09 00:14:57', NULL, 'Deposit From Check In (Room Key & TV Remote)', NULL, 0, 'PM', 0, '2026-03-09 00:14:57', '2026-03-09 00:14:57'),
(183, 1, 1, 63, 1, 124, 65, 3, 2, '\"[2,\\\"N\\\\/A\\\"]\"', 'Deposit', 8, 600, 0, 8, '2026-03-09 00:14:57', NULL, 'Deposit From Check In (Excess Amount)', NULL, 0, 'PM', 0, '2026-03-09 00:14:57', '2026-03-09 00:14:57'),
(184, 1, 1, 64, 1, 125, 66, 3, 1, '\"[2,\\\"N\\\\/A\\\"]\"', 'Guest Check In', 280, 480, 0, 0, '2026-03-09 00:16:53', NULL, 'Guest Checked In at room #170', NULL, 0, 'PM', 0, '2026-03-09 00:16:53', '2026-03-09 00:16:53'),
(185, 1, 1, 64, 1, 125, 66, 3, 2, '\"[2,\\\"N\\\\/A\\\"]\"', 'Deposit', 200, 480, 0, 200, '2026-03-09 00:16:53', NULL, 'Deposit From Check In (Room Key & TV Remote)', NULL, 0, 'PM', 0, '2026-03-09 00:16:53', '2026-03-09 00:16:53'),
(186, 1, 1, 65, 1, 185, 67, 5, 1, '\"[2,\\\"N\\\\/A\\\"]\"', 'Guest Check In', 280, 480, 0, 0, '2026-03-09 00:26:31', NULL, 'Guest Checked In at room #255', NULL, 0, 'PM', 0, '2026-03-09 00:26:31', '2026-03-09 00:26:31'),
(187, 1, 1, 65, 1, 185, 67, 5, 2, '\"[2,\\\"N\\\\/A\\\"]\"', 'Deposit', 200, 480, 0, 200, '2026-03-09 00:26:31', NULL, 'Deposit From Check In (Room Key & TV Remote)', NULL, 0, 'PM', 0, '2026-03-09 00:26:31', '2026-03-09 00:26:31'),
(188, 1, 1, 66, 1, 215, 68, 5, 1, '\"[2,\\\"N\\\\/A\\\"]\"', 'Guest Check In', 392, 600, 8, 0, '2026-03-09 00:26:56', NULL, 'Guest Checked In at room #285', NULL, 0, 'PM', 0, '2026-03-09 00:26:56', '2026-03-09 00:26:56'),
(189, 1, 1, 66, 1, 215, 68, 5, 2, '\"[2,\\\"N\\\\/A\\\"]\"', 'Deposit', 200, 600, 8, 200, '2026-03-09 00:26:57', NULL, 'Deposit From Check In (Room Key & TV Remote)', NULL, 0, 'PM', 0, '2026-03-09 00:26:57', '2026-03-09 00:26:57'),
(190, 1, 1, 66, 1, 215, 68, 5, 2, '\"[2,\\\"N\\\\/A\\\"]\"', 'Deposit', 8, 600, 0, 8, '2026-03-09 00:26:57', NULL, 'Deposit From Check In (Excess Amount)', NULL, 0, 'PM', 0, '2026-03-09 00:26:57', '2026-03-09 00:26:57'),
(191, 1, 1, 67, 1, 193, 70, 5, 1, '\"[2,\\\"N\\\\/A\\\"]\"', 'Guest Check In', 392, 600, 8, 0, '2026-03-09 00:28:22', NULL, 'Guest Checked In at room #263', NULL, 0, 'PM', 0, '2026-03-09 00:28:22', '2026-03-09 00:28:22'),
(192, 1, 1, 67, 1, 193, 70, 5, 2, '\"[2,\\\"N\\\\/A\\\"]\"', 'Deposit', 200, 600, 8, 200, '2026-03-09 00:28:22', NULL, 'Deposit From Check In (Room Key & TV Remote)', NULL, 0, 'PM', 0, '2026-03-09 00:28:22', '2026-03-09 00:28:22'),
(193, 1, 1, 67, 1, 193, 70, 5, 2, '\"[2,\\\"N\\\\/A\\\"]\"', 'Deposit', 8, 600, 0, 8, '2026-03-09 00:28:22', NULL, 'Deposit From Check In (Excess Amount)', NULL, 0, 'PM', 0, '2026-03-09 00:28:22', '2026-03-09 00:28:22'),
(194, 1, 1, 67, 1, 193, 70, 5, 9, '\"[2,\\\"N\\\\/A\\\"]\"', 'Food and Beverages', 6, 6, 0, 0, '2026-03-09 00:32:45', NULL, 'Guest Added Food and Beverages: (Front Desk) (2) SOAP', NULL, 0, 'PM', 0, '2026-03-09 00:32:40', '2026-03-09 00:32:45'),
(195, 1, 1, 67, 1, 193, 70, 5, 5, '\"[2,\\\"N\\\\/A\\\"]\"', 'Cashout', 6, 6, 0, 0, '2026-03-09 00:32:45', NULL, 'Cashout from paying deposit (Food and Beverages)', NULL, 0, 'PM', 0, '2026-03-09 00:32:45', '2026-03-09 00:32:45'),
(196, 1, 1, 68, 1, 50, 71, 2, 1, '\"[2,\\\"N\\\\/A\\\"]\"', 'Guest Check In', 392, 600, 8, 0, '2026-03-09 01:03:52', NULL, 'Guest Checked In at room #67', NULL, 0, 'PM', 0, '2026-03-09 01:03:52', '2026-03-09 01:03:52'),
(197, 1, 1, 68, 1, 50, 71, 2, 2, '\"[2,\\\"N\\\\/A\\\"]\"', 'Deposit', 200, 600, 8, 200, '2026-03-09 01:03:52', NULL, 'Deposit From Check In (Room Key & TV Remote)', NULL, 0, 'PM', 0, '2026-03-09 01:03:52', '2026-03-09 01:03:52'),
(198, 1, 1, 68, 1, 50, 71, 2, 2, '\"[2,\\\"N\\\\/A\\\"]\"', 'Deposit', 8, 600, 0, 8, '2026-03-09 01:03:52', NULL, 'Deposit From Check In (Excess Amount)', NULL, 0, 'PM', 0, '2026-03-09 01:03:52', '2026-03-09 01:03:52'),
(199, 1, 1, 69, 1, 2, 72, 1, 1, '\"[2,\\\"N\\\\/A\\\"]\"', 'Guest Check In', 280, 280, 0, 0, '2026-03-09 01:19:28', NULL, 'Guest Checked In at room #272', NULL, 0, 'PM', 0, '2026-03-09 01:11:20', '2026-03-09 01:19:28'),
(200, 1, 1, 69, 1, 2, 72, 1, 2, '\"[2,\\\"N\\\\/A\\\"]\"', 'Deposit', 200, 480, 0, 200, '2026-03-09 01:11:20', NULL, 'Deposit From Check In (Room Key & TV Remote)', NULL, 0, 'PM', 0, '2026-03-09 01:11:20', '2026-03-09 01:11:20'),
(201, 1, 1, 69, 1, 202, 72, 5, 7, '\"[2,\\\"N\\\\/A\\\"]\"', 'Room Transfer', 0, 0, 0, 0, '2026-03-09 00:00:00', NULL, 'Guest Transfered from Room #2 ( Double size Bed) to Room #272 ( Double size Bed) - Reason: LEAKING', 1, 0, 'PM', 0, '2026-03-09 01:19:28', '2026-03-09 01:19:28'),
(202, 1, 1, 70, 1, 122, 73, 3, 1, '\"[2,\\\"N\\\\/A\\\"]\"', 'Guest Check In', 392, 600, 8, 0, '2026-03-09 01:22:10', NULL, 'Guest Checked In at room #167', NULL, 0, 'PM', 0, '2026-03-09 01:22:10', '2026-03-09 01:22:10'),
(203, 1, 1, 70, 1, 122, 73, 3, 2, '\"[2,\\\"N\\\\/A\\\"]\"', 'Deposit', 200, 600, 8, 200, '2026-03-09 01:22:10', NULL, 'Deposit From Check In (Room Key & TV Remote)', NULL, 0, 'PM', 0, '2026-03-09 01:22:10', '2026-03-09 01:22:10'),
(204, 1, 1, 70, 1, 122, 73, 3, 2, '\"[2,\\\"N\\\\/A\\\"]\"', 'Deposit', 8, 600, 0, 8, '2026-03-09 01:22:10', NULL, 'Deposit From Check In (Excess Amount)', NULL, 0, 'PM', 0, '2026-03-09 01:22:10', '2026-03-09 01:22:10'),
(205, 1, 1, 71, 1, 199, 74, 5, 1, '\"[2,\\\"N\\\\/A\\\"]\"', 'Guest Check In', 392, 600, 8, 0, '2026-03-09 01:36:39', NULL, 'Guest Checked In at room #269', NULL, 0, 'PM', 0, '2026-03-09 01:36:39', '2026-03-09 01:36:39'),
(206, 1, 1, 71, 1, 199, 74, 5, 2, '\"[2,\\\"N\\\\/A\\\"]\"', 'Deposit', 200, 600, 8, 200, '2026-03-09 01:36:39', NULL, 'Deposit From Check In (Room Key & TV Remote)', NULL, 0, 'PM', 0, '2026-03-09 01:36:39', '2026-03-09 01:36:39'),
(207, 1, 1, 71, 1, 199, 74, 5, 2, '\"[2,\\\"N\\\\/A\\\"]\"', 'Deposit', 8, 600, 0, 8, '2026-03-09 01:36:39', NULL, 'Deposit From Check In (Excess Amount)', NULL, 0, 'PM', 0, '2026-03-09 01:36:39', '2026-03-09 01:36:39'),
(208, 1, 1, 72, 1, 224, 75, 5, 1, '\"[2,\\\"N\\\\/A\\\"]\"', 'Guest Check In', 280, 280, 0, 0, '2026-03-09 01:51:51', NULL, 'Guest Checked In at room #136', NULL, 0, 'PM', 0, '2026-03-09 01:44:43', '2026-03-09 01:51:51'),
(209, 1, 1, 72, 1, 224, 75, 5, 2, '\"[2,\\\"N\\\\/A\\\"]\"', 'Deposit', 200, 480, 0, 200, '2026-03-09 01:44:43', NULL, 'Deposit From Check In (Room Key & TV Remote)', NULL, 0, 'PM', 0, '2026-03-09 01:44:43', '2026-03-09 01:44:43'),
(210, 1, 1, 72, 1, 101, 75, 3, 7, '\"[2,\\\"N\\\\/A\\\"]\"', 'Room Transfer', 0, 0, 0, 0, '2026-03-09 00:00:00', NULL, 'Guest Transfered from Room #294 ( Double size Bed) to Room #136 ( Double size Bed) - Reason: LEAKING', 1, 0, 'PM', 0, '2026-03-09 01:51:51', '2026-03-09 01:51:51'),
(211, 1, 1, 73, 1, 200, 76, 5, 1, '\"[2,\\\"N\\\\/A\\\"]\"', 'Guest Check In', 280, 480, 0, 0, '2026-03-09 02:02:14', NULL, 'Guest Checked In at room #270', NULL, 0, 'PM', 0, '2026-03-09 02:02:14', '2026-03-09 02:02:14'),
(212, 1, 1, 73, 1, 200, 76, 5, 2, '\"[2,\\\"N\\\\/A\\\"]\"', 'Deposit', 200, 480, 0, 200, '2026-03-09 02:02:14', NULL, 'Deposit From Check In (Room Key & TV Remote)', NULL, 0, 'PM', 0, '2026-03-09 02:02:14', '2026-03-09 02:02:14'),
(213, 1, 1, 25, 1, 120, 26, 3, 6, '\"[2,\\\"N\\\\/A\\\"]\"', 'Extension', 112, 112, 0, 0, '2026-03-09 02:34:41', NULL, 'Guest Extension : 6 hours', NULL, 0, 'PM', 0, '2026-03-09 02:34:21', '2026-03-09 02:34:41'),
(214, 1, 1, 74, 1, 157, 77, 4, 1, '\"[2,\\\"N\\\\/A\\\"]\"', 'Guest Check In', 616, 884, 68, 0, '2026-03-09 02:35:29', NULL, 'Guest Checked In at room #224', NULL, 0, 'PM', 0, '2026-03-09 02:35:29', '2026-03-09 02:35:29'),
(215, 1, 1, 74, 1, 157, 77, 4, 2, '\"[2,\\\"N\\\\/A\\\"]\"', 'Deposit', 200, 884, 68, 200, '2026-03-09 02:35:30', NULL, 'Deposit From Check In (Room Key & TV Remote)', NULL, 0, 'PM', 0, '2026-03-09 02:35:30', '2026-03-09 02:35:30'),
(216, 1, 1, 74, 1, 157, 77, 4, 2, '\"[2,\\\"N\\\\/A\\\"]\"', 'Deposit', 68, 884, 0, 68, '2026-03-09 02:35:30', NULL, 'Deposit From Check In (Excess Amount)', NULL, 0, 'PM', 0, '2026-03-09 02:35:30', '2026-03-09 02:35:30'),
(217, 1, 1, 75, 1, 97, 78, 3, 1, '\"[2,\\\"N\\\\/A\\\"]\"', 'Guest Check In', 280, 480, 0, 0, '2026-03-09 02:49:25', NULL, 'Guest Checked In at room #132', NULL, 0, 'PM', 0, '2026-03-09 02:49:25', '2026-03-09 02:49:25'),
(218, 1, 1, 75, 1, 97, 78, 3, 2, '\"[2,\\\"N\\\\/A\\\"]\"', 'Deposit', 200, 480, 0, 200, '2026-03-09 02:49:25', NULL, 'Deposit From Check In (Room Key & TV Remote)', NULL, 0, 'PM', 0, '2026-03-09 02:49:25', '2026-03-09 02:49:25'),
(219, 1, 1, 76, 1, 2, 79, 1, 1, '\"[2,\\\"N\\\\/A\\\"]\"', 'Guest Check In', 280, 480, 0, 0, '2026-03-09 02:56:04', NULL, 'Guest Checked In at room #2', NULL, 0, 'PM', 0, '2026-03-09 02:56:04', '2026-03-09 02:56:04'),
(220, 1, 1, 76, 1, 2, 79, 1, 2, '\"[2,\\\"N\\\\/A\\\"]\"', 'Deposit', 200, 480, 0, 200, '2026-03-09 02:56:04', NULL, 'Deposit From Check In (Room Key & TV Remote)', NULL, 0, 'PM', 0, '2026-03-09 02:56:04', '2026-03-09 02:56:04'),
(221, 1, 1, 77, 1, 204, 80, 5, 1, '\"[2,\\\"N\\\\/A\\\"]\"', 'Guest Check In', 392, 600, 8, 0, '2026-03-09 02:59:56', NULL, 'Guest Checked In at room #274', NULL, 0, 'PM', 0, '2026-03-09 02:59:56', '2026-03-09 02:59:56'),
(222, 1, 1, 77, 1, 204, 80, 5, 2, '\"[2,\\\"N\\\\/A\\\"]\"', 'Deposit', 200, 600, 8, 200, '2026-03-09 02:59:56', NULL, 'Deposit From Check In (Room Key & TV Remote)', NULL, 0, 'PM', 0, '2026-03-09 02:59:56', '2026-03-09 02:59:56'),
(223, 1, 1, 77, 1, 204, 80, 5, 2, '\"[2,\\\"N\\\\/A\\\"]\"', 'Deposit', 8, 600, 0, 8, '2026-03-09 02:59:56', NULL, 'Deposit From Check In (Excess Amount)', NULL, 0, 'PM', 0, '2026-03-09 02:59:56', '2026-03-09 02:59:56'),
(224, 1, 1, 78, 1, 206, 81, 5, 1, '\"[2,\\\"N\\\\/A\\\"]\"', 'Guest Check In', 392, 600, 8, 0, '2026-03-09 03:01:19', NULL, 'Guest Checked In at room #276', NULL, 0, 'PM', 0, '2026-03-09 03:01:19', '2026-03-09 03:01:19'),
(225, 1, 1, 78, 1, 206, 81, 5, 2, '\"[2,\\\"N\\\\/A\\\"]\"', 'Deposit', 200, 600, 8, 200, '2026-03-09 03:01:19', NULL, 'Deposit From Check In (Room Key & TV Remote)', NULL, 0, 'PM', 0, '2026-03-09 03:01:19', '2026-03-09 03:01:19'),
(226, 1, 1, 78, 1, 206, 81, 5, 2, '\"[2,\\\"N\\\\/A\\\"]\"', 'Deposit', 8, 600, 0, 8, '2026-03-09 03:01:19', NULL, 'Deposit From Check In (Excess Amount)', NULL, 0, 'PM', 0, '2026-03-09 03:01:19', '2026-03-09 03:01:19'),
(227, 1, 1, 79, 1, 225, 82, 5, 1, '\"[2,\\\"N\\\\/A\\\"]\"', 'Guest Check In', 336, 1000, 464, 0, '2026-03-09 03:39:04', NULL, 'Guest Checked In at room #5A', NULL, 0, 'PM', 0, '2026-03-09 03:39:04', '2026-03-09 03:39:04'),
(228, 1, 1, 79, 1, 225, 82, 5, 2, '\"[2,\\\"N\\\\/A\\\"]\"', 'Deposit', 200, 1000, 464, 200, '2026-03-09 03:39:04', NULL, 'Deposit From Check In (Room Key & TV Remote)', NULL, 0, 'PM', 0, '2026-03-09 03:39:04', '2026-03-09 03:39:04'),
(229, 1, 1, 79, 1, 225, 82, 5, 2, '\"[2,\\\"N\\\\/A\\\"]\"', 'Deposit', 464, 1000, 0, 464, '2026-03-09 03:39:04', NULL, 'Deposit From Check In (Excess Amount)', NULL, 0, 'PM', 0, '2026-03-09 03:39:04', '2026-03-09 03:39:04'),
(230, 1, 1, 15, 1, 17, 16, 1, 2, '\"[2,\\\"N\\\\/A\\\"]\"', 'Deposit', 8, 0, 0, 8, '2026-03-09 03:43:41', NULL, 'Guest Deposit: change', NULL, 0, 'PM', 0, '2026-03-09 03:43:41', '2026-03-09 03:43:41'),
(231, 1, 1, 15, 1, 17, 16, 1, 5, '\"[2,\\\"N\\\\/A\\\"]\"', 'Cashout', 8, 0, 0, 8, '2026-03-09 03:43:57', NULL, 'Guest Deduction of Deposit: ₱8 deducted.', NULL, 0, 'PM', 0, '2026-03-09 03:43:57', '2026-03-09 03:43:57'),
(232, 1, 1, 80, 1, 85, 83, 3, 1, '\"[2,\\\"N\\\\/A\\\"]\"', 'Guest Check In', 280, 480, 0, 0, '2026-03-09 03:48:04', NULL, 'Guest Checked In at room #120', NULL, 0, 'PM', 0, '2026-03-09 03:48:04', '2026-03-09 03:48:04'),
(233, 1, 1, 80, 1, 85, 83, 3, 2, '\"[2,\\\"N\\\\/A\\\"]\"', 'Deposit', 200, 480, 0, 200, '2026-03-09 03:48:04', NULL, 'Deposit From Check In (Room Key & TV Remote)', NULL, 0, 'PM', 0, '2026-03-09 03:48:04', '2026-03-09 03:48:04'),
(234, 1, 1, 81, 1, 207, 84, 5, 1, '\"[2,\\\"N\\\\/A\\\"]\"', 'Guest Check In', 280, 480, 0, 0, '2026-03-09 03:48:51', NULL, 'Guest Checked In at room #277', NULL, 0, 'PM', 0, '2026-03-09 03:48:51', '2026-03-09 03:48:51'),
(235, 1, 1, 81, 1, 207, 84, 5, 2, '\"[2,\\\"N\\\\/A\\\"]\"', 'Deposit', 200, 480, 0, 200, '2026-03-09 03:48:51', NULL, 'Deposit From Check In (Room Key & TV Remote)', NULL, 0, 'PM', 0, '2026-03-09 03:48:51', '2026-03-09 03:48:51'),
(236, 1, 1, 82, 1, 216, 85, 5, 1, '\"[2,\\\"N\\\\/A\\\"]\"', 'Guest Check In', 280, 480, 0, 0, '2026-03-09 03:49:00', NULL, 'Guest Checked In at room #286', NULL, 0, 'PM', 0, '2026-03-09 03:49:00', '2026-03-09 03:49:00'),
(237, 1, 1, 82, 1, 216, 85, 5, 2, '\"[2,\\\"N\\\\/A\\\"]\"', 'Deposit', 200, 480, 0, 200, '2026-03-09 03:49:00', NULL, 'Deposit From Check In (Room Key & TV Remote)', NULL, 0, 'PM', 0, '2026-03-09 03:49:00', '2026-03-09 03:49:00'),
(238, 1, 1, 83, 1, 208, 86, 5, 1, '\"[2,\\\"N\\\\/A\\\"]\"', 'Guest Check In', 280, 480, 0, 0, '2026-03-09 03:58:44', NULL, 'Guest Checked In at room #278', NULL, 0, 'PM', 0, '2026-03-09 03:58:44', '2026-03-09 03:58:44'),
(239, 1, 1, 83, 1, 208, 86, 5, 2, '\"[2,\\\"N\\\\/A\\\"]\"', 'Deposit', 200, 480, 0, 200, '2026-03-09 03:58:44', NULL, 'Deposit From Check In (Room Key & TV Remote)', NULL, 0, 'PM', 0, '2026-03-09 03:58:44', '2026-03-09 03:58:44'),
(240, 1, 1, 84, 1, 55, 87, 2, 1, '\"[2,\\\"N\\\\/A\\\"]\"', 'Guest Check In', 280, 480, 0, 0, '2026-03-09 04:00:08', NULL, 'Guest Checked In at room #72', NULL, 0, 'PM', 0, '2026-03-09 04:00:08', '2026-03-09 04:00:08'),
(241, 1, 1, 84, 1, 55, 87, 2, 2, '\"[2,\\\"N\\\\/A\\\"]\"', 'Deposit', 200, 480, 0, 200, '2026-03-09 04:00:08', NULL, 'Deposit From Check In (Room Key & TV Remote)', NULL, 0, 'PM', 0, '2026-03-09 04:00:08', '2026-03-09 04:00:08'),
(242, 1, 1, 85, 1, 141, 89, 4, 1, '\"[2,\\\"N\\\\/A\\\"]\"', 'Guest Check In', 280, 480, 0, 0, '2026-03-09 04:09:57', NULL, 'Guest Checked In at room #207', NULL, 0, 'PM', 0, '2026-03-09 04:09:57', '2026-03-09 04:09:57'),
(243, 1, 1, 85, 1, 141, 89, 4, 2, '\"[2,\\\"N\\\\/A\\\"]\"', 'Deposit', 200, 480, 0, 200, '2026-03-09 04:09:57', NULL, 'Deposit From Check In (Room Key & TV Remote)', NULL, 0, 'PM', 0, '2026-03-09 04:09:57', '2026-03-09 04:09:57'),
(244, 1, 1, 47, 1, 18, 48, 1, 6, '\"[2,\\\"N\\\\/A\\\"]\"', 'Extension', 112, 112, 0, 0, '2026-03-09 04:10:43', NULL, 'Guest Extension : 6 hours', NULL, 0, 'PM', 0, '2026-03-09 04:10:26', '2026-03-09 04:10:43'),
(245, 1, 1, 48, 1, 229, 49, 5, 6, '\"[2,\\\"N\\\\/A\\\"]\"', 'Extension', 112, 112, 0, 0, '2026-03-09 04:11:15', NULL, 'Guest Extension : 6 hours', NULL, 0, 'PM', 0, '2026-03-09 04:11:03', '2026-03-09 04:11:15'),
(246, 1, 1, 86, 1, 135, 90, 4, 1, '\"[2,\\\"N\\\\/A\\\"]\"', 'Guest Check In', 616, 1000, 184, 0, '2026-03-09 04:12:30', NULL, 'Guest Checked In at room #201', NULL, 0, 'PM', 0, '2026-03-09 04:12:30', '2026-03-09 04:12:30'),
(247, 1, 1, 86, 1, 135, 90, 4, 2, '\"[2,\\\"N\\\\/A\\\"]\"', 'Deposit', 200, 1000, 184, 200, '2026-03-09 04:12:30', NULL, 'Deposit From Check In (Room Key & TV Remote)', NULL, 0, 'PM', 0, '2026-03-09 04:12:30', '2026-03-09 04:12:30'),
(248, 1, 1, 86, 1, 135, 90, 4, 2, '\"[2,\\\"N\\\\/A\\\"]\"', 'Deposit', 184, 1000, 0, 184, '2026-03-09 04:12:30', NULL, 'Deposit From Check In (Excess Amount)', NULL, 0, 'PM', 0, '2026-03-09 04:12:30', '2026-03-09 04:12:30'),
(249, 1, 1, 87, 1, 10, 92, 1, 1, '\"[2,\\\"N\\\\/A\\\"]\"', 'Guest Check In', 280, 480, 0, 0, '2026-03-09 04:32:59', NULL, 'Guest Checked In at room #10', NULL, 0, 'PM', 0, '2026-03-09 04:32:59', '2026-03-09 04:32:59'),
(250, 1, 1, 87, 1, 10, 92, 1, 2, '\"[2,\\\"N\\\\/A\\\"]\"', 'Deposit', 200, 480, 0, 200, '2026-03-09 04:32:59', NULL, 'Deposit From Check In (Room Key & TV Remote)', NULL, 0, 'PM', 0, '2026-03-09 04:32:59', '2026-03-09 04:32:59'),
(251, 1, 1, 83, 1, 208, 86, 5, 4, '\"[2,\\\"N\\\\/A\\\"]\"', 'Damage Charges', 100, 100, 0, 0, '2026-03-09 04:54:33', NULL, 'Guest Charged for Damage: (1) BLOOD STAIN LARGE', NULL, 0, 'PM', 0, '2026-03-09 04:51:55', '2026-03-09 04:54:33'),
(252, 1, 1, 83, 1, 208, 86, 5, 4, '\"[2,\\\"N\\\\/A\\\"]\"', 'Damage Charges', 100, 100, 0, 0, '2026-03-09 04:54:21', NULL, 'Guest Charged for Damage: (1) BLOOD STAIN LARGE', NULL, 0, 'PM', 0, '2026-03-09 04:54:02', '2026-03-09 04:54:21'),
(253, 1, 1, 83, 1, 208, 86, 5, 4, '\"[2,\\\"N\\\\/A\\\"]\"', 'Damage Charges', 100, 200, 100, 100, '2026-03-09 04:55:22', NULL, 'Guest Charged for Damage: (1) BLOOD STAIN LARGE', NULL, 0, 'PM', 0, '2026-03-09 04:55:07', '2026-03-09 04:55:22'),
(254, 1, 1, 88, 1, 130, 93, 3, 1, '\"[2,\\\"N\\\\/A\\\"]\"', 'Guest Check In', 224, 424, 0, 0, '2026-03-09 05:07:25', NULL, 'Guest Checked In at room #3D', NULL, 0, 'PM', 0, '2026-03-09 05:07:25', '2026-03-09 05:07:25'),
(255, 1, 1, 88, 1, 130, 93, 3, 2, '\"[2,\\\"N\\\\/A\\\"]\"', 'Deposit', 200, 424, 0, 200, '2026-03-09 05:07:25', NULL, 'Deposit From Check In (Room Key & TV Remote)', NULL, 0, 'PM', 0, '2026-03-09 05:07:25', '2026-03-09 05:07:25'),
(256, 1, 1, 89, 1, 131, 94, 3, 1, '\"[2,\\\"N\\\\/A\\\"]\"', 'Guest Check In', 336, 1000, 464, 0, '2026-03-09 05:42:14', NULL, 'Guest Checked In at room #3E', NULL, 0, 'PM', 0, '2026-03-09 05:42:14', '2026-03-09 05:42:14'),
(257, 1, 1, 89, 1, 131, 94, 3, 2, '\"[2,\\\"N\\\\/A\\\"]\"', 'Deposit', 200, 1000, 464, 200, '2026-03-09 05:42:14', NULL, 'Deposit From Check In (Room Key & TV Remote)', NULL, 0, 'PM', 0, '2026-03-09 05:42:14', '2026-03-09 05:42:14'),
(258, 1, 1, 89, 1, 131, 94, 3, 2, '\"[2,\\\"N\\\\/A\\\"]\"', 'Deposit', 464, 1000, 0, 464, '2026-03-09 05:42:14', NULL, 'Deposit From Check In (Excess Amount)', NULL, 0, 'PM', 0, '2026-03-09 05:42:14', '2026-03-09 05:42:14'),
(259, 1, 1, 65, 1, 185, 67, 5, 6, '\"[2,\\\"N\\\\/A\\\"]\"', 'Extension', 112, 112, 0, 0, '2026-03-09 05:46:13', NULL, 'Guest Extension : 6 hours', NULL, 0, 'PM', 0, '2026-03-09 05:45:56', '2026-03-09 05:46:13'),
(260, 1, 1, 60, 1, 123, 62, 3, 6, '\"[2,\\\"N\\\\/A\\\"]\"', 'Extension', 112, 112, 0, 0, '2026-03-09 06:16:18', NULL, 'Guest Extension : 6 hours', NULL, 0, 'PM', 0, '2026-03-09 06:16:07', '2026-03-09 06:16:18'),
(261, 1, 1, 90, 1, 115, 95, 3, 1, '\"[2,\\\"N\\\\/A\\\"]\"', 'Guest Check In', 392, 600, 8, 0, '2026-03-09 06:17:42', NULL, 'Guest Checked In at room #160', NULL, 0, 'PM', 0, '2026-03-09 06:17:42', '2026-03-09 06:17:42'),
(262, 1, 1, 90, 1, 115, 95, 3, 2, '\"[2,\\\"N\\\\/A\\\"]\"', 'Deposit', 200, 600, 8, 200, '2026-03-09 06:17:42', NULL, 'Deposit From Check In (Room Key & TV Remote)', NULL, 0, 'PM', 0, '2026-03-09 06:17:42', '2026-03-09 06:17:42'),
(263, 1, 1, 90, 1, 115, 95, 3, 2, '\"[2,\\\"N\\\\/A\\\"]\"', 'Deposit', 8, 600, 0, 8, '2026-03-09 06:17:42', NULL, 'Deposit From Check In (Excess Amount)', NULL, 0, 'PM', 0, '2026-03-09 06:17:42', '2026-03-09 06:17:42'),
(264, 1, 1, 91, 1, 116, 97, 3, 1, '\"[2,\\\"N\\\\/A\\\"]\"', 'Guest Check In', 1232, 1500, 68, 0, '2026-03-09 06:55:11', NULL, 'Guest Checked In at room #161', NULL, 0, 'PM', 0, '2026-03-09 06:55:11', '2026-03-09 06:55:11'),
(265, 1, 1, 91, 1, 116, 97, 3, 2, '\"[2,\\\"N\\\\/A\\\"]\"', 'Deposit', 200, 1500, 68, 200, '2026-03-09 06:55:11', NULL, 'Deposit From Check In (Room Key & TV Remote)', NULL, 0, 'PM', 0, '2026-03-09 06:55:11', '2026-03-09 06:55:11'),
(266, 1, 1, 91, 1, 116, 97, 3, 2, '\"[2,\\\"N\\\\/A\\\"]\"', 'Deposit', 68, 1500, 0, 68, '2026-03-09 06:55:11', NULL, 'Deposit From Check In (Excess Amount)', NULL, 0, 'PM', 0, '2026-03-09 06:55:11', '2026-03-09 06:55:11'),
(267, 1, 1, 92, 1, 44, 96, 2, 1, '\"[2,\\\"N\\\\/A\\\"]\"', 'Guest Check In', 616, 616, 0, 0, '2026-03-09 07:39:34', NULL, 'Guest Checked In at room #230', NULL, 0, 'PM', 0, '2026-03-09 07:09:20', '2026-03-09 07:39:34'),
(268, 1, 1, 92, 1, 44, 96, 2, 2, '\"[2,\\\"N\\\\/A\\\"]\"', 'Deposit', 200, 816, 0, 200, '2026-03-09 07:09:20', NULL, 'Deposit From Check In (Room Key & TV Remote)', NULL, 0, 'PM', 0, '2026-03-09 07:09:20', '2026-03-09 07:09:20'),
(269, 1, 2, 72, 1, 101, 75, 3, 6, '\"[3,\\\"N\\\\/A\\\"]\"', 'Extension', 112, 112, 0, 0, '2026-03-09 13:02:23', NULL, 'Guest Extension : 6 hours', NULL, 0, 'PM', 0, '2026-03-09 07:33:02', '2026-03-09 13:02:23'),
(270, 1, 2, 92, 1, 163, 96, 4, 7, '\"[3,\\\"N\\\\/A\\\"]\"', 'Room Transfer', 0, 0, 0, 0, '2026-03-09 00:00:00', NULL, 'Guest Transfered from Room #61 ( Double size Bed) to Room #230 ( Double size Bed) - Reason: small room', 2, 0, 'PM', 0, '2026-03-09 07:39:34', '2026-03-09 07:39:34'),
(271, 1, 2, 5, 1, 167, 5, 4, 6, '\"[3,\\\"N\\\\/A\\\"]\"', 'Extension', 112, 112, 0, 0, '2026-03-09 13:42:22', NULL, 'Guest Extension : 6 hours', NULL, 0, 'PM', 0, '2026-03-09 07:56:03', '2026-03-09 13:42:22');
INSERT INTO `transactions` (`id`, `branch_id`, `shift_log_id`, `checkin_detail_id`, `cash_drawer_id`, `room_id`, `guest_id`, `floor_id`, `transaction_type_id`, `assigned_frontdesk_id`, `description`, `payable_amount`, `paid_amount`, `change_amount`, `deposit_amount`, `paid_at`, `override_at`, `remarks`, `transfer_reason_id`, `is_co`, `shift`, `is_override`, `created_at`, `updated_at`) VALUES
(272, 1, 2, 8, 1, 19, 8, 1, 6, '\"[3,\\\"N\\\\/A\\\"]\"', 'Extension', 112, 112, 0, 0, '2026-03-09 09:53:18', NULL, 'Guest Extension : 6 hours', NULL, 0, 'PM', 0, '2026-03-09 07:57:46', '2026-03-09 09:53:18');
INSERT INTO `transactions` (`id`, `branch_id`, `shift_log_id`, `checkin_detail_id`, `cash_drawer_id`, `room_id`, `guest_id`, `floor_id`, `transaction_type_id`, `assigned_frontdesk_id`, `description`, `payable_amount`, `paid_amount`, `change_amount`, `deposit_amount`, `paid_at`, `override_at`, `remarks`, `transfer_reason_id`, `is_co`, `shift`, `is_override`, `created_at`, `updated_at`) VALUES
(273, 1, 2, 93, 1, 87, 98, 3, 1, '\"[3,\\\"N\\\\/A\\\"]\"', 'Guest Check In', 616, 1000, 184, 0, '2026-03-09 08:04:19', NULL, 'Guest Checked In at room #122', NULL, 0, 'AM', 0, '2026-03-09 08:04:19', '2026-03-09 08:04:19');
INSERT INTO `transactions` (`id`, `branch_id`, `shift_log_id`, `checkin_detail_id`, `cash_drawer_id`, `room_id`, `guest_id`, `floor_id`, `transaction_type_id`, `assigned_frontdesk_id`, `description`, `payable_amount`, `paid_amount`, `change_amount`, `deposit_amount`, `paid_at`, `override_at`, `remarks`, `transfer_reason_id`, `is_co`, `shift`, `is_override`, `created_at`, `updated_at`) VALUES
(274, 1, 2, 93, 1, 87, 98, 3, 2, '\"[3,\\\"N\\\\/A\\\"]\"', 'Deposit', 200, 1000, 184, 200, '2026-03-09 08:04:19', NULL, 'Deposit From Check In (Room Key & TV Remote)', NULL, 0, 'AM', 0, '2026-03-09 08:04:19', '2026-03-09 08:04:19'),
(275, 1, 2, 94, 1, 2, 99, 1, 1, '\"[3,\\\"N\\\\/A\\\"]\"', 'Guest Check In', 616, 1000, 184, 0, '2026-03-09 08:13:17', NULL, 'Guest Checked In at room #2', NULL, 0, 'AM', 0, '2026-03-09 08:13:17', '2026-03-09 08:13:17'),
(276, 1, 2, 94, 1, 2, 99, 1, 2, '\"[3,\\\"N\\\\/A\\\"]\"', 'Deposit', 200, 1000, 184, 200, '2026-03-09 08:13:17', NULL, 'Deposit From Check In (Room Key & TV Remote)', NULL, 0, 'AM', 0, '2026-03-09 08:13:17', '2026-03-09 08:13:17'),
(277, 1, 2, 16, 1, 209, 17, 5, 6, '\"[3,\\\"N\\\\/A\\\"]\"', 'Extension', 224, 224, 0, 0, '2026-03-09 08:30:35', NULL, 'Guest Extension : 12 hours', NULL, 0, 'AM', 0, '2026-03-09 08:29:29', '2026-03-09 08:30:35'),
(278, 1, 2, 16, 1, 209, 17, 5, 5, '\"[3,\\\"N\\\\/A\\\"]\"', 'Cashout', 224, 224, 0, 0, '2026-03-09 08:30:35', NULL, 'Cashout from paying deposit (Extension)', NULL, 0, 'AM', 0, '2026-03-09 08:30:35', '2026-03-09 08:30:35'),
(279, 1, 2, 68, 1, 50, 71, 2, 5, '\"[3,\\\"N\\\\/A\\\"]\"', 'Cashout', 8, 0, 0, 8, '2026-03-09 08:50:15', NULL, 'Guest Deduction of Deposit: ₱8 deducted.', NULL, 0, 'AM', 0, '2026-03-09 08:50:15', '2026-03-09 08:50:15'),
(280, 1, 2, 21, 1, 83, 22, 2, 5, '\"[3,\\\"N\\\\/A\\\"]\"', 'Cashout', 3, 0, 0, 3, '2026-03-09 08:52:08', NULL, 'Guest Deduction of Deposit: ₱3 deducted.', NULL, 0, 'AM', 0, '2026-03-09 08:52:08', '2026-03-09 08:52:08'),
(281, 1, 2, 20, 1, 70, 21, 2, 5, '\"[3,\\\"N\\\\/A\\\"]\"', 'Cashout', 8, 0, 0, 8, '2026-03-09 08:53:36', NULL, 'Guest Deduction of Deposit: ₱8 deducted.', NULL, 0, 'AM', 0, '2026-03-09 08:53:36', '2026-03-09 08:53:36'),
(282, 1, 2, 22, 1, 75, 23, 2, 5, '\"[3,\\\"N\\\\/A\\\"]\"', 'Cashout', 8, 0, 0, 8, '2026-03-09 09:00:37', NULL, 'Guest Deduction of Deposit: ₱8 deducted.', NULL, 0, 'AM', 0, '2026-03-09 09:00:37', '2026-03-09 09:00:37'),
(283, 1, 2, 22, 1, 75, 23, 2, 4, '\"[3,\\\"N\\\\/A\\\"]\"', 'Damage Charges', 200, 200, 0, 0, '2026-03-09 09:04:32', NULL, 'Guest Charged for Damage: (1) BEER / LIQUOR', NULL, 0, 'AM', 0, '2026-03-09 09:04:06', '2026-03-09 09:04:32'),
(284, 1, 2, 95, 1, 89, 100, 3, 1, '\"[3,\\\"N\\\\/A\\\"]\"', 'Guest Check In', 336, 536, 0, 0, '2026-03-09 09:16:45', NULL, 'Guest Checked In at room #124', NULL, 0, 'AM', 0, '2026-03-09 09:16:45', '2026-03-09 09:16:45'),
(285, 1, 2, 95, 1, 89, 100, 3, 2, '\"[3,\\\"N\\\\/A\\\"]\"', 'Deposit', 200, 536, 0, 200, '2026-03-09 09:16:45', NULL, 'Deposit From Check In (Room Key & TV Remote)', NULL, 0, 'AM', 0, '2026-03-09 09:16:45', '2026-03-09 09:16:45'),
(286, 1, 2, 96, 1, 128, 101, 3, 1, '\"[3,\\\"N\\\\/A\\\"]\"', 'Guest Check In', 560, 1000, 240, 0, '2026-03-09 09:19:16', NULL, 'Guest Checked In at room #3B', NULL, 0, 'AM', 0, '2026-03-09 09:19:16', '2026-03-09 09:19:16'),
(287, 1, 2, 96, 1, 128, 101, 3, 2, '\"[3,\\\"N\\\\/A\\\"]\"', 'Deposit', 200, 1000, 240, 200, '2026-03-09 09:19:16', NULL, 'Deposit From Check In (Room Key & TV Remote)', NULL, 0, 'AM', 0, '2026-03-09 09:19:16', '2026-03-09 09:19:16'),
(288, 1, 2, 31, 1, 32, 32, 1, 5, '\"[3,\\\"N\\\\/A\\\"]\"', 'Cashout', 8, 0, 0, 8, '2026-03-09 09:19:34', NULL, 'Guest Deduction of Deposit: ₱8 deducted.', NULL, 0, 'AM', 0, '2026-03-09 09:19:34', '2026-03-09 09:19:34'),
(289, 1, 2, 97, 1, 1, 102, 1, 1, '\"[3,\\\"N\\\\/A\\\"]\"', 'Guest Check In', 616, 1000, 184, 0, '2026-03-09 09:21:13', NULL, 'Guest Checked In at room #1', NULL, 0, 'AM', 0, '2026-03-09 09:21:13', '2026-03-09 09:21:13'),
(290, 1, 2, 97, 1, 1, 102, 1, 2, '\"[3,\\\"N\\\\/A\\\"]\"', 'Deposit', 200, 1000, 184, 200, '2026-03-09 09:21:13', NULL, 'Deposit From Check In (Room Key & TV Remote)', NULL, 0, 'AM', 0, '2026-03-09 09:21:13', '2026-03-09 09:21:13'),
(291, 1, 2, 33, 1, 53, 34, 2, 4, '\"[3,\\\"N\\\\/A\\\"]\"', 'Damage Charges', 200, 0, 0, 0, '2026-03-09 09:26:22', NULL, 'Guest Charged for Damage: (1) SMOKING', NULL, 0, 'AM', 0, '2026-03-09 09:23:32', '2026-03-09 09:26:22'),
(292, 1, 2, 33, 1, 53, 34, 2, 5, '\"[3,\\\"N\\\\/A\\\"]\"', 'Cashout', 152, 0, 0, 152, '2026-03-09 09:23:57', NULL, 'Guest Deduction of Deposit: ₱152 deducted.', NULL, 0, 'AM', 0, '2026-03-09 09:23:57', '2026-03-09 09:23:57'),
(293, 1, 2, 33, 1, 53, 34, 2, 5, '\"[3,\\\"N\\\\/A\\\"]\"', 'Cashout', 200, 200, 0, 0, '2026-03-09 09:26:22', NULL, 'Cashout from paying all unpaid balances', NULL, 0, 'AM', 0, '2026-03-09 09:26:22', '2026-03-09 09:26:22'),
(294, 1, 2, 98, 1, 7, 103, 1, 1, '\"[3,\\\"N\\\\/A\\\"]\"', 'Guest Check In', 392, 1000, 408, 0, '2026-03-09 09:32:47', NULL, 'Guest Checked In at room #7', NULL, 0, 'AM', 0, '2026-03-09 09:32:47', '2026-03-09 09:32:47'),
(295, 1, 2, 98, 1, 7, 103, 1, 2, '\"[3,\\\"N\\\\/A\\\"]\"', 'Deposit', 200, 1000, 408, 200, '2026-03-09 09:32:47', NULL, 'Deposit From Check In (Room Key & TV Remote)', NULL, 0, 'AM', 0, '2026-03-09 09:32:47', '2026-03-09 09:32:47'),
(296, 1, 2, 66, 1, 215, 68, 5, 5, '\"[3,\\\"N\\\\/A\\\"]\"', 'Cashout', 8, 0, 0, 8, '2026-03-09 09:41:26', NULL, 'Guest Deduction of Deposit: ₱8 deducted.', NULL, 0, 'AM', 0, '2026-03-09 09:41:26', '2026-03-09 09:41:26'),
(297, 1, 2, 77, 1, 204, 80, 5, 4, '\"[3,\\\"N\\\\/A\\\"]\"', 'Damage Charges', 100, 100, 0, 0, '2026-03-09 09:48:32', NULL, 'Guest Charged for Damage: (1) BLOOD STAIN LARGE', NULL, 0, 'AM', 0, '2026-03-09 09:48:27', '2026-03-09 09:48:32'),
(298, 1, 2, 77, 1, 204, 80, 5, 5, '\"[3,\\\"N\\\\/A\\\"]\"', 'Cashout', 100, 100, 0, 0, '2026-03-09 09:48:32', NULL, 'Cashout from paying deposit (Damage Charges)', NULL, 0, 'AM', 0, '2026-03-09 09:48:32', '2026-03-09 09:48:32'),
(299, 1, 2, 35, 1, 16, 36, 1, 5, '\"[3,\\\"N\\\\/A\\\"]\"', 'Cashout', 8, 0, 0, 8, '2026-03-09 09:52:43', NULL, 'Guest Deduction of Deposit: ₱8 deducted.', NULL, 0, 'AM', 0, '2026-03-09 09:52:43', '2026-03-09 09:52:43'),
(300, 1, 2, 40, 1, 126, 41, 3, 6, '\"[3,\\\"N\\\\/A\\\"]\"', 'Extension', 112, 0, 0, 0, '2026-03-09 09:55:15', NULL, 'Guest Extension : 6 hours', NULL, 0, 'AM', 0, '2026-03-09 09:55:06', '2026-03-09 09:55:15'),
(301, 1, 2, 40, 1, 126, 41, 3, 5, '\"[3,\\\"N\\\\/A\\\"]\"', 'Cashout', 112, 112, 0, 0, '2026-03-09 09:55:15', NULL, 'Cashout from paying all unpaid balances', NULL, 0, 'AM', 0, '2026-03-09 09:55:15', '2026-03-09 09:55:15'),
(302, 1, 2, 63, 1, 124, 65, 3, 5, '\"[3,\\\"N\\\\/A\\\"]\"', 'Cashout', 8, 0, 0, 8, '2026-03-09 09:55:40', NULL, 'Guest Deduction of Deposit: ₱8 deducted.', NULL, 0, 'AM', 0, '2026-03-09 09:55:40', '2026-03-09 09:55:40'),
(303, 1, 2, 99, 1, 143, 104, 4, 1, '\"[3,\\\"N\\\\/A\\\"]\"', 'Guest Check In', 280, 480, 0, 0, '2026-03-09 09:56:47', NULL, 'Guest Checked In at room #209', NULL, 0, 'AM', 0, '2026-03-09 09:56:47', '2026-03-09 09:56:47'),
(304, 1, 2, 99, 1, 143, 104, 4, 2, '\"[3,\\\"N\\\\/A\\\"]\"', 'Deposit', 200, 480, 0, 200, '2026-03-09 09:56:47', NULL, 'Deposit From Check In (Room Key & TV Remote)', NULL, 0, 'AM', 0, '2026-03-09 09:56:47', '2026-03-09 09:56:47'),
(305, 1, 2, 100, 1, 136, 105, 4, 1, '\"[3,\\\"N\\\\/A\\\"]\"', 'Guest Check In', 280, 480, 0, 0, '2026-03-09 09:57:15', NULL, 'Guest Checked In at room #202', NULL, 0, 'AM', 0, '2026-03-09 09:57:15', '2026-03-09 09:57:15'),
(306, 1, 2, 100, 1, 136, 105, 4, 2, '\"[3,\\\"N\\\\/A\\\"]\"', 'Deposit', 200, 480, 0, 200, '2026-03-09 09:57:15', NULL, 'Deposit From Check In (Room Key & TV Remote)', NULL, 0, 'AM', 0, '2026-03-09 09:57:15', '2026-03-09 09:57:15'),
(307, 1, 2, 101, 1, 175, 106, 4, 1, '\"[3,\\\"N\\\\/A\\\"]\"', 'Guest Check In', 280, 280, 0, 0, '2026-03-09 11:02:14', NULL, 'Guest Checked In at room #82', NULL, 0, 'AM', 0, '2026-03-09 10:00:48', '2026-03-09 11:02:14'),
(308, 1, 2, 101, 1, 175, 106, 4, 2, '\"[3,\\\"N\\\\/A\\\"]\"', 'Deposit', 200, 480, 0, 200, '2026-03-09 10:00:48', NULL, 'Deposit From Check In (Room Key & TV Remote)', NULL, 0, 'AM', 0, '2026-03-09 10:00:48', '2026-03-09 10:00:48'),
(309, 1, 2, 102, 1, 83, 107, 2, 1, '\"[3,\\\"N\\\\/A\\\"]\"', 'Guest Check In', 280, 480, 0, 0, '2026-03-09 10:05:50', NULL, 'Guest Checked In at room #100', NULL, 0, 'AM', 0, '2026-03-09 10:05:50', '2026-03-09 10:05:50'),
(310, 1, 2, 102, 1, 83, 107, 2, 2, '\"[3,\\\"N\\\\/A\\\"]\"', 'Deposit', 200, 480, 0, 200, '2026-03-09 10:05:50', NULL, 'Deposit From Check In (Room Key & TV Remote)', NULL, 0, 'AM', 0, '2026-03-09 10:05:50', '2026-03-09 10:05:50'),
(311, 1, 2, 103, 1, 169, 108, 4, 1, '\"[3,\\\"N\\\\/A\\\"]\"', 'Guest Check In', 280, 480, 0, 0, '2026-03-09 10:16:17', NULL, 'Guest Checked In at room #236', NULL, 0, 'AM', 0, '2026-03-09 10:16:17', '2026-03-09 10:16:17'),
(312, 1, 2, 103, 1, 169, 108, 4, 2, '\"[3,\\\"N\\\\/A\\\"]\"', 'Deposit', 200, 480, 0, 200, '2026-03-09 10:16:17', NULL, 'Deposit From Check In (Room Key & TV Remote)', NULL, 0, 'AM', 0, '2026-03-09 10:16:17', '2026-03-09 10:16:17'),
(313, 1, 2, 85, 1, 141, 89, 4, 6, '\"[3,\\\"N\\\\/A\\\"]\"', 'Extension', 112, 112, 0, 0, '2026-03-09 10:19:17', NULL, 'Guest Extension : 6 hours', NULL, 0, 'AM', 0, '2026-03-09 10:18:24', '2026-03-09 10:19:17'),
(314, 1, 2, 67, 1, 193, 70, 5, 6, '\"[3,\\\"N\\\\/A\\\"]\"', 'Extension', 112, 112, 0, 0, '2026-03-09 10:26:02', NULL, 'Guest Extension : 6 hours', NULL, 0, 'AM', 0, '2026-03-09 10:25:31', '2026-03-09 10:26:02'),
(315, 1, 2, 104, 1, 139, 109, 4, 1, '\"[3,\\\"N\\\\/A\\\"]\"', 'Guest Check In', 616, 816, 0, 0, '2026-03-09 10:43:27', NULL, 'Guest Checked In at room #205', NULL, 0, 'AM', 0, '2026-03-09 10:43:27', '2026-03-09 10:43:27'),
(316, 1, 2, 104, 1, 139, 109, 4, 2, '\"[3,\\\"N\\\\/A\\\"]\"', 'Deposit', 200, 816, 0, 200, '2026-03-09 10:43:27', NULL, 'Deposit From Check In (Room Key & TV Remote)', NULL, 0, 'AM', 0, '2026-03-09 10:43:27', '2026-03-09 10:43:27'),
(317, 1, 2, 93, 1, 87, 98, 3, 2, '\"[3,\\\"N\\\\/A\\\"]\"', 'Deposit', 184, 0, 0, 184, '2026-03-09 10:51:06', NULL, 'Guest Deposit: 1k cash', NULL, 0, 'AM', 0, '2026-03-09 10:51:06', '2026-03-09 10:51:06'),
(318, 1, 2, 94, 1, 2, 99, 1, 2, '\"[3,\\\"N\\\\/A\\\"]\"', 'Deposit', 184, 0, 0, 184, '2026-03-09 10:52:37', NULL, 'Guest Deposit: 1k cash', NULL, 0, 'AM', 0, '2026-03-09 10:52:37', '2026-03-09 10:52:37'),
(319, 1, 2, 96, 1, 128, 101, 3, 2, '\"[3,\\\"N\\\\/A\\\"]\"', 'Deposit', 240, 0, 0, 240, '2026-03-09 10:54:16', NULL, 'Guest Deposit: 1k cash', NULL, 0, 'AM', 0, '2026-03-09 10:54:16', '2026-03-09 10:54:16'),
(320, 1, 2, 97, 1, 1, 102, 1, 2, '\"[3,\\\"N\\\\/A\\\"]\"', 'Deposit', 184, 0, 0, 184, '2026-03-09 10:55:04', NULL, 'Guest Deposit: 1k cash', NULL, 0, 'AM', 0, '2026-03-09 10:55:04', '2026-03-09 10:55:04'),
(321, 1, 2, 98, 1, 7, 103, 1, 2, '\"[3,\\\"N\\\\/A\\\"]\"', 'Deposit', 408, 0, 0, 408, '2026-03-09 10:55:47', NULL, 'Guest Deposit: 1k cash', NULL, 0, 'AM', 0, '2026-03-09 10:55:47', '2026-03-09 10:55:47'),
(322, 1, 2, 101, 1, 65, 106, 2, 7, '\"[3,\\\"N\\\\/A\\\"]\"', 'Room Transfer', 0, 0, 0, 0, '2026-03-09 00:00:00', NULL, 'Guest Transfered from Room #252 ( Double size Bed) to Room #82 ( Double size Bed) - Reason: Not Comfortable', 9, 0, 'AM', 0, '2026-03-09 11:02:14', '2026-03-09 11:02:14'),
(323, 1, 2, 105, 1, 187, 110, 5, 1, '\"[3,\\\"N\\\\/A\\\"]\"', 'Guest Check In', 224, 424, 0, 0, '2026-03-09 11:07:21', NULL, 'Guest Checked In at room #257', NULL, 0, 'AM', 0, '2026-03-09 11:07:21', '2026-03-09 11:07:21'),
(324, 1, 2, 105, 1, 187, 110, 5, 2, '\"[3,\\\"N\\\\/A\\\"]\"', 'Deposit', 200, 424, 0, 200, '2026-03-09 11:07:21', NULL, 'Deposit From Check In (Room Key & TV Remote)', NULL, 0, 'AM', 0, '2026-03-09 11:07:21', '2026-03-09 11:07:21'),
(325, 1, 2, 51, 1, 26, 51, 1, 6, '\"[3,\\\"N\\\\/A\\\"]\"', 'Extension', 112, 112, 0, 0, '2026-03-09 11:21:22', NULL, 'Guest Extension : 6 hours', NULL, 0, 'AM', 0, '2026-03-09 11:20:51', '2026-03-09 11:21:22'),
(326, 1, 2, 90, 1, 115, 95, 3, 5, '\"[3,\\\"N\\\\/A\\\"]\"', 'Cashout', 8, 0, 0, 8, '2026-03-09 11:31:41', NULL, 'Guest Deduction of Deposit: ₱8 deducted.', NULL, 0, 'AM', 0, '2026-03-09 11:31:41', '2026-03-09 11:31:41'),
(327, 1, 2, 71, 1, 199, 74, 5, 5, '\"[3,\\\"N\\\\/A\\\"]\"', 'Cashout', 8, 0, 0, 8, '2026-03-09 11:34:31', NULL, 'Guest Deduction of Deposit: ₱8 deducted.', NULL, 0, 'AM', 0, '2026-03-09 11:34:31', '2026-03-09 11:34:31'),
(328, 1, 2, 61, 1, 211, 63, 5, 5, '\"[3,\\\"N\\\\/A\\\"]\"', 'Cashout', 8, 0, 0, 8, '2026-03-09 11:42:48', NULL, 'Guest Deduction of Deposit: ₱8 deducted.', NULL, 0, 'AM', 0, '2026-03-09 11:42:48', '2026-03-09 11:42:48'),
(329, 1, 2, 106, 1, 129, 111, 3, 1, '\"[3,\\\"N\\\\/A\\\"]\"', 'Guest Check In', 560, 1000, 240, 0, '2026-03-09 11:48:03', NULL, 'Guest Checked In at room #3C', NULL, 0, 'AM', 0, '2026-03-09 11:48:03', '2026-03-09 11:48:03'),
(330, 1, 2, 106, 1, 129, 111, 3, 2, '\"[3,\\\"N\\\\/A\\\"]\"', 'Deposit', 200, 1000, 240, 200, '2026-03-09 11:48:03', NULL, 'Deposit From Check In (Room Key & TV Remote)', NULL, 0, 'AM', 0, '2026-03-09 11:48:03', '2026-03-09 11:48:03'),
(331, 1, 2, 106, 1, 129, 111, 3, 2, '\"[3,\\\"N\\\\/A\\\"]\"', 'Deposit', 240, 1000, 0, 240, '2026-03-09 11:48:03', NULL, 'Deposit From Check In (Excess Amount)', NULL, 0, 'AM', 0, '2026-03-09 11:48:03', '2026-03-09 11:48:03'),
(332, 1, 2, 107, 1, 12, 112, 1, 1, '\"[3,\\\"N\\\\/A\\\"]\"', 'Guest Check In', 280, 480, 0, 0, '2026-03-09 11:50:42', NULL, 'Guest Checked In at room #12', NULL, 0, 'AM', 0, '2026-03-09 11:50:42', '2026-03-09 11:50:42'),
(333, 1, 2, 107, 1, 12, 112, 1, 2, '\"[3,\\\"N\\\\/A\\\"]\"', 'Deposit', 200, 480, 0, 200, '2026-03-09 11:50:42', NULL, 'Deposit From Check In (Room Key & TV Remote)', NULL, 0, 'AM', 0, '2026-03-09 11:50:42', '2026-03-09 11:50:42'),
(334, 1, 2, 108, 1, 43, 113, 2, 1, '\"[3,\\\"N\\\\/A\\\"]\"', 'Guest Check In', 280, 480, 0, 0, '2026-03-09 11:59:49', NULL, 'Guest Checked In at room #60', NULL, 0, 'AM', 0, '2026-03-09 11:59:49', '2026-03-09 11:59:49'),
(335, 1, 2, 108, 1, 43, 113, 2, 2, '\"[3,\\\"N\\\\/A\\\"]\"', 'Deposit', 200, 480, 0, 200, '2026-03-09 11:59:49', NULL, 'Deposit From Check In (Room Key & TV Remote)', NULL, 0, 'AM', 0, '2026-03-09 11:59:49', '2026-03-09 11:59:49'),
(336, 1, 2, 109, 1, 120, 114, 3, 1, '\"[3,\\\"N\\\\/A\\\"]\"', 'Guest Check In', 280, 280, 0, 0, '2026-03-09 12:07:20', NULL, 'Guest Checked In at room #29', NULL, 0, 'AM', 0, '2026-03-09 12:03:23', '2026-03-09 12:07:20'),
(337, 1, 2, 109, 1, 120, 114, 3, 2, '\"[3,\\\"N\\\\/A\\\"]\"', 'Deposit', 200, 480, 0, 200, '2026-03-09 12:03:23', NULL, 'Deposit From Check In (Room Key & TV Remote)', NULL, 0, 'AM', 0, '2026-03-09 12:03:23', '2026-03-09 12:03:23'),
(338, 1, 2, 109, 1, 28, 114, 1, 7, '\"[3,\\\"N\\\\/A\\\"]\"', 'Room Transfer', 0, 0, 0, 0, '2026-03-09 00:00:00', NULL, 'Guest Transfered from Room #165 ( Double size Bed) to Room #29 ( Double size Bed) - Reason: Not Comfortable', 9, 0, 'AM', 0, '2026-03-09 12:07:20', '2026-03-09 12:07:20'),
(339, 1, 2, 40, 1, 126, 41, 3, 5, '\"[3,\\\"N\\\\/A\\\"]\"', 'Cashout', 176, 0, 0, 176, '2026-03-09 12:11:32', NULL, 'Guest Deduction of Deposit: ₱176 deducted.', NULL, 0, 'AM', 0, '2026-03-09 12:11:32', '2026-03-09 12:11:32'),
(340, 1, 2, 110, 1, 132, 115, 3, 1, '\"[3,\\\"N\\\\/A\\\"]\"', 'Guest Check In', 560, 1000, 240, 0, '2026-03-09 12:19:22', NULL, 'Guest Checked In at room #3F', NULL, 0, 'AM', 0, '2026-03-09 12:19:22', '2026-03-09 12:19:22'),
(341, 1, 2, 110, 1, 132, 115, 3, 2, '\"[3,\\\"N\\\\/A\\\"]\"', 'Deposit', 200, 1000, 240, 200, '2026-03-09 12:19:22', NULL, 'Deposit From Check In (Room Key & TV Remote)', NULL, 0, 'AM', 0, '2026-03-09 12:19:22', '2026-03-09 12:19:22'),
(342, 1, 2, 110, 1, 132, 115, 3, 2, '\"[3,\\\"N\\\\/A\\\"]\"', 'Deposit', 240, 1000, 0, 240, '2026-03-09 12:19:22', NULL, 'Deposit From Check In (Excess Amount)', NULL, 0, 'AM', 0, '2026-03-09 12:19:22', '2026-03-09 12:19:22'),
(343, 1, 2, 111, 1, 176, 116, 4, 1, '\"[3,\\\"N\\\\/A\\\"]\"', 'Guest Check In', 336, 1000, 464, 0, '2026-03-09 12:23:51', NULL, 'Guest Checked In at room #4A', NULL, 0, 'AM', 0, '2026-03-09 12:23:51', '2026-03-09 12:23:51'),
(344, 1, 2, 111, 1, 176, 116, 4, 2, '\"[3,\\\"N\\\\/A\\\"]\"', 'Deposit', 200, 1000, 464, 200, '2026-03-09 12:23:51', NULL, 'Deposit From Check In (Room Key & TV Remote)', NULL, 0, 'AM', 0, '2026-03-09 12:23:51', '2026-03-09 12:23:51'),
(345, 1, 2, 111, 1, 176, 116, 4, 2, '\"[3,\\\"N\\\\/A\\\"]\"', 'Deposit', 464, 1000, 0, 464, '2026-03-09 12:23:51', NULL, 'Deposit From Check In (Excess Amount)', NULL, 0, 'AM', 0, '2026-03-09 12:23:51', '2026-03-09 12:23:51'),
(346, 1, 2, 112, 1, 8, 117, 1, 1, '\"[3,\\\"N\\\\/A\\\"]\"', 'Guest Check In', 280, 480, 0, 0, '2026-03-09 12:28:11', NULL, 'Guest Checked In at room #8', NULL, 0, 'AM', 0, '2026-03-09 12:28:11', '2026-03-09 12:28:11'),
(347, 1, 2, 112, 1, 8, 117, 1, 2, '\"[3,\\\"N\\\\/A\\\"]\"', 'Deposit', 200, 480, 0, 200, '2026-03-09 12:28:11', NULL, 'Deposit From Check In (Room Key & TV Remote)', NULL, 0, 'AM', 0, '2026-03-09 12:28:11', '2026-03-09 12:28:11'),
(348, 1, 2, 113, 1, 3, 118, 1, 1, '\"[3,\\\"N\\\\/A\\\"]\"', 'Guest Check In', 392, 592, 408, 0, '2026-03-09 12:43:40', NULL, 'Guest Checked In at room #3', NULL, 0, 'AM', 0, '2026-03-09 12:43:40', '2026-03-09 12:43:40'),
(349, 1, 2, 113, 1, 3, 118, 1, 2, '\"[3,\\\"N\\\\/A\\\"]\"', 'Deposit', 200, 592, 408, 200, '2026-03-09 12:43:40', NULL, 'Deposit From Check In (Room Key & TV Remote)', NULL, 0, 'AM', 0, '2026-03-09 12:43:40', '2026-03-09 12:43:40'),
(350, 1, 2, 114, 1, 13, 119, 1, 1, '\"[3,\\\"N\\\\/A\\\"]\"', 'Guest Check In', 392, 592, 0, 0, '2026-03-09 12:50:34', NULL, 'Guest Checked In at room #14', NULL, 0, 'AM', 0, '2026-03-09 12:50:34', '2026-03-09 12:50:34'),
(351, 1, 2, 114, 1, 13, 119, 1, 2, '\"[3,\\\"N\\\\/A\\\"]\"', 'Deposit', 200, 592, 0, 200, '2026-03-09 12:50:34', NULL, 'Deposit From Check In (Room Key & TV Remote)', NULL, 0, 'AM', 0, '2026-03-09 12:50:34', '2026-03-09 12:50:34'),
(352, 1, 2, 115, 1, 130, 120, 3, 1, '\"[3,\\\"N\\\\/A\\\"]\"', 'Guest Check In', 224, 424, 0, 0, '2026-03-09 12:54:27', NULL, 'Guest Checked In at room #3D', NULL, 0, 'AM', 0, '2026-03-09 12:54:27', '2026-03-09 12:54:27'),
(353, 1, 2, 115, 1, 130, 120, 3, 2, '\"[3,\\\"N\\\\/A\\\"]\"', 'Deposit', 200, 424, 0, 200, '2026-03-09 12:54:27', NULL, 'Deposit From Check In (Room Key & TV Remote)', NULL, 0, 'AM', 0, '2026-03-09 12:54:27', '2026-03-09 12:54:27'),
(354, 1, 2, 116, 1, 10, 121, 1, 1, '\"[3,\\\"N\\\\/A\\\"]\"', 'Guest Check In', 280, 480, 0, 0, '2026-03-09 12:59:08', NULL, 'Guest Checked In at room #10', NULL, 0, 'AM', 0, '2026-03-09 12:59:08', '2026-03-09 12:59:08'),
(355, 1, 2, 116, 1, 10, 121, 1, 2, '\"[3,\\\"N\\\\/A\\\"]\"', 'Deposit', 200, 480, 0, 200, '2026-03-09 12:59:08', NULL, 'Deposit From Check In (Room Key & TV Remote)', NULL, 0, 'AM', 0, '2026-03-09 12:59:08', '2026-03-09 12:59:08'),
(356, 1, 2, 70, 1, 122, 73, 3, 5, '\"[3,\\\"N\\\\/A\\\"]\"', 'Cashout', 8, 0, 0, 8, '2026-03-09 13:00:34', NULL, 'Guest Deduction of Deposit: ₱8 deducted.', NULL, 0, 'AM', 0, '2026-03-09 13:00:34', '2026-03-09 13:00:34'),
(357, 1, 2, 117, 1, 17, 122, 1, 1, '\"[3,\\\"N\\\\/A\\\"]\"', 'Guest Check In', 280, 480, 0, 0, '2026-03-09 13:04:35', NULL, 'Guest Checked In at room #18', NULL, 0, 'AM', 0, '2026-03-09 13:04:35', '2026-03-09 13:04:35'),
(358, 1, 2, 117, 1, 17, 122, 1, 2, '\"[3,\\\"N\\\\/A\\\"]\"', 'Deposit', 200, 480, 0, 200, '2026-03-09 13:04:35', NULL, 'Deposit From Check In (Room Key & TV Remote)', NULL, 0, 'AM', 0, '2026-03-09 13:04:35', '2026-03-09 13:04:35'),
(359, 1, 2, 118, 1, 84, 123, 2, 1, '\"[3,\\\"N\\\\/A\\\"]\"', 'Guest Check In', 280, 480, 0, 0, '2026-03-09 13:17:02', NULL, 'Guest Checked In at room #101', NULL, 0, 'AM', 0, '2026-03-09 13:17:02', '2026-03-09 13:17:02'),
(360, 1, 2, 118, 1, 84, 123, 2, 2, '\"[3,\\\"N\\\\/A\\\"]\"', 'Deposit', 200, 480, 0, 200, '2026-03-09 13:17:02', NULL, 'Deposit From Check In (Room Key & TV Remote)', NULL, 0, 'AM', 0, '2026-03-09 13:17:02', '2026-03-09 13:17:02'),
(361, 1, 2, 119, 1, 62, 124, 2, 1, '\"[3,\\\"N\\\\/A\\\"]\"', 'Guest Check In', 616, 616, 0, 0, '2026-03-09 13:20:39', NULL, 'Guest Checked In at room #31', NULL, 0, 'AM', 0, '2026-03-09 13:19:06', '2026-03-09 13:20:39'),
(362, 1, 2, 119, 1, 62, 124, 2, 2, '\"[3,\\\"N\\\\/A\\\"]\"', 'Deposit', 200, 766, 0, 200, '2026-03-09 13:19:06', NULL, 'Deposit From Check In (Room Key & TV Remote)', NULL, 0, 'AM', 0, '2026-03-09 13:19:06', '2026-03-09 13:19:06'),
(363, 1, 2, 119, 1, 30, 124, 1, 7, '\"[3,\\\"N\\\\/A\\\"]\"', 'Room Transfer', 0, 0, 0, 0, '2026-03-09 00:00:00', NULL, 'Guest Transfered from Room #79 ( Double size Bed) to Room #31 ( Double size Bed) - Reason: window side', 4, 0, 'AM', 0, '2026-03-09 13:20:39', '2026-03-09 13:20:39'),
(364, 1, 2, 120, 1, 61, 126, 2, 1, '\"[3,\\\"N\\\\/A\\\"]\"', 'Guest Check In', 616, 616, 0, 0, '2026-03-09 13:22:52', NULL, 'Guest Checked In at room #30', NULL, 0, 'AM', 0, '2026-03-09 13:21:55', '2026-03-09 13:22:52');
INSERT INTO `transactions` (`id`, `branch_id`, `shift_log_id`, `checkin_detail_id`, `cash_drawer_id`, `room_id`, `guest_id`, `floor_id`, `transaction_type_id`, `assigned_frontdesk_id`, `description`, `payable_amount`, `paid_amount`, `change_amount`, `deposit_amount`, `paid_at`, `override_at`, `remarks`, `transfer_reason_id`, `is_co`, `shift`, `is_override`, `created_at`, `updated_at`) VALUES
(365, 1, 2, 120, 1, 61, 126, 2, 2, '\"[3,\\\"N\\\\/A\\\"]\"', 'Deposit', 200, 816, 0, 200, '2026-03-09 13:21:55', NULL, 'Deposit From Check In (Room Key & TV Remote)', NULL, 0, 'AM', 0, '2026-03-09 13:21:55', '2026-03-09 13:21:55');
INSERT INTO `transactions` (`id`, `branch_id`, `shift_log_id`, `checkin_detail_id`, `cash_drawer_id`, `room_id`, `guest_id`, `floor_id`, `transaction_type_id`, `assigned_frontdesk_id`, `description`, `payable_amount`, `paid_amount`, `change_amount`, `deposit_amount`, `paid_at`, `override_at`, `remarks`, `transfer_reason_id`, `is_co`, `shift`, `is_override`, `created_at`, `updated_at`) VALUES
(366, 1, 2, 120, 1, 29, 126, 1, 7, '\"[3,\\\"N\\\\/A\\\"]\"', 'Room Transfer', 0, 0, 0, 0, '2026-03-09 00:00:00', NULL, 'Guest Transfered from Room #78 ( Double size Bed) to Room #30 ( Double size Bed) - Reason: window side', 4, 0, 'AM', 0, '2026-03-09 13:22:52', '2026-03-09 13:22:52');
INSERT INTO `transactions` (`id`, `branch_id`, `shift_log_id`, `checkin_detail_id`, `cash_drawer_id`, `room_id`, `guest_id`, `floor_id`, `transaction_type_id`, `assigned_frontdesk_id`, `description`, `payable_amount`, `paid_amount`, `change_amount`, `deposit_amount`, `paid_at`, `override_at`, `remarks`, `transfer_reason_id`, `is_co`, `shift`, `is_override`, `created_at`, `updated_at`) VALUES
(367, 1, 2, 121, 1, 34, 125, 1, 1, '\"[3,\\\"N\\\\/A\\\"]\"', 'Guest Check In', 616, 1000, 184, 0, '2026-03-09 13:25:03', NULL, 'Guest Checked In at room #35', NULL, 0, 'AM', 0, '2026-03-09 13:25:03', '2026-03-09 13:25:03'),
(368, 1, 2, 121, 1, 34, 125, 1, 2, '\"[3,\\\"N\\\\/A\\\"]\"', 'Deposit', 200, 1000, 184, 200, '2026-03-09 13:25:03', NULL, 'Deposit From Check In (Room Key & TV Remote)', NULL, 0, 'AM', 0, '2026-03-09 13:25:03', '2026-03-09 13:25:03'),
(369, 1, 2, 121, 1, 34, 125, 1, 2, '\"[3,\\\"N\\\\/A\\\"]\"', 'Deposit', 184, 1000, 0, 184, '2026-03-09 13:25:03', NULL, 'Deposit From Check In (Excess Amount)', NULL, 0, 'AM', 0, '2026-03-09 13:25:03', '2026-03-09 13:25:03'),
(370, 1, 2, 122, 1, 20, 127, 1, 1, '\"[3,\\\"N\\\\/A\\\"]\"', 'Guest Check In', 280, 480, 0, 0, '2026-03-09 13:25:36', NULL, 'Guest Checked In at room #21', NULL, 0, 'AM', 0, '2026-03-09 13:25:36', '2026-03-09 13:25:36'),
(371, 1, 2, 122, 1, 20, 127, 1, 2, '\"[3,\\\"N\\\\/A\\\"]\"', 'Deposit', 200, 480, 0, 200, '2026-03-09 13:25:36', NULL, 'Deposit From Check In (Room Key & TV Remote)', NULL, 0, 'AM', 0, '2026-03-09 13:25:36', '2026-03-09 13:25:36'),
(372, 1, 2, 123, 1, 50, 128, 2, 1, '\"[3,\\\"N\\\\/A\\\"]\"', 'Guest Check In', 280, 480, 0, 0, '2026-03-09 13:26:21', NULL, 'Guest Checked In at room #67', NULL, 0, 'AM', 0, '2026-03-09 13:26:21', '2026-03-09 13:26:21'),
(373, 1, 2, 123, 1, 50, 128, 2, 2, '\"[3,\\\"N\\\\/A\\\"]\"', 'Deposit', 200, 480, 0, 200, '2026-03-09 13:26:21', NULL, 'Deposit From Check In (Room Key & TV Remote)', NULL, 0, 'AM', 0, '2026-03-09 13:26:21', '2026-03-09 13:26:21'),
(374, 1, 2, 72, 1, 101, 75, 3, 6, '\"[3,\\\"N\\\\/A\\\"]\"', 'Extension', 112, 112, 0, 0, '2026-03-09 13:27:09', NULL, 'Guest Extension : 6 hours', NULL, 0, 'AM', 0, '2026-03-09 13:26:38', '2026-03-09 13:27:09'),
(375, 1, 2, 124, 1, 6, 129, 1, 1, '\"[3,\\\"N\\\\/A\\\"]\"', 'Guest Check In', 280, 480, 0, 0, '2026-03-09 13:29:12', NULL, 'Guest Checked In at room #6', NULL, 0, 'AM', 0, '2026-03-09 13:29:12', '2026-03-09 13:29:12'),
(376, 1, 2, 124, 1, 6, 129, 1, 2, '\"[3,\\\"N\\\\/A\\\"]\"', 'Deposit', 200, 480, 0, 200, '2026-03-09 13:29:12', NULL, 'Deposit From Check In (Room Key & TV Remote)', NULL, 0, 'AM', 0, '2026-03-09 13:29:12', '2026-03-09 13:29:12'),
(377, 1, 2, 125, 1, 44, 130, 2, 1, '\"[3,\\\"N\\\\/A\\\"]\"', 'Guest Check In', 616, 1000, 184, 0, '2026-03-09 13:36:07', NULL, 'Guest Checked In at room #61', NULL, 0, 'AM', 0, '2026-03-09 13:36:07', '2026-03-09 13:36:07'),
(378, 1, 2, 125, 1, 44, 130, 2, 2, '\"[3,\\\"N\\\\/A\\\"]\"', 'Deposit', 200, 1000, 184, 200, '2026-03-09 13:36:07', NULL, 'Deposit From Check In (Room Key & TV Remote)', NULL, 0, 'AM', 0, '2026-03-09 13:36:07', '2026-03-09 13:36:07'),
(379, 1, 2, 125, 1, 44, 130, 2, 2, '\"[3,\\\"N\\\\/A\\\"]\"', 'Deposit', 184, 1000, 0, 184, '2026-03-09 13:36:07', NULL, 'Deposit From Check In (Excess Amount)', NULL, 0, 'AM', 0, '2026-03-09 13:36:07', '2026-03-09 13:36:07'),
(380, 1, 2, 126, 1, 85, 131, 3, 1, '\"[3,\\\"N\\\\/A\\\"]\"', 'Guest Check In', 280, 480, 0, 0, '2026-03-09 13:36:55', NULL, 'Guest Checked In at room #120', NULL, 0, 'AM', 0, '2026-03-09 13:36:55', '2026-03-09 13:36:55'),
(381, 1, 2, 126, 1, 85, 131, 3, 2, '\"[3,\\\"N\\\\/A\\\"]\"', 'Deposit', 200, 480, 0, 200, '2026-03-09 13:36:55', NULL, 'Deposit From Check In (Room Key & TV Remote)', NULL, 0, 'AM', 0, '2026-03-09 13:36:55', '2026-03-09 13:36:55'),
(382, 1, 2, 121, 1, 34, 125, 1, 2, '\"[3,\\\"N\\\\/A\\\"]\"', 'Deposit', 536, 0, 0, 536, '2026-03-09 13:38:19', NULL, 'Guest Deposit: DEP SA 36', NULL, 0, 'AM', 0, '2026-03-09 13:38:19', '2026-03-09 13:38:19'),
(383, 1, 2, 127, 1, 49, 132, 2, 1, '\"[3,\\\"N\\\\/A\\\"]\"', 'Guest Check In', 280, 480, 0, 0, '2026-03-09 13:43:46', NULL, 'Guest Checked In at room #66', NULL, 0, 'AM', 0, '2026-03-09 13:43:46', '2026-03-09 13:43:46'),
(384, 1, 2, 127, 1, 49, 132, 2, 2, '\"[3,\\\"N\\\\/A\\\"]\"', 'Deposit', 200, 480, 0, 200, '2026-03-09 13:43:46', NULL, 'Deposit From Check In (Room Key & TV Remote)', NULL, 0, 'AM', 0, '2026-03-09 13:43:46', '2026-03-09 13:43:46'),
(385, 1, 2, 128, 1, 83, 134, 2, 1, '\"[3,\\\"N\\\\/A\\\"]\"', 'Guest Check In', 280, 480, 0, 0, '2026-03-09 13:56:28', NULL, 'Guest Checked In at room #100', NULL, 0, 'AM', 0, '2026-03-09 13:56:28', '2026-03-09 13:56:28'),
(386, 1, 2, 128, 1, 83, 134, 2, 2, '\"[3,\\\"N\\\\/A\\\"]\"', 'Deposit', 200, 480, 0, 200, '2026-03-09 13:56:28', NULL, 'Deposit From Check In (Room Key & TV Remote)', NULL, 0, 'AM', 0, '2026-03-09 13:56:28', '2026-03-09 13:56:28'),
(387, 1, 2, 121, 1, 34, 125, 1, 9, '\"[3,\\\"N\\\\/A\\\"]\"', 'Food and Beverages', 55, 55, 0, 0, '2026-03-09 14:10:41', NULL, 'Guest Added Food and Beverages: (Front Desk) (1) CALI', NULL, 0, 'AM', 0, '2026-03-09 14:09:53', '2026-03-09 14:10:41'),
(388, 1, 2, 121, 1, 34, 125, 1, 5, '\"[3,\\\"N\\\\/A\\\"]\"', 'Cashout', 55, 55, 0, 0, '2026-03-09 14:10:41', NULL, 'Cashout from paying deposit (Food and Beverages)', NULL, 0, 'AM', 0, '2026-03-09 14:10:41', '2026-03-09 14:10:41'),
(389, 1, 2, 46, 1, 45, 47, 2, 5, '\"[3,\\\"N\\\\/A\\\"]\"', 'Cashout', 130, 0, 0, 130, '2026-03-09 14:19:05', NULL, 'Guest Deduction of Deposit: ₱130 deducted.', NULL, 0, 'AM', 0, '2026-03-09 14:19:05', '2026-03-09 14:19:05'),
(390, 1, 2, 46, 1, 45, 47, 2, 9, '\"[3,\\\"N\\\\/A\\\"]\"', 'Food and Beverages', 55, 0, 0, 0, NULL, NULL, 'Guest Added Food and Beverages: (Front Desk) (1) MINUTE MAID', NULL, 0, 'AM', 0, '2026-03-09 14:19:44', '2026-03-09 14:19:44'),
(391, 1, 2, 129, 1, 88, 135, 3, 1, '\"[3,\\\"N\\\\/A\\\"]\"', 'Guest Check In', 560, 760, 0, 0, '2026-03-09 14:21:18', NULL, 'Guest Checked In at room #123', NULL, 0, 'AM', 0, '2026-03-09 14:21:18', '2026-03-09 14:21:18'),
(392, 1, 2, 129, 1, 88, 135, 3, 2, '\"[3,\\\"N\\\\/A\\\"]\"', 'Deposit', 200, 760, 0, 200, '2026-03-09 14:21:18', NULL, 'Deposit From Check In (Room Key & TV Remote)', NULL, 0, 'AM', 0, '2026-03-09 14:21:18', '2026-03-09 14:21:18'),
(393, 1, 2, 130, 1, 115, 136, 3, 1, '\"[3,\\\"N\\\\/A\\\"]\"', 'Guest Check In', 280, 480, 0, 0, '2026-03-09 14:22:42', NULL, 'Guest Checked In at room #160', NULL, 0, 'AM', 0, '2026-03-09 14:22:42', '2026-03-09 14:22:42'),
(394, 1, 2, 130, 1, 115, 136, 3, 2, '\"[3,\\\"N\\\\/A\\\"]\"', 'Deposit', 200, 480, 0, 200, '2026-03-09 14:22:42', NULL, 'Deposit From Check In (Room Key & TV Remote)', NULL, 0, 'AM', 0, '2026-03-09 14:22:42', '2026-03-09 14:22:42'),
(395, 1, 2, 131, 1, 127, 138, 3, 1, '\"[3,\\\"N\\\\/A\\\"]\"', 'Guest Check In', 224, 424, 0, 0, '2026-03-09 14:27:05', NULL, 'Guest Checked In at room #3A', NULL, 0, 'AM', 0, '2026-03-09 14:27:05', '2026-03-09 14:27:05'),
(396, 1, 2, 131, 1, 127, 138, 3, 2, '\"[3,\\\"N\\\\/A\\\"]\"', 'Deposit', 200, 424, 0, 200, '2026-03-09 14:27:05', NULL, 'Deposit From Check In (Room Key & TV Remote)', NULL, 0, 'AM', 0, '2026-03-09 14:27:05', '2026-03-09 14:27:05'),
(397, 1, 2, 132, 1, 178, 139, 4, 1, '\"[3,\\\"N\\\\/A\\\"]\"', 'Guest Check In', 224, 424, 0, 0, '2026-03-09 14:28:26', NULL, 'Guest Checked In at room #4C', NULL, 0, 'AM', 0, '2026-03-09 14:28:26', '2026-03-09 14:28:26'),
(398, 1, 2, 132, 1, 178, 139, 4, 2, '\"[3,\\\"N\\\\/A\\\"]\"', 'Deposit', 200, 424, 0, 200, '2026-03-09 14:28:26', NULL, 'Deposit From Check In (Room Key & TV Remote)', NULL, 0, 'AM', 0, '2026-03-09 14:28:26', '2026-03-09 14:28:26'),
(399, 1, 2, 133, 1, 103, 137, 3, 1, '\"[3,\\\"N\\\\/A\\\"]\"', 'Guest Check In', 392, 592, 0, 0, '2026-03-09 14:33:09', NULL, 'Guest Checked In at room #138', NULL, 0, 'AM', 0, '2026-03-09 14:33:09', '2026-03-09 14:33:09'),
(400, 1, 2, 133, 1, 103, 137, 3, 2, '\"[3,\\\"N\\\\/A\\\"]\"', 'Deposit', 200, 592, 0, 200, '2026-03-09 14:33:09', NULL, 'Deposit From Check In (Room Key & TV Remote)', NULL, 0, 'AM', 0, '2026-03-09 14:33:09', '2026-03-09 14:33:09'),
(401, 1, 2, 134, 1, 11, 140, 1, 1, '\"[3,\\\"N\\\\/A\\\"]\"', 'Guest Check In', 672, 1000, 128, 0, '2026-03-09 14:36:49', NULL, 'Guest Checked In at room #11', NULL, 0, 'AM', 0, '2026-03-09 14:36:49', '2026-03-09 14:36:49'),
(402, 1, 2, 134, 1, 11, 140, 1, 2, '\"[3,\\\"N\\\\/A\\\"]\"', 'Deposit', 200, 1000, 128, 200, '2026-03-09 14:36:49', NULL, 'Deposit From Check In (Room Key & TV Remote)', NULL, 0, 'AM', 0, '2026-03-09 14:36:49', '2026-03-09 14:36:49'),
(403, 1, 2, 134, 1, 11, 140, 1, 2, '\"[3,\\\"N\\\\/A\\\"]\"', 'Deposit', 128, 1000, 0, 128, '2026-03-09 14:36:49', NULL, 'Deposit From Check In (Excess Amount)', NULL, 0, 'AM', 0, '2026-03-09 14:36:49', '2026-03-09 14:36:49'),
(404, 1, 2, 135, 1, 16, 141, 1, 1, '\"[3,\\\"N\\\\/A\\\"]\"', 'Guest Check In', 280, 480, 0, 0, '2026-03-09 14:37:45', NULL, 'Guest Checked In at room #17', NULL, 0, 'AM', 0, '2026-03-09 14:37:45', '2026-03-09 14:37:45'),
(405, 1, 2, 135, 1, 16, 141, 1, 2, '\"[3,\\\"N\\\\/A\\\"]\"', 'Deposit', 200, 480, 0, 200, '2026-03-09 14:37:45', NULL, 'Deposit From Check In (Room Key & TV Remote)', NULL, 0, 'AM', 0, '2026-03-09 14:37:45', '2026-03-09 14:37:45'),
(406, 1, 2, 136, 1, 55, 143, 2, 1, '\"[3,\\\"N\\\\/A\\\"]\"', 'Guest Check In', 280, 480, 0, 0, '2026-03-09 14:43:33', NULL, 'Guest Checked In at room #72', NULL, 0, 'AM', 0, '2026-03-09 14:43:33', '2026-03-09 14:43:33'),
(407, 1, 2, 136, 1, 55, 143, 2, 2, '\"[3,\\\"N\\\\/A\\\"]\"', 'Deposit', 200, 480, 0, 200, '2026-03-09 14:43:33', NULL, 'Deposit From Check In (Room Key & TV Remote)', NULL, 0, 'AM', 0, '2026-03-09 14:43:33', '2026-03-09 14:43:33'),
(408, 1, 2, 137, 1, 95, 144, 3, 1, '\"[3,\\\"N\\\\/A\\\"]\"', 'Guest Check In', 448, 648, 0, 0, '2026-03-09 14:50:46', NULL, 'Guest Checked In at room #130', NULL, 0, 'AM', 0, '2026-03-09 14:50:46', '2026-03-09 14:50:46'),
(409, 1, 2, 137, 1, 95, 144, 3, 2, '\"[3,\\\"N\\\\/A\\\"]\"', 'Deposit', 200, 648, 0, 200, '2026-03-09 14:50:46', NULL, 'Deposit From Check In (Room Key & TV Remote)', NULL, 0, 'AM', 0, '2026-03-09 14:50:46', '2026-03-09 14:50:46'),
(410, 1, 2, 138, 1, 4, 145, 1, 1, '\"[3,\\\"N\\\\/A\\\"]\"', 'Guest Check In', 336, 1000, 464, 0, '2026-03-09 14:51:55', NULL, 'Guest Checked In at room #4', NULL, 0, 'AM', 0, '2026-03-09 14:51:55', '2026-03-09 14:51:55'),
(411, 1, 2, 138, 1, 4, 145, 1, 2, '\"[3,\\\"N\\\\/A\\\"]\"', 'Deposit', 200, 1000, 464, 200, '2026-03-09 14:51:55', NULL, 'Deposit From Check In (Room Key & TV Remote)', NULL, 0, 'AM', 0, '2026-03-09 14:51:55', '2026-03-09 14:51:55'),
(412, 1, 2, 138, 1, 4, 145, 1, 2, '\"[3,\\\"N\\\\/A\\\"]\"', 'Deposit', 464, 1000, 0, 464, '2026-03-09 14:51:55', NULL, 'Deposit From Check In (Excess Amount)', NULL, 0, 'AM', 0, '2026-03-09 14:51:55', '2026-03-09 14:51:55'),
(413, 1, 2, 139, 1, 162, 146, 4, 1, '\"[3,\\\"N\\\\/A\\\"]\"', 'Guest Check In', 280, 480, 0, 0, '2026-03-09 14:59:01', NULL, 'Guest Checked In at room #229', NULL, 0, 'AM', 0, '2026-03-09 14:59:01', '2026-03-09 14:59:01'),
(414, 1, 2, 139, 1, 162, 146, 4, 2, '\"[3,\\\"N\\\\/A\\\"]\"', 'Deposit', 200, 480, 0, 200, '2026-03-09 14:59:01', NULL, 'Deposit From Check In (Room Key & TV Remote)', NULL, 0, 'AM', 0, '2026-03-09 14:59:01', '2026-03-09 14:59:01'),
(415, 1, 2, 140, 1, 149, 147, 4, 1, '\"[3,\\\"N\\\\/A\\\"]\"', 'Guest Check In', 280, 480, 0, 0, '2026-03-09 14:59:47', NULL, 'Guest Checked In at room #216', NULL, 0, 'AM', 0, '2026-03-09 14:59:47', '2026-03-09 14:59:47'),
(416, 1, 2, 140, 1, 149, 147, 4, 2, '\"[3,\\\"N\\\\/A\\\"]\"', 'Deposit', 200, 480, 0, 200, '2026-03-09 14:59:47', NULL, 'Deposit From Check In (Room Key & TV Remote)', NULL, 0, 'AM', 0, '2026-03-09 14:59:47', '2026-03-09 14:59:47'),
(417, 1, 2, 99, 1, 143, 104, 4, 6, '\"[3,\\\"N\\\\/A\\\"]\"', 'Extension', 112, 150, 38, 38, '2026-03-09 15:01:15', NULL, 'Guest Extension : 6 hours', NULL, 0, 'AM', 0, '2026-03-09 15:01:07', '2026-03-09 15:01:15'),
(418, 1, 2, 99, 1, 143, 104, 4, 2, '\"[3,\\\"N\\\\/A\\\"]\"', 'Deposit', 38, 0, 0, 38, '2026-03-09 15:02:50', NULL, 'Guest Deposit: 150 CASH FOR EXTENSION', NULL, 0, 'AM', 0, '2026-03-09 15:02:50', '2026-03-09 15:02:50'),
(419, 1, 2, 5, 1, 167, 5, 4, 6, '\"[3,\\\"N\\\\/A\\\"]\"', 'Extension', 112, 112, 0, 0, '2026-03-09 15:03:49', NULL, 'Guest Extension : 6 hours', NULL, 0, 'AM', 0, '2026-03-09 15:03:37', '2026-03-09 15:03:49'),
(420, 1, 2, 78, 1, 206, 81, 5, 5, '\"[3,\\\"N\\\\/A\\\"]\"', 'Cashout', 8, 0, 0, 8, '2026-03-09 15:05:45', NULL, 'Guest Deduction of Deposit: ₱8 deducted.', NULL, 0, 'AM', 0, '2026-03-09 15:05:45', '2026-03-09 15:05:45'),
(421, 1, 2, 141, 1, 26, 148, 1, 1, '\"[3,\\\"N\\\\/A\\\"]\"', 'Guest Check In', 616, 1000, 184, 0, '2026-03-09 15:10:07', NULL, 'Guest Checked In at room #27', NULL, 0, 'AM', 0, '2026-03-09 15:10:07', '2026-03-09 15:10:07'),
(422, 1, 2, 141, 1, 26, 148, 1, 2, '\"[3,\\\"N\\\\/A\\\"]\"', 'Deposit', 200, 1000, 184, 200, '2026-03-09 15:10:07', NULL, 'Deposit From Check In (Room Key & TV Remote)', NULL, 0, 'AM', 0, '2026-03-09 15:10:07', '2026-03-09 15:10:07'),
(423, 1, 2, 141, 1, 26, 148, 1, 2, '\"[3,\\\"N\\\\/A\\\"]\"', 'Deposit', 184, 1000, 0, 184, '2026-03-09 15:10:07', NULL, 'Deposit From Check In (Excess Amount)', NULL, 0, 'AM', 0, '2026-03-09 15:10:07', '2026-03-09 15:10:07'),
(424, 1, 2, 142, 1, 174, 149, 4, 1, '\"[3,\\\"N\\\\/A\\\"]\"', 'Guest Check In', 616, 1000, 184, 0, '2026-03-09 15:11:33', NULL, 'Guest Checked In at room #251', NULL, 0, 'AM', 0, '2026-03-09 15:11:33', '2026-03-09 15:11:33'),
(425, 1, 2, 142, 1, 174, 149, 4, 2, '\"[3,\\\"N\\\\/A\\\"]\"', 'Deposit', 200, 1000, 184, 200, '2026-03-09 15:11:33', NULL, 'Deposit From Check In (Room Key & TV Remote)', NULL, 0, 'AM', 0, '2026-03-09 15:11:33', '2026-03-09 15:11:33'),
(426, 1, 2, 142, 1, 174, 149, 4, 2, '\"[3,\\\"N\\\\/A\\\"]\"', 'Deposit', 184, 1000, 0, 184, '2026-03-09 15:11:33', NULL, 'Deposit From Check In (Excess Amount)', NULL, 0, 'AM', 0, '2026-03-09 15:11:33', '2026-03-09 15:11:33'),
(427, 1, 2, 143, 1, 185, 150, 5, 1, '\"[3,\\\"N\\\\/A\\\"]\"', 'Guest Check In', 280, 480, 0, 0, '2026-03-09 15:17:29', NULL, 'Guest Checked In at room #255', NULL, 0, 'AM', 0, '2026-03-09 15:17:29', '2026-03-09 15:17:29'),
(428, 1, 2, 143, 1, 185, 150, 5, 2, '\"[3,\\\"N\\\\/A\\\"]\"', 'Deposit', 200, 480, 0, 200, '2026-03-09 15:17:29', NULL, 'Deposit From Check In (Room Key & TV Remote)', NULL, 0, 'AM', 0, '2026-03-09 15:17:29', '2026-03-09 15:17:29'),
(429, 1, 2, 14, 1, 121, 13, 3, 6, '\"[3,\\\"N\\\\/A\\\"]\"', 'Extension', 616, 0, 0, 0, NULL, NULL, 'Guest Extension : 24 hours', NULL, 0, 'AM', 0, '2026-03-09 15:24:47', '2026-03-09 15:24:47'),
(430, 1, 2, 118, 1, 84, 123, 2, 4, '\"[3,\\\"N\\\\/A\\\"]\"', 'Damage Charges', 50, 50, 0, 0, '2026-03-09 15:28:36', NULL, 'Guest Charged for Damage: (1) BLOOD STAIN SMALL', NULL, 0, 'AM', 0, '2026-03-09 15:28:29', '2026-03-09 15:28:36'),
(431, 1, 2, 144, 1, 93, 152, 3, 1, '\"[3,\\\"N\\\\/A\\\"]\"', 'Guest Check In', 280, 480, 0, 0, '2026-03-09 15:32:52', NULL, 'Guest Checked In at room #128', NULL, 0, 'AM', 0, '2026-03-09 15:32:52', '2026-03-09 15:32:52'),
(432, 1, 2, 144, 1, 93, 152, 3, 2, '\"[3,\\\"N\\\\/A\\\"]\"', 'Deposit', 200, 480, 0, 200, '2026-03-09 15:32:52', NULL, 'Deposit From Check In (Room Key & TV Remote)', NULL, 0, 'AM', 0, '2026-03-09 15:32:52', '2026-03-09 15:32:52'),
(433, 1, 2, 145, 1, 24, 151, 1, 1, '\"[3,\\\"N\\\\/A\\\"]\"', 'Guest Check In', 616, 816, 0, 0, '2026-03-09 15:40:15', NULL, 'Guest Checked In at room #25', NULL, 0, 'AM', 0, '2026-03-09 15:40:15', '2026-03-09 15:40:15'),
(434, 1, 2, 145, 1, 24, 151, 1, 2, '\"[3,\\\"N\\\\/A\\\"]\"', 'Deposit', 200, 816, 0, 200, '2026-03-09 15:40:15', NULL, 'Deposit From Check In (Room Key & TV Remote)', NULL, 0, 'AM', 0, '2026-03-09 15:40:15', '2026-03-09 15:40:15'),
(435, 1, 2, 146, 1, 46, 153, 2, 1, '\"[3,\\\"N\\\\/A\\\"]\"', 'Guest Check In', 560, 760, 0, 0, '2026-03-09 15:49:20', NULL, 'Guest Checked In at room #63', NULL, 0, 'AM', 0, '2026-03-09 15:49:20', '2026-03-09 15:49:20'),
(436, 1, 2, 146, 1, 46, 153, 2, 2, '\"[3,\\\"N\\\\/A\\\"]\"', 'Deposit', 200, 760, 0, 200, '2026-03-09 15:49:20', NULL, 'Deposit From Check In (Room Key & TV Remote)', NULL, 0, 'AM', 0, '2026-03-09 15:49:20', '2026-03-09 15:49:20'),
(437, 1, 2, 147, 1, 47, 154, 2, 1, '\"[3,\\\"N\\\\/A\\\"]\"', 'Guest Check In', 616, 616, 0, 0, '2026-03-09 16:00:26', NULL, 'Guest Checked In at room #282', NULL, 0, 'AM', 0, '2026-03-09 15:53:04', '2026-03-09 16:00:26'),
(438, 1, 2, 147, 1, 47, 154, 2, 2, '\"[3,\\\"N\\\\/A\\\"]\"', 'Deposit', 200, 760, 0, 200, '2026-03-09 15:53:04', NULL, 'Deposit From Check In (Room Key & TV Remote)', NULL, 0, 'AM', 0, '2026-03-09 15:53:04', '2026-03-09 15:53:04'),
(439, 1, 2, 147, 1, 212, 154, 5, 7, '\"[3,\\\"N\\\\/A\\\"]\"', 'Room Transfer', 0, 0, 0, 0, '2026-03-09 00:00:00', NULL, 'Guest Transfered from Room #64 (Single size Bed) to Room #282 ( Double size Bed) - Reason: window side', 4, 0, 'AM', 0, '2026-03-09 16:00:26', '2026-03-09 16:00:26'),
(440, 1, 2, 148, 1, 92, 155, 3, 1, '\"[3,\\\"N\\\\/A\\\"]\"', 'Guest Check In', 616, 816, 0, 0, '2026-03-09 16:02:05', NULL, 'Guest Checked In at room #127', NULL, 0, 'AM', 0, '2026-03-09 16:02:05', '2026-03-09 16:02:05'),
(441, 1, 2, 148, 1, 92, 155, 3, 2, '\"[3,\\\"N\\\\/A\\\"]\"', 'Deposit', 200, 816, 0, 200, '2026-03-09 16:02:05', NULL, 'Deposit From Check In (Room Key & TV Remote)', NULL, 0, 'AM', 0, '2026-03-09 16:02:05', '2026-03-09 16:02:05');

INSERT INTO `transfer_reasons` (`id`, `branch_id`, `reason`, `created_at`, `updated_at`) VALUES
(1, 1, 'LEAKING', '2026-03-08 23:23:27', '2026-03-08 23:23:27');
INSERT INTO `transfer_reasons` (`id`, `branch_id`, `reason`, `created_at`, `updated_at`) VALUES
(2, 1, 'small room', '2026-03-09 00:25:35', '2026-03-09 00:25:35');
INSERT INTO `transfer_reasons` (`id`, `branch_id`, `reason`, `created_at`, `updated_at`) VALUES
(3, 1, 'Big Space', '2026-03-09 00:25:52', '2026-03-09 00:25:52');
INSERT INTO `transfer_reasons` (`id`, `branch_id`, `reason`, `created_at`, `updated_at`) VALUES
(4, 1, 'window side', '2026-03-09 00:26:18', '2026-03-09 00:26:18'),
(5, 1, 'wiith table', '2026-03-09 00:26:33', '2026-03-09 00:26:33'),
(6, 1, 'nagasingaw(baho)', '2026-03-09 00:29:37', '2026-03-09 00:29:37'),
(7, 1, 'barado bowl', '2026-03-09 00:29:51', '2026-03-09 00:29:51'),
(8, 1, 'No water', '2026-03-09 00:30:02', '2026-03-09 00:30:02'),
(9, 1, 'Not Comfortable', '2026-03-09 00:30:50', '2026-03-09 00:30:50');

INSERT INTO `transfered_guest_reports` (`id`, `checkin_detail_id`, `previous_room_id`, `new_room_id`, `rate_id`, `previous_amount`, `new_amount`, `original_check_in_time`, `created_at`, `updated_at`) VALUES
(1, 42, 108, 96, 5, '392.00', '392.00', '2026-03-08 22:37:28', '2026-03-08 23:30:14', '2026-03-08 23:30:14');
INSERT INTO `transfered_guest_reports` (`id`, `checkin_detail_id`, `previous_room_id`, `new_room_id`, `rate_id`, `previous_amount`, `new_amount`, `original_check_in_time`, `created_at`, `updated_at`) VALUES
(2, 27, 13, 27, 6, '616.00', '616.00', '2026-03-08 21:33:18', '2026-03-08 23:46:56', '2026-03-08 23:46:56');
INSERT INTO `transfered_guest_reports` (`id`, `checkin_detail_id`, `previous_room_id`, `new_room_id`, `rate_id`, `previous_amount`, `new_amount`, `original_check_in_time`, `created_at`, `updated_at`) VALUES
(3, 69, 2, 202, 4, '280.00', '280.00', '2026-03-09 01:11:20', '2026-03-09 01:19:28', '2026-03-09 01:19:28');
INSERT INTO `transfered_guest_reports` (`id`, `checkin_detail_id`, `previous_room_id`, `new_room_id`, `rate_id`, `previous_amount`, `new_amount`, `original_check_in_time`, `created_at`, `updated_at`) VALUES
(4, 72, 224, 101, 4, '280.00', '280.00', '2026-03-09 01:44:43', '2026-03-09 01:51:51', '2026-03-09 01:51:51'),
(5, 92, 44, 163, 6, '616.00', '616.00', '2026-03-09 07:09:20', '2026-03-09 07:39:34', '2026-03-09 07:39:34'),
(6, 101, 175, 65, 4, '280.00', '280.00', '2026-03-09 10:00:48', '2026-03-09 11:02:14', '2026-03-09 11:02:14'),
(7, 109, 120, 28, 4, '280.00', '280.00', '2026-03-09 12:03:23', '2026-03-09 12:07:20', '2026-03-09 12:07:20'),
(8, 119, 62, 30, 6, '616.00', '616.00', '2026-03-09 13:19:06', '2026-03-09 13:20:39', '2026-03-09 13:20:39'),
(9, 120, 61, 29, 6, '616.00', '616.00', '2026-03-09 13:21:55', '2026-03-09 13:22:52', '2026-03-09 13:22:52'),
(10, 147, 47, 212, 3, '560.00', '616.00', '2026-03-09 15:53:04', '2026-03-09 16:00:26', '2026-03-09 16:00:26');

INSERT INTO `types` (`id`, `branch_id`, `name`, `description`, `created_at`, `updated_at`) VALUES
(1, 1, 'Single size Bed', NULL, '2026-03-08 20:01:59', '2026-03-08 20:01:59');
INSERT INTO `types` (`id`, `branch_id`, `name`, `description`, `created_at`, `updated_at`) VALUES
(2, 1, ' Double size Bed', NULL, '2026-03-08 20:01:59', '2026-03-08 20:01:59');
INSERT INTO `types` (`id`, `branch_id`, `name`, `description`, `created_at`, `updated_at`) VALUES
(3, 1, 'Twin size Bed', NULL, '2026-03-08 20:01:59', '2026-03-08 20:01:59');



INSERT INTO `users` (`id`, `branch_id`, `cash_drawer_id`, `name`, `email`, `email_verified_at`, `password`, `two_factor_secret`, `two_factor_recovery_codes`, `two_factor_confirmed_at`, `branch_name`, `remember_token`, `current_team_id`, `roomboy_assigned_floor_id`, `roomboy_cleaning_room_id`, `profile_photo_path`, `assigned_frontdesks`, `time_in`, `shift`, `is_active`, `created_at`, `updated_at`) VALUES
(1, 1, NULL, 'Superadmin', 'superadmin@gmail.com', NULL, '$2y$10$yu3pI089mhSasJUAsC/.BuhWnKkgyPbTcTDCVJfjaprzp3yTe.tLq', NULL, NULL, NULL, 'ALMA RESIDENCES GENSAN', NULL, NULL, NULL, NULL, NULL, NULL, NULL, NULL, 1, '2026-03-08 20:01:58', '2026-03-08 20:01:58');
INSERT INTO `users` (`id`, `branch_id`, `cash_drawer_id`, `name`, `email`, `email_verified_at`, `password`, `two_factor_secret`, `two_factor_recovery_codes`, `two_factor_confirmed_at`, `branch_name`, `remember_token`, `current_team_id`, `roomboy_assigned_floor_id`, `roomboy_cleaning_room_id`, `profile_photo_path`, `assigned_frontdesks`, `time_in`, `shift`, `is_active`, `created_at`, `updated_at`) VALUES
(2, 1, NULL, 'Admin', 'admin@gmail.com', NULL, '$2y$10$17E4axWrn1Bob/pV3xzq0OuysG.6ZO30ag/M5b/eS2NfaU4AkK2DK', NULL, NULL, NULL, 'ALMA RESIDENCES GENSAN', NULL, NULL, NULL, NULL, NULL, NULL, NULL, NULL, 1, '2026-03-08 20:01:58', '2026-03-08 20:01:58');
INSERT INTO `users` (`id`, `branch_id`, `cash_drawer_id`, `name`, `email`, `email_verified_at`, `password`, `two_factor_secret`, `two_factor_recovery_codes`, `two_factor_confirmed_at`, `branch_name`, `remember_token`, `current_team_id`, `roomboy_assigned_floor_id`, `roomboy_cleaning_room_id`, `profile_photo_path`, `assigned_frontdesks`, `time_in`, `shift`, `is_active`, `created_at`, `updated_at`) VALUES
(3, 1, NULL, 'Frontdesk', 'frontdesk@gmail.com', NULL, '$2y$10$BHTRJ3poG7h7Gr9fRsNAHO.hn200YI/v1AuKg7itlhHiC3RUcV0iu', NULL, NULL, NULL, 'ALMA RESIDENCES GENSAN', NULL, NULL, NULL, NULL, NULL, NULL, NULL, NULL, 0, '2026-03-08 20:01:58', '2026-03-08 22:10:52');
INSERT INTO `users` (`id`, `branch_id`, `cash_drawer_id`, `name`, `email`, `email_verified_at`, `password`, `two_factor_secret`, `two_factor_recovery_codes`, `two_factor_confirmed_at`, `branch_name`, `remember_token`, `current_team_id`, `roomboy_assigned_floor_id`, `roomboy_cleaning_room_id`, `profile_photo_path`, `assigned_frontdesks`, `time_in`, `shift`, `is_active`, `created_at`, `updated_at`) VALUES
(4, 1, NULL, 'Kiosk', 'kiosk@gmail.com', NULL, '$2y$10$NFaBydRG8ltW8VEUNsVohu5LOO4E69R0Bt5bTx01zr1ilFp9Mric6', NULL, NULL, NULL, 'ALMA RESIDENCES GENSAN', NULL, NULL, NULL, NULL, NULL, NULL, NULL, NULL, 1, '2026-03-08 20:01:59', '2026-03-08 20:01:59'),
(5, 1, NULL, 'Kitchen', 'kitchen@gmail.com', NULL, '$2y$10$3ODhdmD7uO1mXpLYoslAPu2IhqbgYQJcFr1ekRw0uWxdg.UyALS0G', NULL, NULL, NULL, 'ALMA RESIDENCES GENSAN', NULL, NULL, NULL, NULL, NULL, NULL, NULL, NULL, 1, '2026-03-08 20:01:59', '2026-03-08 20:01:59'),
(6, 1, NULL, 'Back Office', 'back-office@gmail.com', NULL, '$2y$10$ZzrsF68vWQSaqJQMhOxVF.wQ/YFZnbKD0EzfUE22IrYOI.7ivGATO', NULL, NULL, NULL, 'ALMA RESIDENCES GENSAN', NULL, NULL, NULL, NULL, NULL, NULL, NULL, NULL, 1, '2026-03-08 20:01:59', '2026-03-08 20:01:59'),
(7, 1, NULL, 'Roomboy', 'roomboy@gmail.com', NULL, '$2y$10$weVHdRFr7U1R0JgYFD0YH.3aSKf/KrcG.A/nws9KgapNNaay6A71C', NULL, NULL, NULL, 'ALMA RESIDENCES GENSAN', NULL, NULL, NULL, NULL, NULL, NULL, NULL, NULL, 1, '2026-03-08 20:01:59', '2026-03-08 20:01:59'),
(8, 1, NULL, 'PUB Kitchen', 'pub-kitchen@gmail.com', NULL, '$2y$10$OHqrbxsbtSO22V1cLVT2befxnLTma4E5oX1roGArc035enktu2A/.', NULL, NULL, NULL, 'ALMA RESIDENCES GENSAN', NULL, NULL, NULL, NULL, NULL, NULL, NULL, NULL, 1, '2026-03-08 20:02:00', '2026-03-08 20:02:00'),
(9, 1, NULL, 'Hannah', 'hannah@gmail.com', NULL, '$2y$10$EyVd.dYo9ufB.RNETYXZ4.UUlHE8GA2s0UWUw3s67mZ5mj3yK65ce', NULL, NULL, NULL, 'ALMA RESIDENCES GENSAN', NULL, NULL, NULL, NULL, NULL, '\"[2,\\\"N\\\\/A\\\"]\"', '2026-03-08 20:03:41', 'PM', 1, '2026-03-08 20:03:25', '2026-03-09 07:27:16'),
(10, 1, NULL, 'GEORGE MENDOZA', 'george@gmail.com', NULL, '$2y$10$WLqUhnBg8xNp5iG/EnVd.OiuLineCuduHB7SHYozKkUtWtCNMgzhG', NULL, NULL, NULL, 'ALMA RESIDENCES GENSAN', NULL, NULL, 2, 169, NULL, NULL, NULL, NULL, 1, '2026-03-08 22:23:09', '2026-03-09 15:50:38'),
(11, 1, NULL, 'LEO ESTILLORE', 'leo@gmail.com', NULL, '$2y$10$.974ol04pwzd4SUrrhWKeuBSpJ0YUdrlw0vHkd4ziYFhi/KV7KHKS', NULL, NULL, NULL, 'ALMA RESIDENCES GENSAN', NULL, NULL, 4, 206, NULL, NULL, NULL, NULL, 1, '2026-03-08 22:27:37', '2026-03-09 15:57:41'),
(12, 1, NULL, 'FRANCISCO', 'pepoy@gmail.com', NULL, '$2y$10$un8x9.X//Xlbiq6fYXba.e2wZulsHhTNwdXEax3vLfka2lq97mHce', NULL, NULL, NULL, 'ALMA RESIDENCES GENSAN', NULL, NULL, 1, NULL, NULL, NULL, NULL, NULL, 1, '2026-03-08 22:30:49', '2026-03-08 22:31:05'),
(13, 1, NULL, 'JOHN KARL', 'karl@gmail.com', NULL, '$2y$10$1bt.Q9oLiZdSAoRxbjk13eO.SNUQOjtr6TiRyoMhvPucZltLySHWa', NULL, NULL, NULL, 'ALMA RESIDENCES GENSAN', NULL, NULL, 1, NULL, NULL, NULL, NULL, NULL, 1, '2026-03-08 22:33:51', '2026-03-09 06:40:30'),
(14, 1, NULL, 'REYMART', 'reymart@gmail.com', NULL, '$2y$10$mbR/M0SnD3zd86jJDmF0K.auooXVNNnck4fMMRCuDOa9moFpDYnku', NULL, NULL, NULL, 'ALMA RESIDENCES GENSAN', NULL, NULL, 3, NULL, NULL, NULL, NULL, NULL, 1, '2026-03-08 22:36:17', '2026-03-09 06:56:18'),
(15, 1, NULL, 'RAMILL MILLADO', 'ramill@gmail.com', NULL, '$2y$10$qG2BoP/BM8koO3iG0tqyUemLgFmefkYRqvSa7slgpMvT56SQhsbsy', NULL, NULL, NULL, 'ALMA RESIDENCES GENSAN', NULL, NULL, 1, NULL, NULL, NULL, NULL, NULL, 1, '2026-03-08 22:39:46', '2026-03-09 14:23:02'),
(16, 1, NULL, 'EDDIE SENAJON', 'eddie@gmail.com', NULL, '$2y$10$r7yg5Bng6zjTuCs8GlDw..bS/5sr9VCmrms0DVqSdisT/kH0XMa4q', NULL, NULL, NULL, 'ALMA RESIDENCES GENSAN', NULL, NULL, 2, NULL, NULL, NULL, NULL, NULL, 1, '2026-03-08 22:41:07', '2026-03-09 13:48:42'),
(17, 1, NULL, 'CHRIS BARAN', 'chris@gmail.com', NULL, '$2y$10$5RkbXzRPEDK.Lpi2PCsEleyg1qgYlgAPE5K8CYJto7YV4ISHDWpQW', NULL, NULL, NULL, 'ALMA RESIDENCES GENSAN', NULL, NULL, 3, NULL, NULL, NULL, NULL, NULL, 1, '2026-03-08 22:42:32', '2026-03-08 22:48:14'),
(18, 1, NULL, 'MOISES TUAZON', 'moises@gmail.com', NULL, '$2y$10$gPKqFv699TOUmvW.cEsx6.Gc7cR5QH0PWOuDywri1iC9khdDle.pW', NULL, NULL, NULL, 'ALMA RESIDENCES GENSAN', NULL, NULL, 4, NULL, NULL, NULL, NULL, NULL, 1, '2026-03-08 22:43:49', '2026-03-09 13:38:06'),
(19, 1, NULL, 'REY SUMIL', 'rey@gmail.com', NULL, '$2y$10$X5dlR4u5oEhEwBtYF3n0X.3hnqJlgoJ.bpA8Gy9ftgZEnDc1qPgIC', NULL, NULL, NULL, 'ALMA RESIDENCES GENSAN', NULL, NULL, 5, NULL, NULL, NULL, NULL, NULL, 1, '2026-03-08 22:46:03', '2026-03-09 13:51:53'),
(20, 1, NULL, 'RICKY MENDEZEBAL', 'ricky@gmail.com', NULL, '$2y$10$yNAD3Rax3cIOJLDcYG3dp.aN26JZtzK3mrJc2i8oTTFDI/pNHDxr2', NULL, NULL, NULL, 'ALMA RESIDENCES GENSAN', NULL, NULL, 1, NULL, NULL, NULL, NULL, NULL, 1, '2026-03-08 22:47:23', '2026-03-09 13:43:34'),
(21, 1, 1, 'JENEATH LECIAS', 'lecias@gmail.com', NULL, '$2y$10$yFkJKSiluaJotvFErH4FeOUWKQHIkHG1oEum4Y4QnfrMtRl7N9d52', NULL, NULL, NULL, 'ALMA RESIDENCES GENSAN', NULL, NULL, NULL, NULL, NULL, '\"[3,\\\"N\\\\/A\\\"]\"', '2026-03-09 07:28:20', 'PM', 1, '2026-03-08 23:07:11', '2026-03-09 07:28:20'),
(22, 1, NULL, 'RUBY GOLD', 'ruby@gmail.com', NULL, '$2y$10$dUgcFHSm7ky4eN6vD4p8be.gOhGj2x3APKczTZ8A3yk/jDuc5TgNW', NULL, NULL, NULL, 'ALMA RESIDENCES GENSAN', NULL, NULL, NULL, NULL, NULL, NULL, NULL, NULL, 1, '2026-03-08 23:08:44', '2026-03-08 23:08:44'),
(23, 1, NULL, 'KATHLEEN DREW', 'kath@gmail.com', NULL, '$2y$10$5wRT27kJx1isZ6e/eWVbje5H1Ene.HOWTOzb8UkBgwy1/QY71/RZW', NULL, NULL, NULL, 'ALMA RESIDENCES GENSAN', NULL, NULL, NULL, NULL, NULL, NULL, NULL, NULL, 1, '2026-03-08 23:10:10', '2026-03-08 23:10:10'),
(24, 1, NULL, 'SEANNE KARYLLE', 'seanne@gmail.com', NULL, '$2y$10$dCqiKDtNjC0bj5.WUu810eklbshYVJX1mVDicrW6YIsOrsjse/iqe', NULL, NULL, NULL, 'ALMA RESIDENCES GENSAN', NULL, NULL, NULL, NULL, NULL, NULL, NULL, NULL, 1, '2026-03-08 23:12:02', '2026-03-08 23:12:02'),
(25, 1, NULL, 'JINKY OBAG', 'jinky@gmail.com', NULL, '$2y$10$vYUgGhJK9gAt9p31uugMfezaJYP7U8s.oealqnq1Wd489sjl99ABq', NULL, NULL, NULL, 'ALMA RESIDENCES GENSAN', NULL, NULL, NULL, NULL, NULL, NULL, NULL, NULL, 1, '2026-03-08 23:13:37', '2026-03-08 23:13:37'),
(26, 1, NULL, 'JIMBOY LOMOCSO', 'jimboy@gmail.com', NULL, '$2y$10$lnvS6CF3idvE30X/7RKhNuDccnJyhDFOqDCTwVFfbL7Fe5DU5TNQK', NULL, NULL, NULL, 'ALMA RESIDENCES GENSAN', NULL, NULL, 1, NULL, NULL, NULL, NULL, NULL, 1, '2026-03-09 14:45:46', '2026-03-09 14:47:12');


/*!40101 SET SQL_MODE=@OLD_SQL_MODE */;
/*!40014 SET FOREIGN_KEY_CHECKS=@OLD_FOREIGN_KEY_CHECKS */;
/*!40014 SET UNIQUE_CHECKS=@OLD_UNIQUE_CHECKS */;
/*!40101 SET CHARACTER_SET_CLIENT=@OLD_CHARACTER_SET_CLIENT */;
/*!40101 SET CHARACTER_SET_RESULTS=@OLD_CHARACTER_SET_RESULTS */;
/*!40101 SET COLLATION_CONNECTION=@OLD_COLLATION_CONNECTION */;
/*!40111 SET SQL_NOTES=@OLD_SQL_NOTES */;